;Formula;Format;Comments;Code;Summary;"DCA Formula";"Use Workflow";"Storage Format";"Referenced By";"Cell Count";"Size (GB)";"Clean Cells";Id;AutoCalculation;"Last Update";"Obfuscation Formula";"Stable View Formula";"User View Formula";"Error Comment"
"Access Levels";;;;;;;;;;0;0;;101000000003;;;;;;
Users;;;;;;;;;;335;1.6223639249802E-6;;101000000002;;;;;;
Роль;;"{""dataType"":""ENTITY"",""hierarchyEntityLongId"":101000000001,""horizontalAlign"":""LEFT"",""verticalAlign"":""CENTER"",""selectiveAccessApplied"":false,""dependentApplied"":false,""dependentEntityLongId"":null,""dimensionContext"":false,""filterType"":""NONE""}";;;None;;true;"{""storageType"":""PLANAR"",""recalculateAll"":true}";;67;4.991888999939E-7;;129000000877;true;;;;;
item;ITEM('Users');"{""dataType"":""ENTITY"",""hierarchyEntityLongId"":101000000002,""horizontalAlign"":""LEFT"",""verticalAlign"":""CENTER"",""selectiveAccessApplied"":false,""dependentApplied"":false,""dependentEntityLongId"":null,""dimensionContext"":false}";;;None;;true;"{""storageType"":""PLANAR"",""recalculateAll"":true}";name;67;4.991888999939E-7;;129000000233;true;;;ITEM('101000000002');ITEM('Users');
name;NAME('item');"{""dataType"":""TEXT"",""textType"":""GENERAL"",""maxLength"":0,""lineBreak"":true,""wordWrap"":false,""ignoreTextIndent"":false,""horizontalAlign"":""LEFT"",""verticalAlign"":""TOP""}";;;None;;true;"{""storageType"":""PLANAR"",""recalculateAll"":true}";'users1';67;0;;129000000234;true;;;NAME('129000000233');NAME('item');
users1;"FINDITEM('Users1', 'name')";"{""dataType"":""ENTITY"",""hierarchyEntityLongId"":101000000055,""horizontalAlign"":""LEFT"",""verticalAlign"":""CENTER"",""selectiveAccessApplied"":false,""dependentApplied"":false,""dependentEntityLongId"":null,""dimensionContext"":false}";;;None;;true;"{""storageType"":""PLANAR"",""recalculateAll"":true}";;67;4.991888999939E-7;;129000000235;true;;;"FINDITEM('101000000055', '129000000234')";"FINDITEM('Users1', 'name')";
"Есть доступ к детализации";;"{""dataType"":""BOOLEAN"",""horizontalAlign"":""CENTER"",""verticalAlign"":""CENTER""}";;;None;;true;"{""storageType"":""PLANAR"",""recalculateAll"":true}";;67;1.2479722499847E-7;;129000000232;true;;;;;
Roles;;;;;;;;;;0;0;;101000000001;;;;;;
Users1;;;;;;;;;;51;3.7997961044312E-7;;101000000055;;;;;;
item;;"{""dataType"":""NUMBER"",""minimumSignificantDigits"":-1,""decimalPlaces"":0,""decimalSeparator"":""FULL_STOP"",""groupingSeparator"":""SPACE"",""negativeNumberNotation"":""MINUS_SIGN"",""zeroFormat"":""ZERO"",""unitsType"":""NONE"",""unitsDisplayType"":""NONE"",""currencyCode"":null,""customUnits"":null,""comparisonIncrease"":""GOOD"",""nanApplied"":false,""nanDisplayValue"":""NaN""}";;;None;;true;"{""storageType"":""PLANAR"",""recalculateAll"":true}";;17;1.2665987014771E-7;;129000000236;true;;;;;
name;;"{""dataType"":""NUMBER"",""minimumSignificantDigits"":-1,""decimalPlaces"":0,""decimalSeparator"":""FULL_STOP"",""groupingSeparator"":""SPACE"",""negativeNumberNotation"":""MINUS_SIGN"",""zeroFormat"":""ZERO"",""unitsType"":""NONE"",""unitsDisplayType"":""NONE"",""currencyCode"":null,""customUnits"":null,""comparisonIncrease"":""GOOD"",""nanApplied"":false,""nanDisplayValue"":""NaN""}";;;None;;true;"{""storageType"":""PLANAR"",""recalculateAll"":true}";;17;1.2665987014771E-7;;129000000237;true;;;;;
user;;"{""dataType"":""NUMBER"",""minimumSignificantDigits"":-1,""decimalPlaces"":0,""decimalSeparator"":""FULL_STOP"",""groupingSeparator"":""SPACE"",""negativeNumberNotation"":""MINUS_SIGN"",""zeroFormat"":""ZERO"",""unitsType"":""NONE"",""unitsDisplayType"":""NONE"",""currencyCode"":null,""customUnits"":null,""comparisonIncrease"":""GOOD"",""nanApplied"":false,""nanDisplayValue"":""NaN""}";;;None;;true;"{""storageType"":""PLANAR"",""recalculateAll"":true}";;17;1.2665987014771E-7;;129000000238;true;;;;;
"L Проект ЦФО";;;МДП;;;;;;;90;3.0733644962311E-7;;101000000038;;;;;;
item;"ITEM('L Проект ЦФО')";"{""dataType"":""ENTITY"",""hierarchyEntityLongId"":101000000038,""horizontalAlign"":""LEFT"",""verticalAlign"":""CENTER"",""selectiveAccessApplied"":false,""dependentApplied"":false,""dependentEntityLongId"":null,""dimensionContext"":false}";;;None;;true;"{""storageType"":""PLANAR"",""recalculateAll"":true}";"name, 'Расходы по ЦФО OPEX ручной ввод (Проекты)'.'x проект'";15;1.1175870895386E-7;;129000000124;true;;;ITEM('101000000038');"ITEM('L Проект ЦФО')";
name;NAME('item');"{""dataType"":""TEXT"",""textType"":""GENERAL"",""maxLength"":0,""lineBreak"":true,""wordWrap"":false,""ignoreTextIndent"":false,""horizontalAlign"":""LEFT"",""verticalAlign"":""TOP""}";;;None;;true;"{""storageType"":""PLANAR"",""recalculateAll"":true}";;15;0;;129000000241;true;;;NAME('129000000124');NAME('item');
"Не брать напрямую с Opex в 15";;"{""dataType"":""BOOLEAN"",""horizontalAlign"":""CENTER"",""verticalAlign"":""CENTER""}";;;None;;true;"{""storageType"":""PLANAR"",""recalculateAll"":true}";;15;2.7939677238464E-8;;129000000127;true;;;;;
"Прочие прямые?";;"{""dataType"":""BOOLEAN"",""horizontalAlign"":""CENTER"",""verticalAlign"":""CENTER""}";;;None;;true;"{""storageType"":""PLANAR"",""recalculateAll"":true}";"'Импорт Расходы ЦСП (корректировки)'.'Указан спецпроект?'";15;2.7939677238464E-8;;129000000413;true;;;;;
"Проект 1С УХ";;"{""dataType"":""ENTITY"",""hierarchyEntityLongId"":101000000082,""horizontalAlign"":""LEFT"",""verticalAlign"":""CENTER"",""selectiveAccessApplied"":false,""dependentApplied"":false,""dependentEntityLongId"":null,""dimensionContext"":false,""filterType"":""NONE""}";;;None;;true;"{""storageType"":""PLANAR"",""recalculateAll"":true}";"'Импорт Расходы ЦСП (корректировки)'.'Проект Итог'";15;1.1175870895386E-7;;129000000641;true;;;;;
Сименс;;"{""dataType"":""BOOLEAN"",""horizontalAlign"":""CENTER"",""verticalAlign"":""CENTER""}";;;None;;true;"{""storageType"":""PLANAR"",""recalculateAll"":true}";;15;2.7939677238464E-8;;129000000125;true;;;;;
"L Версии";;;МДП;;;;;;;130;3.3900141716003E-7;;101000000053;;;;;;
"До РеБП25";;"{""dataType"":""BOOLEAN"",""horizontalAlign"":""CENTER"",""verticalAlign"":""CENTER""}";;;None;;true;"{""storageType"":""PLANAR"",""recalculateAll"":true}";"'Сделки помесячно по ЦК'.'Себестоимость из воронки CF'";13;2.4214386940002E-8;;129000000719;true;;;;;
item;"ITEM('L Версии')";"{""dataType"":""ENTITY"",""hierarchyEntityLongId"":101000000053,""horizontalAlign"":""LEFT"",""verticalAlign"":""CENTER"",""selectiveAccessApplied"":false,""dependentApplied"":false,""dependentEntityLongId"":null,""dimensionContext"":false}";;;None;;true;"{""storageType"":""PLANAR"",""recalculateAll"":true}";"Name, 'Текущая?', 'Исходные данные CRM'.Версия, 'План расходов ТД'.Версия, 'M05.02.08 REPORT Детализация PL с версиями'.'Фильтр выгрузки в DWH', 'M05.03.05 REPORT Детализация CF с версиями'.'Фильтр выгрузки в DWH', 'Импорт HR PL'.'Выгрузка версия', 'Импорт HR CF'.'Версия Export', 'M96.01 Архивация данных PL'.Версия, 'M96.02 Архивация данных CF'.version, 'ML01.03.05 Versions Month Control'.'Версия в периоде', 'ЦСПРаспределение АХО по блокам PL'.Версия, 'ЦСПРаспределение АХО по блокам PL (направления)'.Версия, 'M05.02.10 REPORT PL МСФО/РСБУ по БЕ'.'export_filter', 'МК Аллокация HR и ТД'.'Dim Версия'";13;9.685754776001E-8;;129000000197;true;;;ITEM('101000000053');"ITEM('L Версии')";
Name;NAME('item');"{""dataType"":""TEXT"",""textType"":""GENERAL"",""maxLength"":0,""lineBreak"":true,""wordWrap"":false,""ignoreTextIndent"":false,""horizontalAlign"":""LEFT"",""verticalAlign"":""TOP""}";;;None;;true;"{""storageType"":""PLANAR"",""recalculateAll"":true}";"'M05.02.08 REPORT Детализация PL с версиями'.'custom_key', 'M05.03.05 REPORT Детализация CF с версиями'.'custom_key'";13;0;;129000000196;true;;;NAME('129000000197');NAME('item');
"Display Name";"'ML01.03.03 Versions'.'Отображаемое имя'";"{""dataType"":""TEXT"",""textType"":""GENERAL"",""maxLength"":0,""lineBreak"":true,""wordWrap"":false,""ignoreTextIndent"":false,""horizontalAlign"":""LEFT"",""verticalAlign"":""TOP""}";;;None;;true;"{""storageType"":""PLANAR"",""recalculateAll"":true}";;13;0;;129000000187;true;;;'379000001492';"'ML01.03.03 Versions'.'Отображаемое имя'";
"Новая логика расчета";;"{""dataType"":""BOOLEAN"",""horizontalAlign"":""CENTER"",""verticalAlign"":""CENTER""}";;;None;;true;"{""storageType"":""PLANAR"",""recalculateAll"":true}";"'M05.02.01 REPORT PL по Доменам'.'НОВЫЙ Первичный расчет суммы', 'M05.02.01 REPORT PL по Доменам'.'Факт по капитализации', 'M05.03.01 REPORT CF по Доменам'.'Предварительный расчет (новый)', 'M05.02.04 REPORT PL по МВЗ'.'Факт по капитализации', 'M05.02.04 REPORT PL по МВЗ'.'НОВЫЙ Первичный расчет суммы', 'M05.02.03 REPORT PL по направлениям'.'НОВЫЙ Первичный расчет суммы new', 'M05.02.05 REPORT PL по ЮЛ и БЕ'.'НОВЫЙ Первичный расчет суммы', 'M05.02.05 REPORT PL по ЮЛ и БЕ'.'Факт по капитализации', 'M05.02.11 REPORT PL по БЕ'.'НОВЫЙ Первичный расчет суммы', 'M05.02.11 REPORT PL по БЕ'.'x НОВЫЙ Первичный расчет суммы new', 'M05.02.11 REPORT PL по БЕ'.'Факт по капитализации', 'M05.03.06 REPORT CF по БЕ'.'Предварительный расчет (новый)', 'M05.02.12 REPORT PL по БЕ и направлениям'.'НОВЫЙ Первичный расчет суммы'";13;2.4214386940002E-8;;129000000342;true;;;;;
"Утвержденная версия";;"{""dataType"":""ENTITY"",""hierarchyEntityLongId"":101000000053,""horizontalAlign"":""LEFT"",""verticalAlign"":""CENTER"",""selectiveAccessApplied"":false,""dependentApplied"":false,""dependentEntityLongId"":null,""dimensionContext"":false}";;;None;;true;"{""storageType"":""PLANAR"",""recalculateAll"":true}";"'ML01.03.03 Versions'.'Утвержденная версия text'";13;9.685754776001E-8;;129000000194;true;;;;;
Факт_;"IN_DIMENSION('s Факт')";"{""dataType"":""BOOLEAN"",""horizontalAlign"":""CENTER"",""verticalAlign"":""CENTER""}";;;None;;true;"{""storageType"":""PLANAR"",""recalculateAll"":true}";"'M05.03.01 REPORT CF по Доменам'.'Предварительный расчет (новый)', 'M05.02.08 REPORT Детализация PL с версиями'.'Item L Тип выручки/расходов', 'M05.03.06 REPORT CF по БЕ'.'Предварительный расчет (новый)'";13;2.4214386940002E-8;;129000000248;true;;;IN_DIMENSION('109000000050');"IN_DIMENSION('s Факт')";
"В измерении плана";"IN_DIMENSION('S Версии/План')";"{""dataType"":""BOOLEAN"",""horizontalAlign"":""CENTER"",""verticalAlign"":""CENTER""}";;;None;;true;"{""storageType"":""PLANAR"",""recalculateAll"":true}";"'ML01.03.04 NUM для версий'.'Уже в сабсете плана'";13;2.4214386940002E-8;;129000000199;true;;;IN_DIMENSION('109000000045');"IN_DIMENSION('S Версии/План')";
Текущая?;"'item' = 'M98.02 Селектор для сравнения версия PL/CF'.'Выберите версию для расчетов'";"{""dataType"":""BOOLEAN"",""horizontalAlign"":""CENTER"",""verticalAlign"":""CENTER""}";;;None;;true;"{""storageType"":""PLANAR"",""recalculateAll"":true}";;13;2.4214386940002E-8;;129000000422;true;;;"'129000000197' = '386000005526'";"'item' = 'M98.02 Селектор для сравнения версия PL/CF'.'Выберите версию для расчетов'";
"Архивировать версию?";"'ML01.03.03 Versions'.'Архивировать версию?'";"{""dataType"":""BOOLEAN"",""horizontalAlign"":""CENTER"",""verticalAlign"":""CENTER""}";Скрипт;;None;;true;"{""storageType"":""PLANAR"",""recalculateAll"":true}";;13;2.4214386940002E-8;;129000000466;true;;;'379000004877';"'ML01.03.03 Versions'.'Архивировать версию?'";
"L Блоки модели";;;"МДП а зачем нужно МДП? Функционал неактуален. Скрипты и настроечные МК удалены.";;;;;;;0;0;;101000000054;;;;;;
"L Ком блок";;;МДП;;;;;;;6;2.9802322387695E-8;;101000000075;;;;;;
item;"ITEM('L Ком блок')";"{""dataType"":""ENTITY"",""hierarchyEntityLongId"":101000000075,""horizontalAlign"":""LEFT"",""verticalAlign"":""CENTER"",""selectiveAccessApplied"":false,""dependentApplied"":false,""dependentEntityLongId"":null,""dimensionContext"":false}";;;None;;true;"{""storageType"":""PLANAR"",""recalculateAll"":true}";Код;2;1.4901161193848E-8;;129000000467;true;;;ITEM('101000000075');"ITEM('L Ком блок')";
Код;CODE('item');"{""dataType"":""TEXT"",""textType"":""GENERAL"",""maxLength"":0,""lineBreak"":true,""wordWrap"":false,""ignoreTextIndent"":false,""horizontalAlign"":""LEFT"",""verticalAlign"":""TOP""}";;;None;;true;"{""storageType"":""PLANAR"",""recalculateAll"":true}";"'Код в виде числа'";2;0;;129000000468;true;;;CODE('129000000467');CODE('item');
"Код в виде числа";NUMBER('Код');"{""dataType"":""NUMBER"",""minimumSignificantDigits"":-1,""decimalPlaces"":0,""decimalSeparator"":""FULL_STOP"",""groupingSeparator"":""SPACE"",""negativeNumberNotation"":""MINUS_SIGN"",""zeroFormat"":""ZERO"",""unitsType"":""NONE"",""unitsDisplayType"":""NONE"",""currencyCode"":null,""customUnits"":null,""comparisonIncrease"":""GOOD"",""nanApplied"":false,""nanDisplayValue"":""NaN""}";"SELF('L Ком блок':-1) + 1";;None;;true;"{""storageType"":""PLANAR"",""recalculateAll"":true}";;2;1.4901161193848E-8;;129000000469;true;;;NUMBER('129000000468');NUMBER('Код');
"L Тех блок";;;МДП;;;;;;;3;1.4901161193848E-8;;101000000076;;;;;;
item;"ITEM('L Тех блок')";"{""dataType"":""ENTITY"",""hierarchyEntityLongId"":101000000076,""horizontalAlign"":""LEFT"",""verticalAlign"":""CENTER"",""selectiveAccessApplied"":false,""dependentApplied"":false,""dependentEntityLongId"":null,""dimensionContext"":false}";;;None;;true;"{""storageType"":""PLANAR"",""recalculateAll"":true}";"Код, 'План расходов ТД'.'Тех блок'";1;7.4505805969238E-9;;129000000470;true;;;ITEM('101000000076');"ITEM('L Тех блок')";
Код;CODE('item');"{""dataType"":""TEXT"",""textType"":""GENERAL"",""maxLength"":0,""lineBreak"":true,""wordWrap"":false,""ignoreTextIndent"":false,""horizontalAlign"":""LEFT"",""verticalAlign"":""TOP""}";;;None;;true;"{""storageType"":""PLANAR"",""recalculateAll"":true}";"'Код в виде числа'";1;0;;129000000471;true;;;CODE('129000000470');CODE('item');
"Код в виде числа";NUMBER('Код');"{""dataType"":""NUMBER"",""minimumSignificantDigits"":-1,""decimalPlaces"":0,""decimalSeparator"":""FULL_STOP"",""groupingSeparator"":""SPACE"",""negativeNumberNotation"":""MINUS_SIGN"",""zeroFormat"":""ZERO"",""unitsType"":""NONE"",""unitsDisplayType"":""NONE"",""currencyCode"":null,""customUnits"":null,""comparisonIncrease"":""GOOD"",""nanApplied"":false,""nanDisplayValue"":""NaN""}";"SELF('L Тех блок':-1) + 1";;None;;true;"{""storageType"":""PLANAR"",""recalculateAll"":true}";"'План расходов ТД'.'Код тех блока'";1;7.4505805969238E-9;;129000000472;true;;;NUMBER('129000000471');NUMBER('Код');
"L2 ЦФО";;;МДП;;;;;;;16288;3.4131109714508E-5;;101000000061;;;;;;
"В Архив?";;"{""dataType"":""BOOLEAN"",""horizontalAlign"":""CENTER"",""verticalAlign"":""CENTER""}";;;And;;true;"{""storageType"":""PLANAR"",""recalculateAll"":true}";Del;1018;1.8961727619171E-6;;129000000698;true;;;;;
Del;"'В Архив?'";"{""dataType"":""BOOLEAN"",""horizontalAlign"":""CENTER"",""verticalAlign"":""CENTER""}";;;None;;true;"{""storageType"":""PLANAR"",""recalculateAll"":true}";;1018;1.8961727619171E-6;;129000000900;true;;;'129000000698';"'В Архив?'";
"Тип ЦФО";;"{""dataType"":""TEXT"",""textType"":""GENERAL"",""maxLength"":0,""lineBreak"":true,""wordWrap"":false,""ignoreTextIndent"":false,""horizontalAlign"":""LEFT"",""verticalAlign"":""TOP""}";;;None;;true;"{""storageType"":""PLANAR"",""recalculateAll"":true}";"'Технический блок'";1018;0;;129000000306;true;;;;;
"Режим налогообложения";;"{""dataType"":""TEXT"",""textType"":""GENERAL"",""maxLength"":0,""lineBreak"":true,""wordWrap"":false,""ignoreTextIndent"":false,""horizontalAlign"":""LEFT"",""verticalAlign"":""TOP""}";;;None;;true;"{""storageType"":""PLANAR"",""recalculateAll"":true}";;1018;0;;129000000307;true;;;;;
DN;;"{""dataType"":""TEXT"",""textType"":""GENERAL"",""maxLength"":0,""lineBreak"":true,""wordWrap"":false,""ignoreTextIndent"":false,""horizontalAlign"":""LEFT"",""verticalAlign"":""TOP""}";;;None;;true;"{""storageType"":""PLANAR"",""recalculateAll"":true}";;1018;0;;129000000308;true;;;;;
Parent;PARENT('item');"{""dataType"":""ENTITY"",""hierarchyEntityLongId"":101000000061,""horizontalAlign"":""LEFT"",""verticalAlign"":""CENTER"",""selectiveAccessApplied"":false,""dependentApplied"":false,""dependentEntityLongId"":null,""dimensionContext"":false}";;;Formula;;true;"{""storageType"":""PLANAR"",""recalculateAll"":true}";;1018;7.5846910476685E-6;;129000000309;true;;;PARENT('129000000311');PARENT('item');
Name;NAME('item');"{""dataType"":""TEXT"",""textType"":""GENERAL"",""maxLength"":0,""lineBreak"":true,""wordWrap"":false,""ignoreTextIndent"":false,""horizontalAlign"":""LEFT"",""verticalAlign"":""TOP""}";;;Formula;;true;"{""storageType"":""PLANAR"",""recalculateAll"":true}";;1018;0;;129000000596;true;;;NAME('129000000311');NAME('item');
Code;CODE('item');"{""dataType"":""TEXT"",""textType"":""GENERAL"",""maxLength"":0,""lineBreak"":true,""wordWrap"":false,""ignoreTextIndent"":false,""horizontalAlign"":""LEFT"",""verticalAlign"":""TOP""}";;;None;;true;"{""storageType"":""PLANAR"",""recalculateAll"":true}";;1018;0;;129000000597;true;;;CODE('129000000311');CODE('item');
"Display Name";;"{""dataType"":""TEXT"",""textType"":""GENERAL"",""maxLength"":0,""lineBreak"":true,""wordWrap"":false,""ignoreTextIndent"":false,""horizontalAlign"":""LEFT"",""verticalAlign"":""TOP""}";;;Input;;true;"{""storageType"":""PLANAR"",""recalculateAll"":true}";"'M05.02.08 REPORT Детализация PL с версиями'.МВЗ, 'M05.02.08 REPORT Детализация PL с версиями'.ЦФО, 'M05.03.05 REPORT Детализация CF с версиями'.'МВЗ_текст', 'M05.03.05 REPORT Детализация CF с версиями'.'ЦФО name', 'Импорт HR PL'.'Распознавание ЦФО', 'Импорт HR CF'.'cfo_text', 'Импорт Расходы по ЦФО OPEX ручной ввод'.'ЦФО текст', 'Импорт Расходы по ЦФО OPEX ручной ввод (ЦФО)'.'ЦФО текст', 'M02.02.06 IMPORT 1С:УХ ручной слой'.'ЦФО справочно', 'M02.02.06 IMPORT 1С:УХ ручной слой'.'МВЗ справочно', 'M02.01.02 Импорт факта (ручной)'.'ЦФО распознано', 'M02.01.02 Импорт факта (ручной)'.'МВЗ распознано'";1018;0;;129000000310;true;;;;;
item;"ITEM('L2 ЦФО')";"{""dataType"":""ENTITY"",""hierarchyEntityLongId"":101000000061,""horizontalAlign"":""LEFT"",""verticalAlign"":""CENTER"",""selectiveAccessApplied"":false,""dependentApplied"":false,""dependentEntityLongId"":null,""dimensionContext"":false}";;;Formula;;true;"{""storageType"":""PLANAR"",""recalculateAll"":true}";"Parent, Name, Code, 'Импорт Расходы по ЦФО OPEX ручной ввод (ЦФО)'.ЦФО";1018;7.5846910476685E-6;;129000000311;true;;;ITEM('101000000061');"ITEM('L2 ЦФО')";
"Тип Грейда";;"{""dataType"":""TEXT"",""textType"":""GENERAL"",""maxLength"":0,""lineBreak"":true,""wordWrap"":false,""ignoreTextIndent"":false,""horizontalAlign"":""LEFT"",""verticalAlign"":""TOP""}";;;None;;true;"{""storageType"":""PLANAR"",""recalculateAll"":true}";;1018;0;;129000000312;true;;;;;
"Технический блок";"'Тип ЦФО' = ""Технический блок""";"{""dataType"":""BOOLEAN"",""horizontalAlign"":""CENTER"",""verticalAlign"":""CENTER""}";;;None;;true;"{""storageType"":""PLANAR"",""recalculateAll"":true}";;1018;1.8961727619171E-6;;129000000391;true;;;"'129000000306' = ""Технический блок""";"'Тип ЦФО' = ""Технический блок""";
"Цифровая академия?";;"{""dataType"":""BOOLEAN"",""horizontalAlign"":""CENTER"",""verticalAlign"":""CENTER""}";;;None;;true;"{""storageType"":""PLANAR"",""recalculateAll"":true}";;1018;1.8961727619171E-6;;129000000313;true;;;;;
"p Активные МВЗ из ТД";"SUM('M02.02.11 IMPORT План расходов ТД CRM и EG'.'1', 'M02.02.11 IMPORT План расходов ТД CRM и EG'.'МВЗ') + SUM('M01.04.38 MAP БК - статьи ЕКДР, PL и CF (Выручка и Себест)'.'1', 'M01.04.38 MAP БК - статьи ЕКДР, PL и CF (Выручка и Себест)'.'МВЗ (ЦФО) для исходных данных') + SUMIF('M03.01.01 Свод по выручке'.'ВВ Итого', 'M03.01.01 Свод по выручке'.'МВЗ', 'M03.01.01 Свод по выручке'.'Есть данные?') > 0";"{""dataType"":""BOOLEAN"",""horizontalAlign"":""CENTER"",""verticalAlign"":""CENTER""}";;;None;;true;"{""storageType"":""PLANAR"",""recalculateAll"":true}";"'Фильтр Активные МВЗ из ТД', Variables.'Количество активных ЦФО'";1018;1.8961727619171E-6;;129000000868;true;;;"SUM( '1071000016030',  '1071000014382') + 
SUM( '279000016132',  '279000016131' ) + 
SUMIF( '1033000013344',  '1033000013364',  '1033000015692') > 0";"SUM('M02.02.11 IMPORT План расходов ТД CRM и EG'.'1', 'M02.02.11 IMPORT План расходов ТД CRM и EG'.'МВЗ') + SUM('M01.04.38 MAP БК - статьи ЕКДР, PL и CF (Выручка и Себест)'.'1', 'M01.04.38 MAP БК - статьи ЕКДР, PL и CF (Выручка и Себест)'.'МВЗ (ЦФО) для исходных данных') + SUMIF('M03.01.01 Свод по выручке'.'ВВ Итого', 'M03.01.01 Свод по выручке'.'МВЗ', 'M03.01.01 Свод по выручке'.'Есть данные?') > 0";
"Фильтр Активные МВЗ из ТД";"'p Активные МВЗ из ТД' AND NOT IN_DIMENSION('s ЦФО Активные МВЗ из ТД') OR NOT 'p Активные МВЗ из ТД' AND IN_DIMENSION('s ЦФО Активные МВЗ из ТД')";"{""dataType"":""BOOLEAN"",""horizontalAlign"":""CENTER"",""verticalAlign"":""CENTER""}";;;None;;true;"{""storageType"":""PLANAR"",""recalculateAll"":true}";;1018;1.8961727619171E-6;;129000000869;true;;;"('129000000868' AND NOT IN_DIMENSION( '109000000197' )) OR (NOT '129000000868' AND IN_DIMENSION( '109000000197' ))";"'p Активные МВЗ из ТД' AND NOT IN_DIMENSION('s ЦФО Активные МВЗ из ТД') OR NOT 'p Активные МВЗ из ТД' AND IN_DIMENSION('s ЦФО Активные МВЗ из ТД')";
1;1;"{""dataType"":""NUMBER"",""minimumSignificantDigits"":-1,""decimalPlaces"":-1,""decimalSeparator"":""FULL_STOP"",""groupingSeparator"":""SPACE"",""negativeNumberNotation"":""MINUS_SIGN"",""zeroFormat"":""ZERO"",""unitsType"":""NONE"",""unitsDisplayType"":""NONE"",""currencyCode"":null,""customUnits"":null,""comparisonIncrease"":""GOOD"",""nanApplied"":false,""nanDisplayValue"":""NaN"",""hasRounding"":true,""maximumSignificantAllDigits"":-1,""maximumSignificantIntegerDigits"":-1,""maximumSignificantDecimalDigits"":-1,""horizontalAlign"":""RIGHT"",""verticalAlign"":""CENTER"",""inputFormatSettingApplied"":false,""sendFormatSettingApplied"":false,""insignificantIntegerRanks"":-1,""significantDecimalRanks"":0,""savingFormatSettingApplied"":false,""savingFormatSettings"":{""decimalPlaces"":15}}";;;Sum;;true;"{""storageType"":""PLANAR"",""recalculateAll"":true}";"Variables.'Количество активных ЦФО'";1018;7.5846910476685E-6;;129000000872;true;;;1;1;
"L BE";;;МДП;;;;;;;255;6.9662928581238E-7;;101000000005;;;;;;
Комментарий;;"{""dataType"":""TEXT"",""textType"":""GENERAL"",""maxLength"":0,""lineBreak"":true,""wordWrap"":false,""ignoreTextIndent"":false,""horizontalAlign"":""LEFT"",""verticalAlign"":""TOP""}";;;None;;true;"{""storageType"":""PLANAR"",""recalculateAll"":true}";;17;0;;129000000747;true;;;;;
Item;"ITEM('L BE')";"{""dataType"":""ENTITY"",""hierarchyEntityLongId"":101000000005,""horizontalAlign"":""LEFT"",""verticalAlign"":""CENTER"",""selectiveAccessApplied"":false,""dependentApplied"":false,""dependentEntityLongId"":null,""dimensionContext"":false}";;;None;;true;"{""storageType"":""PLANAR"",""recalculateAll"":true}";"name, code, 'M02.01.02 Импорт факта (ручной)'.'Item БЕ'";17;1.2665987014771E-7;;129000000013;true;;;ITEM('101000000005');"ITEM('L BE')";
name;NAME('Item');"{""dataType"":""TEXT"",""textType"":""GENERAL"",""maxLength"":0,""lineBreak"":true,""wordWrap"":false,""ignoreTextIndent"":false,""horizontalAlign"":""LEFT"",""verticalAlign"":""TOP""}";;;None;;true;"{""storageType"":""PLANAR"",""recalculateAll"":true}";"'L БЕ-Домен', 'Имя БЕ для скрипта', 'M05.02.10 REPORT PL МСФО/РСБУ по БЕ'.'org_be', 'Форма НДС Расчет БЕ'.'org_be', 'M02.01.02 Импорт факта (ручной)'.'БЕ распознано'";17;0;;129000000226;true;;;NAME('129000000013');NAME('Item');
code;CODE('Item');"{""dataType"":""TEXT"",""textType"":""GENERAL"",""maxLength"":0,""lineBreak"":true,""wordWrap"":false,""ignoreTextIndent"":false,""horizontalAlign"":""LEFT"",""verticalAlign"":""TOP""}";;;None;;true;"{""storageType"":""PLANAR"",""recalculateAll"":true}";"'L2 ЮЛ'.'Код БЕ', 'L БЕ-Домен', 'Код БЕ для скрипта', 'M05.02.08 REPORT Детализация PL с версиями'.'x БЕ ref', 'M05.03.05 REPORT Детализация CF с версиями'.'БЕ ref'";17;0;;129000000563;true;;;CODE('129000000013');CODE('Item');
Наименование;;"{""dataType"":""TEXT"",""textType"":""GENERAL"",""maxLength"":0,""lineBreak"":true,""wordWrap"":false,""ignoreTextIndent"":false,""horizontalAlign"":""LEFT"",""verticalAlign"":""TOP""}";;;None;;true;"{""storageType"":""PLANAR"",""recalculateAll"":true}";"'Display Name', 'Имя БЕ для скрипта', 'M05.02.08 REPORT Детализация PL с версиями'.'сделка_custom', 'Импорт LAM_данные CRM по БЕ'.'ID Сделки Custom', 'M02.02.06 IMPORT 1С:УХ ручной слой'.'ID Сделки Custom', 'M02.02.02 IMPORT CRM все направления, кроме ВГО, ручной слой'.'ID Сделки Custom', 'M02.02.04 IMPORT CRM ВГО ручной слой'.'ID Сделки Custom', 'M02.02.10 Ручной ввод Extra Gap'.'ID Сделки Custom', 'M02.02.11 IMPORT План расходов ТД CRM и EG'.'ID Сделки Custom', 'M02.02.11 IMPORT План расходов ТД CRM и EG'.'ID Сделки Custom text', 'M02.02.14 IMPORT План расходов ТД 1С:УХ'.'ID Сделки Custom'";17;0;;129000000331;true;;;;;
"Display Name";'Наименование';"{""dataType"":""TEXT"",""textType"":""GENERAL"",""maxLength"":0,""lineBreak"":true,""wordWrap"":false,""ignoreTextIndent"":false,""horizontalAlign"":""LEFT"",""verticalAlign"":""TOP""}";;;None;;true;"{""storageType"":""PLANAR"",""recalculateAll"":true}";"'Форма LAM_источник CRM и ручной ввод'.'БЕ для расчета'";17;0;;129000000332;true;;;'129000000331';'Наименование';
Кластер;;"{""dataType"":""ENTITY"",""hierarchyEntityLongId"":101000000059,""horizontalAlign"":""LEFT"",""verticalAlign"":""CENTER"",""selectiveAccessApplied"":false,""dependentApplied"":false,""dependentEntityLongId"":null,""dimensionContext"":false}";;;None;;true;"{""storageType"":""PLANAR"",""recalculateAll"":true}";"'Кластер текст'";17;1.2665987014771E-7;;129000000267;true;;;;;
"Кластер текст";TEXT('Кластер');"{""dataType"":""TEXT"",""textType"":""GENERAL"",""maxLength"":0,""lineBreak"":true,""wordWrap"":false,""ignoreTextIndent"":false,""horizontalAlign"":""LEFT"",""verticalAlign"":""TOP""}";;;Formula;;true;"{""storageType"":""PLANAR"",""recalculateAll"":true}";"'M05.02.08 REPORT Детализация PL с версиями'.Кластер, 'M05.03.05 REPORT Детализация CF с версиями'.Кластер";17;0;;129000000723;true;;;TEXT('129000000267');TEXT('Кластер');
"is parent?";IS_PARENT();"{""dataType"":""BOOLEAN"",""horizontalAlign"":""CENTER"",""verticalAlign"":""CENTER""}";;;Formula;;true;"{""storageType"":""PLANAR"",""recalculateAll"":true}";"'Ввод Capex (проекты) расчет'.'Фильтр выгрузки CF', 'Ввод Capex (проекты) расчет'.'Фильтр выгрузки PL v.2', 'Ввод Capex (проекты) расчет'.'В PL и CF по БЕ', 'Ввод Capex (проекты) расчет'.'В PL и CF по Доменам'";17;3.1664967536926E-8;;129000000707;true;;;IS_PARENT();IS_PARENT();
"L БЕ-Домен";"IF FINDITEM('L БЕ-Домен', 'name', list, case_insensitive) <> """" THEN FINDITEM('L БЕ-Домен', 'name', list, case_insensitive) ELSE FINDITEM('L БЕ-Домен', 'code')";"{""dataType"":""ENTITY"",""hierarchyEntityLongId"":101000000088,""horizontalAlign"":""LEFT"",""verticalAlign"":""CENTER"",""selectiveAccessApplied"":false,""dependentApplied"":false,""dependentEntityLongId"":null,""dimensionContext"":false,""filterType"":""NONE""}";;;None;;true;"{""storageType"":""PLANAR"",""recalculateAll"":true}";"'L Домены'";17;1.2665987014771E-7;;129000000713;true;;;"IF FINDITEM('101000000088', '129000000226',list, case_insensitive) <> """" THEN FINDITEM('101000000088', '129000000226',list, case_insensitive) ELSE FINDITEM('101000000088', '129000000563')";"IF FINDITEM('L БЕ-Домен', 'name', list, case_insensitive) <> """" THEN FINDITEM('L БЕ-Домен', 'name', list, case_insensitive) ELSE FINDITEM('L БЕ-Домен', 'code')";
"L Домены";"PROPERTY('L БЕ-Домен'.'L Домены', 'L БЕ-Домен')";"{""dataType"":""ENTITY"",""hierarchyEntityLongId"":101000000083,""horizontalAlign"":""LEFT"",""verticalAlign"":""CENTER"",""selectiveAccessApplied"":false,""dependentApplied"":false,""dependentEntityLongId"":null,""dimensionContext"":false,""filterType"":""NONE""}";;;None;;true;"{""storageType"":""PLANAR"",""recalculateAll"":true}";"'M05.03.05 REPORT Детализация CF с версиями'.'Домен Контрагента', 'Ввод Capex (проекты)'.Домен, 'Импорт Расходы по ЦФО OPEX ручной ввод (ЦФО)'.Домен, 'Импорт Расходы ЦСП'.'Домен (Авто)', 'M05.02.11 REPORT PL по БЕ'.praviloobrabotki, 'Свод данных по БК и ЦК new'.Домен, 'M05.04.08 REPORT LAM_Выручка'.Домен, 'M05.04.09 REPORT LAM_Себестоимость'.Домен, 'M05.04.10 REPORT LAM_GM1'.Домен, 'M05.04.11 REPORT LAM_GM1, %'.Домен, 'M05.02.12 REPORT PL по БЕ и направлениям'.praviloobrabotki, 'M02.02.06 IMPORT 1С:УХ ручной слой'.'хх Домен от контрагента распознано', 'M02.02.02 IMPORT CRM все направления, кроме ВГО, ручной слой'.'хх Домен от контрагента распознано', 'M02.02.02 IMPORT CRM все направления, кроме ВГО, ручной слой'.'Домен распознано', 'M03.01.01 Свод по выручке'.'Домен от контрагента', 'M02.02.04 IMPORT CRM ВГО ручной слой'.'хх Домен от контрагента распознано', 'M02.02.04 IMPORT CRM ВГО ручной слой'.'Домен распознано', 'M02.02.08 Ручной ввод Расходы и Доходы'.Домен, 'M02.02.09 Ручной ввод Расходы по ЦФО OPEX'.Домен, 'M02.02.10 Ручной ввод Extra Gap'.'Домен распознано', 'M02.02.11 IMPORT План расходов ТД CRM и EG'.'Домен от контрагента', 'M02.04.02 Импорт выручки из Биллинга, ручной слой'.Домен, 'Капитализация НМА'.Домен, 'M03.01.15 MC. Перераспределение расходов по ЦФО OPEX'.Домен, 'Форма LAM_Сделки Custom'.'Домен распознано', 'M03.01.15 MC. Перераспределение расходов по ЦФО OPEX test'.Домен";17;1.2665987014771E-7;;129000000725;true;;;"PROPERTY('129000000726', '129000000713')";"PROPERTY('L БЕ-Домен'.'L Домены', 'L БЕ-Домен')";
"Имя БЕ для скрипта";"IF 'Наименование' <> """" THEN ""'"" & 'name' & ""'"" ELSE DEFAULT_VALUE()";"{""dataType"":""TEXT"",""textType"":""GENERAL"",""maxLength"":0,""lineBreak"":true,""wordWrap"":false,""ignoreTextIndent"":false,""horizontalAlign"":""LEFT"",""verticalAlign"":""TOP""}";;;None;;true;"{""storageType"":""PLANAR"",""recalculateAll"":true}";"Variables.'Список БЕ в модели', Variables.'Список БЕ в модели ЦСП и HR', 'M01.02.14 Выбор параметров загрузки'.'БЕ для факта'";17;0;;129000000748;true;;;"if '129000000331' <> """" then ""'"" & '129000000226' & ""'"" else default_value()";"IF 'Наименование' <> """" THEN ""'"" & 'name' & ""'"" ELSE DEFAULT_VALUE()";
"Код БЕ для скрипта";"IF 'code' <> """" THEN ""'"" & 'code' & ""'"" ELSE DEFAULT_VALUE()";"{""dataType"":""TEXT"",""textType"":""GENERAL"",""maxLength"":0,""lineBreak"":true,""wordWrap"":false,""ignoreTextIndent"":false,""horizontalAlign"":""LEFT"",""verticalAlign"":""TOP""}";;;None;;true;"{""storageType"":""PLANAR"",""recalculateAll"":true}";"Variables.'Список кодов БЕ в модели'";17;0;;129000000886;true;;;"if  '129000000563' <> """" then ""'"" & '129000000563' & ""'"" else default_value()";"IF 'code' <> """" THEN ""'"" & 'code' & ""'"" ELSE DEFAULT_VALUE()";
"L BE tech";;"{""dataType"":""ENTITY"",""hierarchyEntityLongId"":101000000117,""horizontalAlign"":""LEFT"",""verticalAlign"":""CENTER"",""selectiveAccessApplied"":false,""dependentApplied"":false,""dependentEntityLongId"":null,""dimensionContext"":false,""filterType"":""NONE""}";;;None;;true;"{""storageType"":""PLANAR"",""recalculateAll"":true}";"'Форма НДС БЕ'.'НДС к уплате в моделе домена'";17;1.2665987014771E-7;;129000000779;true;;;;;
"Фильтр отбора";"IN_DIMENSION('s БЕ ЦСП')";"{""dataType"":""BOOLEAN"",""horizontalAlign"":""CENTER"",""verticalAlign"":""CENTER""}";;;None;;true;"{""storageType"":""PLANAR"",""recalculateAll"":true}";"Variables.'Список БЕ в модели', Variables.'Список БЕ в модели ЦСП и HR', Variables.'Список кодов БЕ в модели', 'M01.02.14 Выбор параметров загрузки'.'БЕ для факта'";17;3.1664967536926E-8;;129000000749;true;;;in_dimension('109000000153');"IN_DIMENSION('s БЕ ЦСП')";
"< - - - Основные справочники - - - >";;;;;;;;;;0;0;;101000000004;;;;;;
"L DWH fields";;;;;;;;;;0;0;;101000000107;;;;;;
"L Системы отчетности";;;;;;;;;;0;0;;101000000100;;;;;;
"L0 Кластер";;;;;;;;;;42;1.0430812835693E-7;;101000000059;;;;;;
item;"ITEM('L0 Кластер')";"{""dataType"":""ENTITY"",""hierarchyEntityLongId"":101000000059,""horizontalAlign"":""LEFT"",""verticalAlign"":""CENTER"",""selectiveAccessApplied"":false,""dependentApplied"":false,""dependentEntityLongId"":null,""dimensionContext"":false}";;;None;;true;"{""storageType"":""PLANAR"",""recalculateAll"":true}";"name, code";14;1.0430812835693E-7;;129000000273;true;;;ITEM('101000000059');"ITEM('L0 Кластер')";
name;NAME('item');"{""dataType"":""TEXT"",""textType"":""GENERAL"",""maxLength"":0,""lineBreak"":true,""wordWrap"":false,""ignoreTextIndent"":false,""horizontalAlign"":""LEFT"",""verticalAlign"":""TOP""}";;;None;;true;"{""storageType"":""PLANAR"",""recalculateAll"":true}";;14;0;;129000000274;true;;;NAME('129000000273');NAME('item');
code;CODE('item');"{""dataType"":""TEXT"",""textType"":""GENERAL"",""maxLength"":0,""lineBreak"":true,""wordWrap"":false,""ignoreTextIndent"":false,""horizontalAlign"":""LEFT"",""verticalAlign"":""TOP""}";;;None;;true;"{""storageType"":""PLANAR"",""recalculateAll"":true}";"'L2 ЮЛ'.'Код Кластера'";14;0;;129000000565;true;;;CODE('129000000273');CODE('item');
"L Домены";;;;;;;;;;50;7.4505805969238E-8;;101000000083;;;;;;
Комментарий;;"{""dataType"":""TEXT"",""textType"":""GENERAL"",""maxLength"":0,""lineBreak"":true,""wordWrap"":false,""ignoreTextIndent"":false,""horizontalAlign"":""LEFT"",""verticalAlign"":""TOP""}";;;None;;true;"{""storageType"":""PLANAR"",""recalculateAll"":true}";;10;0;;129000000814;true;;;;;
item;"ITEM('L Домены')";"{""dataType"":""ENTITY"",""hierarchyEntityLongId"":101000000083,""horizontalAlign"":""LEFT"",""verticalAlign"":""CENTER"",""selectiveAccessApplied"":false,""dependentApplied"":false,""dependentEntityLongId"":null,""dimensionContext"":false}";;;None;;true;"{""storageType"":""PLANAR"",""recalculateAll"":true}";"name, code";10;7.4505805969238E-8;;129000000558;true;;;ITEM('101000000083');"ITEM('L Домены')";
name;NAME('item');"{""dataType"":""TEXT"",""textType"":""GENERAL"",""maxLength"":0,""lineBreak"":true,""wordWrap"":false,""ignoreTextIndent"":false,""horizontalAlign"":""LEFT"",""verticalAlign"":""TOP""}";;;None;;true;"{""storageType"":""PLANAR"",""recalculateAll"":true}";"'M05.02.01 REPORT PL по Доменам'.praviloobrabotki, 'M05.02.08 REPORT Детализация PL с версиями'.'Домен ref', 'M02.01.02 Импорт факта (ручной)'.'Домен распознано'";10;0;;129000000559;true;;;NAME('129000000558');NAME('item');
code;CODE('item');"{""dataType"":""TEXT"",""textType"":""GENERAL"",""maxLength"":0,""lineBreak"":true,""wordWrap"":false,""ignoreTextIndent"":false,""horizontalAlign"":""LEFT"",""verticalAlign"":""TOP""}";;;None;;true;"{""storageType"":""PLANAR"",""recalculateAll"":true}";;10;0;;129000000560;true;;;CODE('129000000558');CODE('item');
"Display Name";;"{""dataType"":""TEXT"",""textType"":""GENERAL"",""maxLength"":0,""lineBreak"":true,""wordWrap"":false,""ignoreTextIndent"":false,""horizontalAlign"":""LEFT"",""verticalAlign"":""TOP""}";;;None;;true;"{""storageType"":""PLANAR"",""recalculateAll"":true}";;10;0;;129000000561;true;;;;;
"L БЕ-Домен";;;;;;;;;;180;6.0349702835083E-7;;101000000088;;;;;;
БЕ;;"{""dataType"":""TEXT"",""textType"":""GENERAL"",""maxLength"":0,""lineBreak"":true,""wordWrap"":false,""ignoreTextIndent"":false,""horizontalAlign"":""LEFT"",""verticalAlign"":""TOP""}";;;None;;true;"{""storageType"":""PLANAR"",""recalculateAll"":true}";;36;0;;129000000652;true;;;;;
"Display Name";;"{""dataType"":""TEXT"",""textType"":""GENERAL"",""maxLength"":0,""lineBreak"":true,""wordWrap"":false,""ignoreTextIndent"":false,""horizontalAlign"":""LEFT"",""verticalAlign"":""TOP""}";;;None;;true;"{""storageType"":""PLANAR"",""recalculateAll"":true}";;36;0;;129000000653;true;;;;;
"Уровень БЕ?";TRUE;"{""dataType"":""BOOLEAN"",""horizontalAlign"":""CENTER"",""verticalAlign"":""CENTER""}";;;None;;true;"{""storageType"":""PLANAR"",""recalculateAll"":true}";;36;6.7055225372314E-8;;129000000669;true;;;TRUE;TRUE;
"L BE";"IF FINDITEM('L BE', NAME(ITEM('L БЕ-Домен')), list, case_insensitive) <> """" THEN FINDITEM('L BE', NAME(ITEM('L БЕ-Домен')), list, case_insensitive) ELSE FINDITEM('L BE', CODE(ITEM('L БЕ-Домен')))";"{""dataType"":""ENTITY"",""hierarchyEntityLongId"":101000000005,""horizontalAlign"":""LEFT"",""verticalAlign"":""CENTER"",""selectiveAccessApplied"":false,""dependentApplied"":false,""dependentEntityLongId"":null,""dimensionContext"":false,""filterType"":""NONE""}";;;None;;true;"{""storageType"":""PLANAR"",""recalculateAll"":true}";;36;2.6822090148926E-7;;129000000714;true;;;"IF FINDITEM('101000000005', NAME(ITEM('101000000088')),list, case_insensitive) <> """" THEN FINDITEM('101000000005', NAME(ITEM('101000000088')),list, case_insensitive) ELSE FINDITEM('101000000005', CODE(ITEM('101000000088')))";"IF FINDITEM('L BE', NAME(ITEM('L БЕ-Домен')), list, case_insensitive) <> """" THEN FINDITEM('L BE', NAME(ITEM('L БЕ-Домен')), list, case_insensitive) ELSE FINDITEM('L BE', CODE(ITEM('L БЕ-Домен')))";
"L Домены";"PARENT(ITEM('L БЕ-Домен'))";"{""dataType"":""ENTITY"",""hierarchyEntityLongId"":101000000083,""horizontalAlign"":""LEFT"",""verticalAlign"":""CENTER"",""selectiveAccessApplied"":false,""dependentApplied"":false,""dependentEntityLongId"":null,""dimensionContext"":false,""filterType"":""NONE""}";;;None;;true;"{""storageType"":""PLANAR"",""recalculateAll"":true}";"'L BE'.'L Домены'";36;2.6822090148926E-7;;129000000726;true;;;PARENT(ITEM('101000000088'));"PARENT(ITEM('L БЕ-Домен'))";
"L Доп ЮЛ";;;;;;;;;;0;0;;101000000044;;;;;;
"L Сделки";;;"Сделки входящие данные";;;;;;;1513308;0.0060051754117012;;101000000006;;;;;;
source;;"{""dataType"":""TEXT"",""textType"":""GENERAL"",""maxLength"":0,""lineBreak"":true,""wordWrap"":false,""ignoreTextIndent"":false,""horizontalAlign"":""LEFT"",""verticalAlign"":""TOP""}";;;None;;true;"{""storageType"":""PLANAR"",""recalculateAll"":true}";;32898;0;;129000000912;true;;;;;
"Display Name";CODE('item');"{""dataType"":""TEXT"",""textType"":""GENERAL"",""maxLength"":0,""lineBreak"":true,""wordWrap"":false,""ignoreTextIndent"":false,""horizontalAlign"":""LEFT"",""verticalAlign"":""TOP""}";;;None;;true;"{""storageType"":""PLANAR"",""recalculateAll"":true}";"'Импорт LAM_данные CRM по БЕ'.'ID Сделки Custom', 'M03.01.02 Воронка CRM и EG без 1С:УХ'.'ID Сделки', 'M03.01.03 Сводный план Технической Дирекции'.'ID Сделки'";32898;0;;129000000046;true;;;CODE('129000000063');CODE('item');
item;"ITEM('L Сделки')";"{""dataType"":""ENTITY"",""hierarchyEntityLongId"":101000000006,""horizontalAlign"":""LEFT"",""verticalAlign"":""CENTER"",""selectiveAccessApplied"":false,""dependentApplied"":false,""dependentEntityLongId"":null,""dimensionContext"":false}";;;None;;true;"{""storageType"":""PLANAR"",""recalculateAll"":true}";"'Display Name', Код, 'Исходные данные для плана расходов'.Сделка, 'M01.04.31 MAP Сделки - Проекты'.Проект";32898;0.0002451092004776;;129000000063;true;;;ITEM('101000000006');"ITEM('L Сделки')";
Код;CODE('item');"{""dataType"":""TEXT"",""textType"":""GENERAL"",""maxLength"":0,""lineBreak"":true,""wordWrap"":false,""ignoreTextIndent"":false,""horizontalAlign"":""LEFT"",""verticalAlign"":""TOP""}";;;None;;true;"{""storageType"":""PLANAR"",""recalculateAll"":true}";"'Name Сделка custom', 'Удалить?', 'Для удаления', 'M05.02.08 REPORT Детализация PL с версиями'.'id Сделки', 'M05.03.05 REPORT Детализация CF с версиями'.Сделка, 'Импорт LAM_данные CRM по БЕ'.'Код сделки', 'M02.02.14 IMPORT План расходов ТД 1С:УХ'.'Код Сделки', 'ML01.03.08 Сделки'.'ID Сделки', 'Форма LAM_источник CRM и ручной ввод'.'id Сделки'";32898;0;;129000000091;true;;;CODE('129000000063');CODE('item');
БЕ;;"{""dataType"":""ENTITY"",""hierarchyEntityLongId"":109000000002,""horizontalAlign"":""LEFT"",""verticalAlign"":""CENTER"",""selectiveAccessApplied"":false,""dependentApplied"":false,""dependentEntityLongId"":null,""dimensionContext"":false}";;;None;;true;"{""storageType"":""PLANAR"",""recalculateAll"":true}";;32898;0.0002451092004776;;129000000295;true;;;;;
Домен;;"{""dataType"":""ENTITY"",""hierarchyEntityLongId"":101000000083,""horizontalAlign"":""LEFT"",""verticalAlign"":""CENTER"",""selectiveAccessApplied"":false,""dependentApplied"":false,""dependentEntityLongId"":null,""dimensionContext"":false}";;;None;;true;"{""storageType"":""PLANAR"",""recalculateAll"":true}";;32898;0.0002451092004776;;129000000567;true;;;;;
БЕ-Домен;;"{""dataType"":""ENTITY"",""hierarchyEntityLongId"":101000000088,""horizontalAlign"":""LEFT"",""verticalAlign"":""CENTER"",""selectiveAccessApplied"":false,""dependentApplied"":false,""dependentEntityLongId"":null,""dimensionContext"":false,""filterType"":""NONE""}";;;None;;true;"{""storageType"":""PLANAR"",""recalculateAll"":true}";;32898;0.0002451092004776;;129000000672;true;;;;;
"ID Рамки";;"{""dataType"":""TEXT"",""textType"":""GENERAL"",""maxLength"":0,""lineBreak"":true,""wordWrap"":false,""ignoreTextIndent"":false,""horizontalAlign"":""LEFT"",""verticalAlign"":""TOP""}";;;None;;true;"{""storageType"":""PLANAR"",""recalculateAll"":true}";;32898;0;;129000000291;true;;;;;
"ID Догов";;"{""dataType"":""TEXT"",""textType"":""GENERAL"",""maxLength"":0,""lineBreak"":true,""wordWrap"":false,""ignoreTextIndent"":false,""horizontalAlign"":""LEFT"",""verticalAlign"":""TOP""}";;;None;;true;"{""storageType"":""PLANAR"",""recalculateAll"":true}";"'ML01.03.09 Сделки Custom'.'ID Догов'";32898;0;;129000000047;true;;;;;
Проект;;"{""dataType"":""TEXT"",""textType"":""GENERAL"",""maxLength"":0,""lineBreak"":true,""wordWrap"":false,""ignoreTextIndent"":false,""horizontalAlign"":""LEFT"",""verticalAlign"":""TOP""}";;;None;;true;"{""storageType"":""PLANAR"",""recalculateAll"":true}";"'ML01.03.09 Сделки Custom'.Проект";32898;0;;129000000048;true;;;;;
"Домен от контрагента";;"{""dataType"":""ENTITY"",""hierarchyEntityLongId"":101000000083,""horizontalAlign"":""LEFT"",""verticalAlign"":""CENTER"",""selectiveAccessApplied"":false,""dependentApplied"":false,""dependentEntityLongId"":null,""dimensionContext"":false,""filterType"":""NONE""}";;;None;;true;"{""storageType"":""PLANAR"",""recalculateAll"":true}";;32898;0.0002451092004776;;129000000650;true;;;;;
"БЕ от контрагента";;"{""dataType"":""ENTITY"",""hierarchyEntityLongId"":101000000005,""horizontalAlign"":""LEFT"",""verticalAlign"":""CENTER"",""selectiveAccessApplied"":false,""dependentApplied"":false,""dependentEntityLongId"":null,""dimensionContext"":false,""filterType"":""NONE""}";;;None;;true;"{""storageType"":""PLANAR"",""recalculateAll"":true}";;32898;0.0002451092004776;;129000000651;true;;;;;
Контрагент;;"{""dataType"":""TEXT"",""textType"":""GENERAL"",""maxLength"":0,""lineBreak"":true,""wordWrap"":false,""ignoreTextIndent"":false,""horizontalAlign"":""LEFT"",""verticalAlign"":""TOP""}";;;None;;true;"{""storageType"":""PLANAR"",""recalculateAll"":true}";"'ML01.03.09 Сделки Custom'.'Фин клиент'";32898;0;;129000000399;true;;;;;
Клиент;;"{""dataType"":""TEXT"",""textType"":""GENERAL"",""maxLength"":0,""lineBreak"":true,""wordWrap"":false,""ignoreTextIndent"":false,""horizontalAlign"":""LEFT"",""verticalAlign"":""TOP""}";;;None;;true;"{""storageType"":""PLANAR"",""recalculateAll"":true}";"'ML01.03.09 Сделки Custom'.Клиент";32898;0;;129000000049;true;;;;;
КАМ;;"{""dataType"":""TEXT"",""textType"":""GENERAL"",""maxLength"":0,""lineBreak"":true,""wordWrap"":false,""ignoreTextIndent"":false,""horizontalAlign"":""LEFT"",""verticalAlign"":""TOP""}";;;None;;true;"{""storageType"":""PLANAR"",""recalculateAll"":true}";"'ML01.03.09 Сделки Custom'.КАМ";32898;0;;129000000050;true;;;;;
"Вертикаль, Бюджет";;"{""dataType"":""TEXT"",""textType"":""GENERAL"",""maxLength"":0,""lineBreak"":true,""wordWrap"":false,""ignoreTextIndent"":false,""horizontalAlign"":""LEFT"",""verticalAlign"":""TOP""}";;;None;;true;"{""storageType"":""PLANAR"",""recalculateAll"":true}";"'ML01.03.09 Сделки Custom'.'Вертикаль, Бюджет'";32898;0;;129000000292;true;;;;;
Направление;;"{""dataType"":""ENTITY"",""hierarchyEntityLongId"":101000000084,""horizontalAlign"":""LEFT"",""verticalAlign"":""CENTER"",""selectiveAccessApplied"":false,""dependentApplied"":false,""dependentEntityLongId"":null,""dimensionContext"":false,""filterType"":""NONE""}";;;None;;true;"{""storageType"":""PLANAR"",""recalculateAll"":true}";"'Name Сделка custom', 'ML01.03.09 Сделки Custom'.Направление";32898;0.0002451092004776;;129000000762;true;;;;;
"Маржа, эксп., %";;"{""dataType"":""NUMBER"",""minimumSignificantDigits"":-1,""decimalPlaces"":-1,""decimalSeparator"":""FULL_STOP"",""groupingSeparator"":""SPACE"",""negativeNumberNotation"":""MINUS_SIGN"",""zeroFormat"":""ZERO"",""unitsType"":""PERCENTAGE"",""unitsDisplayType"":""PERCENTAGE_SUFFIX"",""currencyCode"":null,""customUnits"":null,""comparisonIncrease"":""GOOD"",""nanApplied"":false,""nanDisplayValue"":""NaN"",""hasRounding"":true,""maximumSignificantAllDigits"":-1,""maximumSignificantIntegerDigits"":-1,""maximumSignificantDecimalDigits"":-1,""horizontalAlign"":""RIGHT"",""verticalAlign"":""CENTER"",""inputFormatSettingApplied"":false,""sendFormatSettingApplied"":false,""insignificantIntegerRanks"":-1,""significantDecimalRanks"":0,""displayPercentagesInShares"":false,""inputPercentagesInShares"":false}";;;None;;true;"{""storageType"":""PLANAR"",""recalculateAll"":true}";"'Name Сделка custom', 'План расходов ТД'.'x3', 'ML01.03.09 Сделки Custom'.'Маржа, эксп., %'";32898;0.0002451092004776;;129000000053;true;;;;;
"Дата контр";;"{""dataType"":""DATE"",""format"":""EUROPA"",""horizontalAlign"":""LEFT"",""verticalAlign"":""CENTER""}";;;None;;true;"{""storageType"":""PLANAR"",""recalculateAll"":true}";"'ML01.03.09 Сделки Custom'.'Дата контр'";32898;0.0003676638007164;;129000000052;true;;;;;
"Сумма total, млн руб";;"{""dataType"":""NUMBER"",""minimumSignificantDigits"":-1,""decimalPlaces"":0,""decimalSeparator"":""FULL_STOP"",""groupingSeparator"":""SPACE"",""negativeNumberNotation"":""MINUS_SIGN"",""zeroFormat"":""ZERO"",""unitsType"":""NONE"",""unitsDisplayType"":""NONE"",""currencyCode"":null,""customUnits"":null,""comparisonIncrease"":""GOOD"",""nanApplied"":false,""nanDisplayValue"":""NaN""}";;;None;;true;"{""storageType"":""PLANAR"",""recalculateAll"":true}";"'ML01.03.09 Сделки Custom'.'Сумма Total'";32898;0.0002451092004776;;129000000293;true;;;;;
Вер-ть;;"{""dataType"":""NUMBER"",""minimumSignificantDigits"":-1,""decimalPlaces"":0,""decimalSeparator"":""FULL_STOP"",""groupingSeparator"":""SPACE"",""negativeNumberNotation"":""MINUS_SIGN"",""zeroFormat"":""ZERO"",""unitsType"":""NONE"",""unitsDisplayType"":""NONE"",""currencyCode"":null,""customUnits"":null,""comparisonIncrease"":""GOOD"",""nanApplied"":false,""nanDisplayValue"":""NaN""}";;;None;;true;"{""storageType"":""PLANAR"",""recalculateAll"":true}";"'Name Сделка custom', 'ML01.03.09 Сделки Custom'.Вероятность";32898;0.0002451092004776;;129000000294;true;;;;;
"Валюта контр";;"{""dataType"":""TEXT"",""textType"":""GENERAL"",""maxLength"":0,""lineBreak"":true,""wordWrap"":false,""ignoreTextIndent"":false,""horizontalAlign"":""LEFT"",""verticalAlign"":""TOP""}";;;None;;true;"{""storageType"":""PLANAR"",""recalculateAll"":true}";"'ML01.03.09 Сделки Custom'.'Валюта контр'";32898;0;;129000000054;true;;;;;
НДС;;"{""dataType"":""NUMBER"",""minimumSignificantDigits"":-1,""decimalPlaces"":-1,""decimalSeparator"":""FULL_STOP"",""groupingSeparator"":""SPACE"",""negativeNumberNotation"":""MINUS_SIGN"",""zeroFormat"":""ZERO"",""unitsType"":""PERCENTAGE"",""unitsDisplayType"":""PERCENTAGE_SUFFIX"",""currencyCode"":null,""customUnits"":null,""comparisonIncrease"":""GOOD"",""nanApplied"":false,""nanDisplayValue"":""NaN"",""hasRounding"":true,""maximumSignificantAllDigits"":-1,""maximumSignificantIntegerDigits"":-1,""maximumSignificantDecimalDigits"":-1,""horizontalAlign"":""RIGHT"",""verticalAlign"":""CENTER"",""inputFormatSettingApplied"":false,""sendFormatSettingApplied"":false,""insignificantIntegerRanks"":-1,""significantDecimalRanks"":0,""displayPercentagesInShares"":false,""inputPercentagesInShares"":false}";;;None;;true;"{""storageType"":""PLANAR"",""recalculateAll"":true}";"'ML01.03.09 Сделки Custom'.НДС";32898;0.0002451092004776;;129000000055;true;;;;;
"ЮЛ Т1И";;"{""dataType"":""TEXT"",""textType"":""GENERAL"",""maxLength"":0,""lineBreak"":true,""wordWrap"":false,""ignoreTextIndent"":false,""horizontalAlign"":""LEFT"",""verticalAlign"":""TOP""}";;;None;;true;"{""storageType"":""PLANAR"",""recalculateAll"":true}";"'ML01.03.09 Сделки Custom'.'ЮЛ Т1И'";32898;0;;129000000056;true;;;;;
"ИНН Фин. заказчик";;"{""dataType"":""NUMBER"",""minimumSignificantDigits"":-1,""decimalPlaces"":0,""decimalSeparator"":""FULL_STOP"",""groupingSeparator"":""SPACE"",""negativeNumberNotation"":""MINUS_SIGN"",""zeroFormat"":""ZERO"",""unitsType"":""NONE"",""unitsDisplayType"":""NONE"",""currencyCode"":null,""customUnits"":null,""comparisonIncrease"":""GOOD"",""nanApplied"":false,""nanDisplayValue"":""NaN""}";;;None;;true;"{""storageType"":""PLANAR"",""recalculateAll"":true}";"'ML01.03.09 Сделки Custom'.'ИНН Фин. заказчик'";32898;0.0002451092004776;;129000000057;true;;;;;
"ИНН Заказчик";;"{""dataType"":""NUMBER"",""minimumSignificantDigits"":-1,""decimalPlaces"":0,""decimalSeparator"":""FULL_STOP"",""groupingSeparator"":""SPACE"",""negativeNumberNotation"":""MINUS_SIGN"",""zeroFormat"":""ZERO"",""unitsType"":""NONE"",""unitsDisplayType"":""NONE"",""currencyCode"":null,""customUnits"":null,""comparisonIncrease"":""GOOD"",""nanApplied"":false,""nanDisplayValue"":""NaN""}";;;None;;true;"{""storageType"":""PLANAR"",""recalculateAll"":true}";"'ML01.03.09 Сделки Custom'.'ИНН Заказчик'";32898;0.0002451092004776;;129000000058;true;;;;;
"ID Показ";;"{""dataType"":""NUMBER"",""minimumSignificantDigits"":-1,""decimalPlaces"":0,""decimalSeparator"":""FULL_STOP"",""groupingSeparator"":""SPACE"",""negativeNumberNotation"":""MINUS_SIGN"",""zeroFormat"":""ZERO"",""unitsType"":""NONE"",""unitsDisplayType"":""NONE"",""currencyCode"":null,""customUnits"":null,""comparisonIncrease"":""GOOD"",""nanApplied"":false,""nanDisplayValue"":""NaN""}";;;None;;true;"{""storageType"":""PLANAR"",""recalculateAll"":true}";"'ML01.03.09 Сделки Custom'.'ID Показ'";32898;0.0002451092004776;;129000000059;true;;;;;
БизКат;;"{""dataType"":""ENTITY"",""hierarchyEntityLongId"":101000000021,""horizontalAlign"":""LEFT"",""verticalAlign"":""CENTER"",""selectiveAccessApplied"":false,""dependentApplied"":false,""dependentEntityLongId"":null,""dimensionContext"":false}";;;None;;true;"{""storageType"":""PLANAR"",""recalculateAll"":true}";"'ML01.03.09 Сделки Custom'.'БизКат текст', 'ML01.03.09 Сделки Custom'.БизКат";32898;0.0002451092004776;;129000000060;true;;;;;
"Группа БизКат";;"{""dataType"":""ENTITY"",""hierarchyEntityLongId"":101000000022,""horizontalAlign"":""LEFT"",""verticalAlign"":""CENTER"",""selectiveAccessApplied"":false,""dependentApplied"":false,""dependentEntityLongId"":null,""dimensionContext"":false}";;;None;;true;"{""storageType"":""PLANAR"",""recalculateAll"":true}";"'ML01.03.09 Сделки Custom'.'Группа БизКат текст'";32898;0.0002451092004776;;129000000061;true;;;;;
"Ком блок";;"{""dataType"":""ENTITY"",""hierarchyEntityLongId"":101000000075,""horizontalAlign"":""LEFT"",""verticalAlign"":""CENTER"",""selectiveAccessApplied"":false,""dependentApplied"":false,""dependentEntityLongId"":null,""dimensionContext"":false}";;;None;;true;"{""storageType"":""PLANAR"",""recalculateAll"":true}";"'ML01.03.09 Сделки Custom'.'L Ком блок'";32898;0.0002451092004776;;129000000583;true;;;;;
"Тех блок";;"{""dataType"":""ENTITY"",""hierarchyEntityLongId"":101000000076,""horizontalAlign"":""LEFT"",""verticalAlign"":""CENTER"",""selectiveAccessApplied"":false,""dependentApplied"":false,""dependentEntityLongId"":null,""dimensionContext"":false}";;;None;;true;"{""storageType"":""PLANAR"",""recalculateAll"":true}";;32898;0.0002451092004776;;129000000584;true;;;;;
1;1;"{""dataType"":""NUMBER"",""minimumSignificantDigits"":-1,""decimalPlaces"":0,""decimalSeparator"":""FULL_STOP"",""groupingSeparator"":""SPACE"",""negativeNumberNotation"":""MINUS_SIGN"",""zeroFormat"":""ZERO"",""unitsType"":""NONE"",""unitsDisplayType"":""NONE"",""currencyCode"":null,""customUnits"":null,""comparisonIncrease"":""GOOD"",""nanApplied"":false,""nanDisplayValue"":""NaN""}";;;None;;true;"{""storageType"":""PLANAR"",""recalculateAll"":true}";"Variables.'Количество активных сделок', 'Сводная информация по ошибкам'.'Несовпадение выборки сделок для ТД'";32898;0.0002451092004776;;129000000572;true;;;1;1;
"Name Сделка custom";"'Код' & ""_"" & PROPERTY('L Направления'.'item', 'Направление') & ""_"" & TEXT('Вер-ть') & ""_"" & TEXT('Маржа, эксп., %')";"{""dataType"":""TEXT"",""textType"":""GENERAL"",""maxLength"":0,""lineBreak"":true,""wordWrap"":false,""ignoreTextIndent"":false,""horizontalAlign"":""LEFT"",""verticalAlign"":""TOP""}";;;None;;true;"{""storageType"":""PLANAR"",""recalculateAll"":true}";"'Отсутствует в L Сделки custom'";32898;0;;129000000580;true;;;"'129000000091' & ""_"" & PROPERTY( '129000000804' , '129000000762' ) & ""_"" & TEXT('129000000294') & ""_"" & TEXT('129000000053')";"'Код' & ""_"" & PROPERTY('L Направления'.'item', 'Направление') & ""_"" & TEXT('Вер-ть') & ""_"" & TEXT('Маржа, эксп., %')";
"Отсутствует в L Сделки custom";"FINDITEM('L Сделки Custom', 'Name Сделка custom') = """" AND 'Ручная сделка Итог'";"{""dataType"":""BOOLEAN"",""horizontalAlign"":""CENTER"",""verticalAlign"":""CENTER""}";;;None;;true;"{""storageType"":""PLANAR"",""recalculateAll"":true}";;32898;6.12773001194E-5;;129000000579;true;;;"FINDITEM('101000000081', '129000000580') = """" AND '129000000483'";"FINDITEM('L Сделки Custom', 'Name Сделка custom') = """" AND 'Ручная сделка Итог'";
"Ручная сделка Итог";"'Ручная сделка' AND NOT 'Наличие в исходных данных'";"{""dataType"":""BOOLEAN"",""horizontalAlign"":""CENTER"",""verticalAlign"":""CENTER""}";;;None;;true;"{""storageType"":""PLANAR"",""recalculateAll"":true}";"'p Сделки Активные', 'Отсутствует в L Сделки custom', 'L Сделки Custom'.'Ручная сделка?', 'p Сделки Активные LAM'";32898;6.12773001194E-5;;129000000483;true;;;"'129000000290' AND NOT '129000000484'";"'Ручная сделка' AND NOT 'Наличие в исходных данных'";
"Наличие в исходных данных";"SUMIF('M02.02.02 IMPORT CRM все направления, кроме ВГО, ручной слой'.'Единица', 'M02.02.02 IMPORT CRM все направления, кроме ВГО, ручной слой'.'ID Сделки распознано', 'M02.02.02 IMPORT CRM все направления, кроме ВГО, ручной слой'.'Фильтр выгрузки в DWH') + SUMIF('M02.02.04 IMPORT CRM ВГО ручной слой'.'Единица', 'M02.02.04 IMPORT CRM ВГО ручной слой'.'ID Сделки распознано', 'M02.02.04 IMPORT CRM ВГО ручной слой'.'Фильтр выгрузки в DWH') + SUMIF('M02.02.06 IMPORT 1С:УХ ручной слой'.'Единица', 'M02.02.06 IMPORT 1С:УХ ручной слой'.'ID Сделки распознано', 'M02.02.06 IMPORT 1С:УХ ручной слой'.'Фильтр выгрузки в DWH') + SUMIF('M02.02.10 Ручной ввод Extra Gap'.'Единица', 'M02.02.10 Ручной ввод Extra Gap'.'ID Сделки распознано', 'M02.02.10 Ручной ввод Extra Gap'.'Фильтр выгрузки в DWH') <> 0";"{""dataType"":""BOOLEAN"",""horizontalAlign"":""CENTER"",""verticalAlign"":""CENTER""}";;;None;;true;"{""storageType"":""PLANAR"",""recalculateAll"":true}";"'p Сделки Активные', 'Ручная сделка Итог'";32898;6.12773001194E-5;;129000000484;true;;;"SUMIF( '1032000013556',  '1032000013642',  '1032000015105'  ) +
SUMIF( '1055000013579' ,  '1055000013582',  '1055000015158'  ) + 
SUMIF( '1031000013383' ,  '1031000013754',  '1031000015159' ) + 
SUMIF( '1060000014322' ,  '1060000016134',  '1060000015206' ) <> 0";"SUMIF('M02.02.02 IMPORT CRM все направления, кроме ВГО, ручной слой'.'Единица', 'M02.02.02 IMPORT CRM все направления, кроме ВГО, ручной слой'.'ID Сделки распознано', 'M02.02.02 IMPORT CRM все направления, кроме ВГО, ручной слой'.'Фильтр выгрузки в DWH') + SUMIF('M02.02.04 IMPORT CRM ВГО ручной слой'.'Единица', 'M02.02.04 IMPORT CRM ВГО ручной слой'.'ID Сделки распознано', 'M02.02.04 IMPORT CRM ВГО ручной слой'.'Фильтр выгрузки в DWH') + SUMIF('M02.02.06 IMPORT 1С:УХ ручной слой'.'Единица', 'M02.02.06 IMPORT 1С:УХ ручной слой'.'ID Сделки распознано', 'M02.02.06 IMPORT 1С:УХ ручной слой'.'Фильтр выгрузки в DWH') + SUMIF('M02.02.10 Ручной ввод Extra Gap'.'Единица', 'M02.02.10 Ручной ввод Extra Gap'.'ID Сделки распознано', 'M02.02.10 Ручной ввод Extra Gap'.'Фильтр выгрузки в DWH') <> 0";
"Наличие в исходных данных с LAM";"SUMIF('M02.02.02 IMPORT CRM все направления, кроме ВГО, ручной слой'.'Единица', 'M02.02.02 IMPORT CRM все направления, кроме ВГО, ручной слой'.'ID Сделки распознано', 'M02.02.02 IMPORT CRM все направления, кроме ВГО, ручной слой'.'Фильтр выгрузки в DWH') + SUMIF('M02.02.04 IMPORT CRM ВГО ручной слой'.'Единица', 'M02.02.04 IMPORT CRM ВГО ручной слой'.'ID Сделки распознано', 'M02.02.04 IMPORT CRM ВГО ручной слой'.'Фильтр выгрузки в DWH') + SUMIF('M02.02.06 IMPORT 1С:УХ ручной слой'.'Единица', 'M02.02.06 IMPORT 1С:УХ ручной слой'.'ID Сделки распознано', 'M02.02.06 IMPORT 1С:УХ ручной слой'.'Фильтр выгрузки в DWH') + SUMIF('M02.02.10 Ручной ввод Extra Gap'.'Единица', 'M02.02.10 Ручной ввод Extra Gap'.'ID Сделки распознано', 'M02.02.10 Ручной ввод Extra Gap'.'Фильтр выгрузки в DWH') + SUMIF('Импорт LAM_данные CRM по БЕ'.'Единица', 'Импорт LAM_данные CRM по БЕ'.'item_ID сделки', 'Импорт LAM_данные CRM по БЕ'.'Фильтр выгрузки в DWH') <> 0";"{""dataType"":""BOOLEAN"",""horizontalAlign"":""CENTER"",""verticalAlign"":""CENTER""}";;;None;;true;"{""storageType"":""PLANAR"",""recalculateAll"":true}";"'p Сделки Активные LAM'";32898;6.12773001194E-5;;129000000988;true;;;"SUMIF( '1032000013556',  '1032000013642',  '1032000015105'  ) +
SUMIF( '1055000013579' ,  '1055000013582',  '1055000015158'  ) + 
SUMIF( '1031000013383' ,  '1031000013754',  '1031000015159' ) + 
SUMIF( '1060000014322' ,  '1060000016134',  '1060000015206' ) + SUMIF( '998000018666' , '998000012266' , '998000018670') <> 0";"SUMIF('M02.02.02 IMPORT CRM все направления, кроме ВГО, ручной слой'.'Единица', 'M02.02.02 IMPORT CRM все направления, кроме ВГО, ручной слой'.'ID Сделки распознано', 'M02.02.02 IMPORT CRM все направления, кроме ВГО, ручной слой'.'Фильтр выгрузки в DWH') + SUMIF('M02.02.04 IMPORT CRM ВГО ручной слой'.'Единица', 'M02.02.04 IMPORT CRM ВГО ручной слой'.'ID Сделки распознано', 'M02.02.04 IMPORT CRM ВГО ручной слой'.'Фильтр выгрузки в DWH') + SUMIF('M02.02.06 IMPORT 1С:УХ ручной слой'.'Единица', 'M02.02.06 IMPORT 1С:УХ ручной слой'.'ID Сделки распознано', 'M02.02.06 IMPORT 1С:УХ ручной слой'.'Фильтр выгрузки в DWH') + SUMIF('M02.02.10 Ручной ввод Extra Gap'.'Единица', 'M02.02.10 Ручной ввод Extra Gap'.'ID Сделки распознано', 'M02.02.10 Ручной ввод Extra Gap'.'Фильтр выгрузки в DWH') + SUMIF('Импорт LAM_данные CRM по БЕ'.'Единица', 'Импорт LAM_данные CRM по БЕ'.'item_ID сделки', 'Импорт LAM_данные CRM по БЕ'.'Фильтр выгрузки в DWH') <> 0";
"Ручная сделка";;"{""dataType"":""BOOLEAN"",""horizontalAlign"":""CENTER"",""verticalAlign"":""CENTER""}";;;None;;true;"{""storageType"":""PLANAR"",""recalculateAll"":true}";"'Ручная сделка Итог'";32898;6.12773001194E-5;;129000000290;true;;;;;
"Фильтр Сделки";"NOT ('p Сделки Активные' AND IN_DIMENSION('s Сделки Активные')) AND 'p Сделки Активные' OR NOT (IN_DIMENSION('s Сделки Активные') AND 'p Сделки Активные') AND IN_DIMENSION('s Сделки Активные')";"{""dataType"":""BOOLEAN"",""horizontalAlign"":""CENTER"",""verticalAlign"":""CENTER""}";;;None;;true;"{""storageType"":""PLANAR"",""recalculateAll"":true}";;32898;6.12773001194E-5;;129000000289;true;;;"NOT ('129000000090' AND IN_DIMENSION('109000000023')) AND '129000000090' OR NOT (IN_DIMENSION('109000000023') AND '129000000090') AND IN_DIMENSION('109000000023')";"NOT ('p Сделки Активные' AND IN_DIMENSION('s Сделки Активные')) AND 'p Сделки Активные' OR NOT (IN_DIMENSION('s Сделки Активные') AND 'p Сделки Активные') AND IN_DIMENSION('s Сделки Активные')";
"Фильтр Сделки LAM";"NOT ('p Сделки Активные LAM' AND IN_DIMENSION('s Сделки Активные LAM')) AND 'p Сделки Активные LAM' OR NOT (IN_DIMENSION('s Сделки Активные LAM') AND 'p Сделки Активные LAM') AND IN_DIMENSION('s Сделки Активные LAM')";"{""dataType"":""BOOLEAN"",""horizontalAlign"":""CENTER"",""verticalAlign"":""CENTER""}";;;None;;true;"{""storageType"":""PLANAR"",""recalculateAll"":true}";;32898;6.12773001194E-5;;129000000990;true;;;"NOT ('129000000989' AND IN_DIMENSION('109000000226')) AND '129000000989' OR NOT (IN_DIMENSION('109000000226') AND '129000000989') AND IN_DIMENSION('109000000226')";"NOT ('p Сделки Активные LAM' AND IN_DIMENSION('s Сделки Активные LAM')) AND 'p Сделки Активные LAM' OR NOT (IN_DIMENSION('s Сделки Активные LAM') AND 'p Сделки Активные LAM') AND IN_DIMENSION('s Сделки Активные LAM')";
"p Сделки Активные";"'Ручная сделка Итог' OR 'Наличие в исходных данных'";"{""dataType"":""BOOLEAN"",""horizontalAlign"":""CENTER"",""verticalAlign"":""CENTER""}";"SUM('Исходные данные CRM'.'Модуль факта и прогноза', 'Исходные данные CRM'.'ID Сдел распознано') <> 0 OR 'Ручная сделка'";;None;;true;"{""storageType"":""PLANAR"",""recalculateAll"":true}";"'Фильтр Сделки', Variables.'Количество активных сделок'";32898;6.12773001194E-5;;129000000090;true;;;"'129000000483' OR '129000000484'";"'Ручная сделка Итог' OR 'Наличие в исходных данных'";
"p Сделки Активные LAM";"'Ручная сделка Итог' OR 'Наличие в исходных данных с LAM'";"{""dataType"":""BOOLEAN"",""horizontalAlign"":""CENTER"",""verticalAlign"":""CENTER""}";;;None;;true;"{""storageType"":""PLANAR"",""recalculateAll"":true}";"'Фильтр Сделки LAM'";32898;6.12773001194E-5;;129000000989;true;;;"'129000000483' OR  '129000000988'";"'Ручная сделка Итог' OR 'Наличие в исходных данных с LAM'";
"Фильтр сделки несколько ЦК";"NOT ('p.Сделки несколько ЦК' AND IN_DIMENSION('s Сделки несколько ЦК')) AND 'p.Сделки несколько ЦК' OR NOT (IN_DIMENSION('s Сделки несколько ЦК') AND 'p.Сделки несколько ЦК') AND IN_DIMENSION('s Сделки несколько ЦК')";"{""dataType"":""BOOLEAN"",""horizontalAlign"":""CENTER"",""verticalAlign"":""CENTER""}";;;None;;true;"{""storageType"":""PLANAR"",""recalculateAll"":true}";"'Сводная информация по ошибкам'.'Несовпадение выборки сделок для ТД'";32898;6.12773001194E-5;;129000000485;true;;;"NOT ('129000000486' AND IN_DIMENSION('109000000119')) AND '129000000486' OR NOT (IN_DIMENSION('109000000119') AND '129000000486') AND IN_DIMENSION('109000000119')";"NOT ('p.Сделки несколько ЦК' AND IN_DIMENSION('s Сделки несколько ЦК')) AND 'p.Сделки несколько ЦК' OR NOT (IN_DIMENSION('s Сделки несколько ЦК') AND 'p.Сделки несколько ЦК') AND IN_DIMENSION('s Сделки несколько ЦК')";
"p.Сделки несколько ЦК";"MAX('Сделки помесячно'.'Сумма записей помесячно') > 1";"{""dataType"":""BOOLEAN"",""horizontalAlign"":""CENTER"",""verticalAlign"":""CENTER""}";;;None;;true;"{""storageType"":""PLANAR"",""recalculateAll"":true}";"'Фильтр сделки несколько ЦК'";32898;6.12773001194E-5;;129000000486;true;;;"MAX('459000002853') > 1";"MAX('Сделки помесячно'.'Сумма записей помесячно') > 1";
"Для удаления";"SELF('L Сделки':-1) + (IF NOT BOOLEAN('Код') THEN 1 ELSE 0)";"{""dataType"":""NUMBER"",""minimumSignificantDigits"":-1,""decimalPlaces"":0,""decimalSeparator"":""FULL_STOP"",""groupingSeparator"":""SPACE"",""negativeNumberNotation"":""MINUS_SIGN"",""zeroFormat"":""ZERO"",""unitsType"":""NONE"",""unitsDisplayType"":""NONE"",""currencyCode"":null,""customUnits"":null,""comparisonIncrease"":""GOOD"",""nanApplied"":false,""nanDisplayValue"":""NaN"",""horizontalAlign"":""RIGHT"",""verticalAlign"":""CENTER""}";;;Sum;;true;"{""storageType"":""PLANAR"",""recalculateAll"":true}";;32898;0.0002451092004776;;129000000712;true;;;"SELF('101000000006':-1) + (IF NOT BOOLEAN('129000000091') THEN 1 ELSE 0)";"SELF('L Сделки':-1) + (IF NOT BOOLEAN('Код') THEN 1 ELSE 0)";
Удалить?;"NOT BOOLEAN('Код')";"{""dataType"":""BOOLEAN"",""horizontalAlign"":""CENTER"",""verticalAlign"":""CENTER""}";;;None;;true;"{""storageType"":""PLANAR"",""recalculateAll"":true}";;32898;6.12773001194E-5;;129000000711;true;;;"NOT BOOLEAN('129000000091')";"NOT BOOLEAN('Код')";
"L Источники сделки";;;АП;;;;;;;4;7.4505805969238E-9;;101000000121;;;;;;
"Воронка CRM и EG";;"{""dataType"":""BOOLEAN"",""horizontalAlign"":""CENTER"",""verticalAlign"":""CENTER""}";;;None;;true;"{""storageType"":""PLANAR"",""recalculateAll"":true}";"'M03.01.02 Воронка CRM и EG без 1С:УХ'.БЕ, 'M03.01.02 Воронка CRM и EG без 1С:УХ'.ЮЛ, 'M03.01.02 Воронка CRM и EG без 1С:УХ'.'L Сделки', 'M03.01.02 Воронка CRM и EG без 1С:УХ'.'ID Договора', 'M03.01.02 Воронка CRM и EG без 1С:УХ'.Проект, 'M03.01.02 Воронка CRM и EG без 1С:УХ'.'Продукт 1С:УХ', 'M03.01.02 Воронка CRM и EG без 1С:УХ'.СуперПродукт, 'M03.01.02 Воронка CRM и EG без 1С:УХ'.'КАМ full', 'M03.01.02 Воронка CRM и EG без 1С:УХ'.Направление, 'M03.01.02 Воронка CRM и EG без 1С:УХ'.Вероятность, 'M03.01.02 Воронка CRM и EG без 1С:УХ'.'Маржа, эксп., %', 'M03.01.02 Воронка CRM и EG без 1С:УХ'.'Бизнес категория', 'M03.01.02 Воронка CRM и EG без 1С:УХ'.МВЗ, 'M03.01.02 Воронка CRM и EG без 1С:УХ'.'Строка текст', 'M03.01.02 Воронка CRM и EG без 1С:УХ'.'Строка текст вго', 'M03.01.02 Воронка CRM и EG без 1С:УХ'.'Фильтр по сделкам', 'M03.01.02 Воронка CRM и EG без 1С:УХ'.'Продукт CRM'";4;7.4505805969238E-9;;129000000871;true;;;;;
"L Сделки Custom";;;;;;;;;;527055;0.0022906716912985;;101000000081;;;;;;
item;"ITEM('L Сделки Custom')";"{""dataType"":""ENTITY"",""hierarchyEntityLongId"":101000000081,""horizontalAlign"":""LEFT"",""verticalAlign"":""CENTER"",""selectiveAccessApplied"":false,""dependentApplied"":false,""dependentEntityLongId"":null,""dimensionContext"":false}";;;None;;true;"{""storageType"":""PLANAR"",""recalculateAll"":true}";"name, code, 'ML01.03.09 Сделки Custom'.item";35137;0.00026179105043411;;129000000491;true;;;ITEM('101000000081');"ITEM('L Сделки Custom')";
name;NAME('item');"{""dataType"":""TEXT"",""textType"":""GENERAL"",""maxLength"":0,""lineBreak"":true,""wordWrap"":false,""ignoreTextIndent"":false,""horizontalAlign"":""LEFT"",""verticalAlign"":""TOP""}";;;None;;true;"{""storageType"":""PLANAR"",""recalculateAll"":true}";;35137;0;;129000000492;true;;;NAME('129000000491');NAME('item');
code;CODE('item');"{""dataType"":""TEXT"",""textType"":""GENERAL"",""maxLength"":0,""lineBreak"":true,""wordWrap"":false,""ignoreTextIndent"":false,""horizontalAlign"":""LEFT"",""verticalAlign"":""TOP""}";;;None;;true;"{""storageType"":""PLANAR"",""recalculateAll"":true}";;35137;0;;129000000493;true;;;CODE('129000000491');CODE('item');
"Display Name";;"{""dataType"":""TEXT"",""textType"":""GENERAL"",""maxLength"":0,""lineBreak"":true,""wordWrap"":false,""ignoreTextIndent"":false,""horizontalAlign"":""LEFT"",""verticalAlign"":""TOP""}";;;Input;;true;"{""storageType"":""PLANAR"",""recalculateAll"":true}";"'L Сделки', 'ML01.03.09 Сделки Custom'.'ID Сделки'";35137;0;;129000000494;true;;;;;
"L BE";;"{""dataType"":""ENTITY"",""hierarchyEntityLongId"":101000000005,""horizontalAlign"":""LEFT"",""verticalAlign"":""CENTER"",""selectiveAccessApplied"":false,""dependentApplied"":false,""dependentEntityLongId"":null,""dimensionContext"":false,""filterType"":""NONE""}";"SELECT('M03.01.01 Свод по выручке'.'БЕ', 'L BE':FIRSTNONBLANK(), 'L Версии':'L Версии'.'БП2026_тест')";;None;;true;"{""storageType"":""PLANAR"",""recalculateAll"":true}";"'M03.01.12 Распределение выручки и себестоимости по МВЗ (на месяцах)'.БЕ, 'Форма LAM_Сделки Custom'.'БЕ для расчета распознано'";35137;0.00026179105043411;;129000000876;true;;;;;
"Дата контрактования";;"{""dataType"":""DATE"",""format"":""EUROPA"",""horizontalAlign"":""LEFT"",""verticalAlign"":""CENTER"",""precision"":""DAYS""}";;;None;;true;"{""storageType"":""PLANAR"",""recalculateAll"":true}";"'M02.02.11 IMPORT План расходов ТД CRM и EG'.'Дата контрактования'";35137;0.00039268657565117;;129000000880;true;;;;;
"Ручная сделка?";"PROPERTY('L Сделки'.'Ручная сделка Итог', 'L Сделки')";"{""dataType"":""BOOLEAN"",""horizontalAlign"":""CENTER"",""verticalAlign"":""CENTER""}";;;None;;true;"{""storageType"":""PLANAR"",""recalculateAll"":true}";"'Есть в исходных данных?', 'Есть в исходных данных? LAM', 'ML01.03.09 Сделки Custom'.'L Ком блок', 'ML01.03.09 Сделки Custom'.'ID Догов', 'ML01.03.09 Сделки Custom'.Проект, 'ML01.03.09 Сделки Custom'.Клиент, 'ML01.03.09 Сделки Custom'.'Фин клиент', 'ML01.03.09 Сделки Custom'.КАМ, 'ML01.03.09 Сделки Custom'.'Дата контр', 'ML01.03.09 Сделки Custom'.'Маржа, эксп., %', 'ML01.03.09 Сделки Custom'.'Валюта контр', 'ML01.03.09 Сделки Custom'.НДС, 'ML01.03.09 Сделки Custom'.'ЮЛ Т1И', 'ML01.03.09 Сделки Custom'.'ИНН Фин. заказчик', 'ML01.03.09 Сделки Custom'.'ИНН Заказчик', 'ML01.03.09 Сделки Custom'.'Сумма Total', 'ML01.03.09 Сделки Custom'.Вероятность, 'ML01.03.09 Сделки Custom'.'Вертикаль, Бюджет', 'ML01.03.09 Сделки Custom'.'ID Показ', 'ML01.03.09 Сделки Custom'.'БизКат текст', 'ML01.03.09 Сделки Custom'.'Группа БизКат текст', 'ML01.03.09 Сделки Custom'.БизКат, 'ML01.03.09 Сделки Custom'.Направление";35137;6.5447762608528E-5;;129000000582;true;;;"PROPERTY('129000000483', '129000000581')";"PROPERTY('L Сделки'.'Ручная сделка Итог', 'L Сделки')";
"L Сделки";"FINDITEM('L Сделки', 'Display Name')";"{""dataType"":""ENTITY"",""hierarchyEntityLongId"":101000000006,""horizontalAlign"":""LEFT"",""verticalAlign"":""CENTER"",""selectiveAccessApplied"":false,""dependentApplied"":false,""dependentEntityLongId"":null,""dimensionContext"":false}";;;None;;true;"{""storageType"":""PLANAR"",""recalculateAll"":true}";"'Ручная сделка?', 'ML01.03.09 Сделки Custom'.'L Ком блок', 'ML01.03.09 Сделки Custom'.БЕ, 'ML01.03.09 Сделки Custom'.'ID Догов', 'ML01.03.09 Сделки Custom'.Проект, 'ML01.03.09 Сделки Custom'.Клиент, 'ML01.03.09 Сделки Custom'.'Фин клиент', 'ML01.03.09 Сделки Custom'.КАМ, 'ML01.03.09 Сделки Custom'.'Дата контр', 'ML01.03.09 Сделки Custom'.'Маржа, эксп., %', 'ML01.03.09 Сделки Custom'.'Валюта контр', 'ML01.03.09 Сделки Custom'.НДС, 'ML01.03.09 Сделки Custom'.'ЮЛ Т1И', 'ML01.03.09 Сделки Custom'.'ИНН Фин. заказчик', 'ML01.03.09 Сделки Custom'.'ИНН Заказчик', 'ML01.03.09 Сделки Custom'.'Сумма Total', 'ML01.03.09 Сделки Custom'.Вероятность, 'ML01.03.09 Сделки Custom'.'Вертикаль, Бюджет', 'ML01.03.09 Сделки Custom'.'ID Показ', 'ML01.03.09 Сделки Custom'.'БизКат текст', 'ML01.03.09 Сделки Custom'.'Группа БизКат текст', 'ML01.03.09 Сделки Custom'.БизКат, 'ML01.03.09 Сделки Custom'.Направление, 'Воронка v1 сбор исходная custom'.'БК по обычным сделкам', 'M05.05.01 REPORT Отчет по валовой прибыли БЕ по сделкам воронки, суммы'.'ID сделки', 'Форма LAM_Сделки Custom'.'ID Сделки'";35137;0.00026179105043411;;129000000581;true;;;"FINDITEM('101000000006', '129000000494')";"FINDITEM('L Сделки', 'Display Name')";
"Сумма исходные данные";"SUMIF('M02.02.02 IMPORT CRM все направления, кроме ВГО, ручной слой'.'Единица', 'M02.02.02 IMPORT CRM все направления, кроме ВГО, ручной слой'.'ID Сделки Custom', 'M02.02.02 IMPORT CRM все направления, кроме ВГО, ручной слой'.'Фильтр выгрузки в DWH') + SUMIF('M02.02.04 IMPORT CRM ВГО ручной слой'.'Единица', 'M02.02.04 IMPORT CRM ВГО ручной слой'.'ID Сделки Custom', 'M02.02.04 IMPORT CRM ВГО ручной слой'.'Фильтр выгрузки в DWH') + SUMIF('M02.02.06 IMPORT 1С:УХ ручной слой'.'Единица', 'M02.02.06 IMPORT 1С:УХ ручной слой'.'ID Сделки Custom', 'M02.02.06 IMPORT 1С:УХ ручной слой'.'Фильтр выгрузки в DWH') + SUMIF('M02.02.10 Ручной ввод Extra Gap'.'Единица', 'M02.02.10 Ручной ввод Extra Gap'.'ID Сделки Custom', 'M02.02.10 Ручной ввод Extra Gap'.'Фильтр выгрузки в DWH')";"{""dataType"":""NUMBER"",""minimumSignificantDigits"":-1,""decimalPlaces"":0,""decimalSeparator"":""FULL_STOP"",""groupingSeparator"":""SPACE"",""negativeNumberNotation"":""MINUS_SIGN"",""zeroFormat"":""ZERO"",""unitsType"":""NONE"",""unitsDisplayType"":""NONE"",""currencyCode"":null,""customUnits"":null,""comparisonIncrease"":""GOOD"",""nanApplied"":false,""nanDisplayValue"":""NaN""}";"SUM('Исходные данные CRM'.'1', 'Исходные данные CRM'.'Сделка custom')";;None;;true;"{""storageType"":""PLANAR"",""recalculateAll"":true}";"'Есть в исходных данных?'";35137;0.00026179105043411;;129000000495;true;;;"SUMIF( '1032000013556',  '1032000015290',  '1032000015105'  ) +
SUMIF( '1055000013579' ,  '1055000015291',  '1055000015158'  ) + 
SUMIF( '1031000013383' ,  '1031000015292',  '1031000015159' ) + 
SUMIF( '1060000014322' ,  '1060000015293',  '1060000015206' )";"SUMIF('M02.02.02 IMPORT CRM все направления, кроме ВГО, ручной слой'.'Единица', 'M02.02.02 IMPORT CRM все направления, кроме ВГО, ручной слой'.'ID Сделки Custom', 'M02.02.02 IMPORT CRM все направления, кроме ВГО, ручной слой'.'Фильтр выгрузки в DWH') + SUMIF('M02.02.04 IMPORT CRM ВГО ручной слой'.'Единица', 'M02.02.04 IMPORT CRM ВГО ручной слой'.'ID Сделки Custom', 'M02.02.04 IMPORT CRM ВГО ручной слой'.'Фильтр выгрузки в DWH') + SUMIF('M02.02.06 IMPORT 1С:УХ ручной слой'.'Единица', 'M02.02.06 IMPORT 1С:УХ ручной слой'.'ID Сделки Custom', 'M02.02.06 IMPORT 1С:УХ ручной слой'.'Фильтр выгрузки в DWH') + SUMIF('M02.02.10 Ручной ввод Extra Gap'.'Единица', 'M02.02.10 Ручной ввод Extra Gap'.'ID Сделки Custom', 'M02.02.10 Ручной ввод Extra Gap'.'Фильтр выгрузки в DWH')";
"Сумма исходные данные LAM";"SUMIF('M02.02.02 IMPORT CRM все направления, кроме ВГО, ручной слой'.'Единица', 'M02.02.02 IMPORT CRM все направления, кроме ВГО, ручной слой'.'ID Сделки Custom', 'M02.02.02 IMPORT CRM все направления, кроме ВГО, ручной слой'.'Фильтр выгрузки в DWH') + SUMIF('M02.02.04 IMPORT CRM ВГО ручной слой'.'Единица', 'M02.02.04 IMPORT CRM ВГО ручной слой'.'ID Сделки Custom', 'M02.02.04 IMPORT CRM ВГО ручной слой'.'Фильтр выгрузки в DWH') + SUMIF('M02.02.06 IMPORT 1С:УХ ручной слой'.'Единица', 'M02.02.06 IMPORT 1С:УХ ручной слой'.'ID Сделки Custom', 'M02.02.06 IMPORT 1С:УХ ручной слой'.'Фильтр выгрузки в DWH') + SUMIF('M02.02.10 Ручной ввод Extra Gap'.'Единица', 'M02.02.10 Ручной ввод Extra Gap'.'ID Сделки Custom', 'M02.02.10 Ручной ввод Extra Gap'.'Фильтр выгрузки в DWH') + SUMIF('Импорт LAM_данные CRM по БЕ'.'Единица', 'Импорт LAM_данные CRM по БЕ'.'item_ID сделки custom', 'Импорт LAM_данные CRM по БЕ'.'Фильтр выгрузки в DWH')";"{""dataType"":""NUMBER"",""minimumSignificantDigits"":-1,""decimalPlaces"":-1,""decimalSeparator"":""FULL_STOP"",""groupingSeparator"":""SPACE"",""negativeNumberNotation"":""MINUS_SIGN"",""zeroFormat"":""ZERO"",""unitsType"":""NONE"",""unitsDisplayType"":""NONE"",""currencyCode"":null,""customUnits"":null,""comparisonIncrease"":""GOOD"",""nanApplied"":false,""nanDisplayValue"":""NaN"",""hasRounding"":true,""maximumSignificantAllDigits"":-1,""maximumSignificantIntegerDigits"":-1,""maximumSignificantDecimalDigits"":-1,""horizontalAlign"":""RIGHT"",""verticalAlign"":""CENTER"",""inputFormatSettingApplied"":false,""sendFormatSettingApplied"":false,""insignificantIntegerRanks"":-1,""significantDecimalRanks"":0,""savingFormatSettingApplied"":false,""savingFormatSettings"":{""decimalPlaces"":15}}";;;Sum;;true;"{""storageType"":""PLANAR"",""recalculateAll"":true}";"'Есть в исходных данных? LAM'";35137;0.00026179105043411;;129000000991;true;;;"SUMIF('1032000013556', '1032000015290', '1032000015105') + SUMIF('1055000013579', '1055000015291', '1055000015158') + SUMIF('1031000013383', '1031000015292', '1031000015159') + SUMIF('1060000014322', '1060000015293', '1060000015206')
+ SUMIF( '998000018666' , '998000018673' , '998000018670' )";"SUMIF('M02.02.02 IMPORT CRM все направления, кроме ВГО, ручной слой'.'Единица', 'M02.02.02 IMPORT CRM все направления, кроме ВГО, ручной слой'.'ID Сделки Custom', 'M02.02.02 IMPORT CRM все направления, кроме ВГО, ручной слой'.'Фильтр выгрузки в DWH') + SUMIF('M02.02.04 IMPORT CRM ВГО ручной слой'.'Единица', 'M02.02.04 IMPORT CRM ВГО ручной слой'.'ID Сделки Custom', 'M02.02.04 IMPORT CRM ВГО ручной слой'.'Фильтр выгрузки в DWH') + SUMIF('M02.02.06 IMPORT 1С:УХ ручной слой'.'Единица', 'M02.02.06 IMPORT 1С:УХ ручной слой'.'ID Сделки Custom', 'M02.02.06 IMPORT 1С:УХ ручной слой'.'Фильтр выгрузки в DWH') + SUMIF('M02.02.10 Ручной ввод Extra Gap'.'Единица', 'M02.02.10 Ручной ввод Extra Gap'.'ID Сделки Custom', 'M02.02.10 Ручной ввод Extra Gap'.'Фильтр выгрузки в DWH') + SUMIF('Импорт LAM_данные CRM по БЕ'.'Единица', 'Импорт LAM_данные CRM по БЕ'.'item_ID сделки custom', 'Импорт LAM_данные CRM по БЕ'.'Фильтр выгрузки в DWH')";
"Есть в исходных данных?";"'Сумма исходные данные' <> 0 OR 'Ручная сделка?'";"{""dataType"":""BOOLEAN"",""horizontalAlign"":""CENTER"",""verticalAlign"":""CENTER""}";"'Сумма исходные данные' <> 0";;None;;true;"{""storageType"":""PLANAR"",""recalculateAll"":true}";"'Фильтр обновления активных сделок', Variables.'Количество активных сделок custom'";35137;6.5447762608528E-5;;129000000496;true;;;"'129000000495' <> 0 OR '129000000582'";"'Сумма исходные данные' <> 0 OR 'Ручная сделка?'";
"Есть в исходных данных? LAM";"'Сумма исходные данные LAM' <> 0 OR 'Ручная сделка?'";"{""dataType"":""BOOLEAN"",""horizontalAlign"":""CENTER"",""verticalAlign"":""CENTER""}";;;None;;true;"{""storageType"":""PLANAR"",""recalculateAll"":true}";"'Фильтр обновления активных сделок LAM'";35137;6.5447762608528E-5;;129000000992;true;;;"'129000000991'  <> 0 OR '129000000582'";"'Сумма исходные данные LAM' <> 0 OR 'Ручная сделка?'";
"Фильтр обновления активных сделок";"NOT ('Есть в исходных данных?' AND IN_DIMENSION('s.Активные сделки custom')) AND 'Есть в исходных данных?' OR NOT (IN_DIMENSION('s.Активные сделки custom') AND 'Есть в исходных данных?') AND IN_DIMENSION('s.Активные сделки custom')";"{""dataType"":""BOOLEAN"",""horizontalAlign"":""CENTER"",""verticalAlign"":""CENTER""}";;;None;;true;"{""storageType"":""PLANAR"",""recalculateAll"":true}";;35137;6.5447762608528E-5;;129000000497;true;;;"NOT ('129000000496' AND IN_DIMENSION('109000000122')) AND '129000000496' OR NOT (IN_DIMENSION('109000000122') AND '129000000496') AND IN_DIMENSION('109000000122')";"NOT ('Есть в исходных данных?' AND IN_DIMENSION('s.Активные сделки custom')) AND 'Есть в исходных данных?' OR NOT (IN_DIMENSION('s.Активные сделки custom') AND 'Есть в исходных данных?') AND IN_DIMENSION('s.Активные сделки custom')";
"Фильтр обновления активных сделок LAM";"NOT ('Есть в исходных данных? LAM' AND IN_DIMENSION('s.Активные сделки custom LAM')) AND 'Есть в исходных данных? LAM' OR NOT (IN_DIMENSION('s.Активные сделки custom LAM') AND 'Есть в исходных данных? LAM') AND IN_DIMENSION('s.Активные сделки custom LAM')";"{""dataType"":""BOOLEAN"",""horizontalAlign"":""CENTER"",""verticalAlign"":""CENTER""}";;;None;;true;"{""storageType"":""PLANAR"",""recalculateAll"":true}";;35137;6.5447762608528E-5;;129000000993;true;;;"NOT ('129000000992' AND IN_DIMENSION('109000000227')) AND '129000000992' OR NOT (IN_DIMENSION('109000000227') AND '129000000992') AND IN_DIMENSION('109000000227')";"NOT ('Есть в исходных данных? LAM' AND IN_DIMENSION('s.Активные сделки custom LAM')) AND 'Есть в исходных данных? LAM' OR NOT (IN_DIMENSION('s.Активные сделки custom LAM') AND 'Есть в исходных данных? LAM') AND IN_DIMENSION('s.Активные сделки custom LAM')";
1;1;"{""dataType"":""NUMBER"",""minimumSignificantDigits"":-1,""decimalPlaces"":-1,""decimalSeparator"":""FULL_STOP"",""groupingSeparator"":""SPACE"",""negativeNumberNotation"":""MINUS_SIGN"",""zeroFormat"":""ZERO"",""unitsType"":""NONE"",""unitsDisplayType"":""NONE"",""currencyCode"":null,""customUnits"":null,""comparisonIncrease"":""GOOD"",""nanApplied"":false,""nanDisplayValue"":""NaN"",""hasRounding"":true,""maximumSignificantAllDigits"":-1,""maximumSignificantIntegerDigits"":-1,""maximumSignificantDecimalDigits"":-1,""horizontalAlign"":""RIGHT"",""verticalAlign"":""CENTER"",""inputFormatSettingApplied"":false,""sendFormatSettingApplied"":false,""insignificantIntegerRanks"":-1,""significantDecimalRanks"":0,""savingFormatSettingApplied"":false,""savingFormatSettings"":{""decimalPlaces"":15}}";;;Sum;;true;"{""storageType"":""PLANAR"",""recalculateAll"":true}";"Variables.'Количество активных сделок custom'";35137;0.00026179105043411;;129000000879;true;;;1;1;
"L Cделки EG Custom";;;;;;;;;;0;0;;101000000124;;;;;;
"L Проект";;;;;;;;;;678;2.5257468223572E-6;;101000000018;;;;;;
item;"ITEM('L Проект')";"{""dataType"":""ENTITY"",""hierarchyEntityLongId"":101000000018,""horizontalAlign"":""LEFT"",""verticalAlign"":""CENTER"",""selectiveAccessApplied"":false,""dependentApplied"":false,""dependentEntityLongId"":null,""dimensionContext"":false}";;;None;;true;"{""storageType"":""PLANAR"",""recalculateAll"":true}";"'text name'";339;2.5257468223572E-6;;129000000389;true;;;ITEM('101000000018');"ITEM('L Проект')";
"text name";NAME('item');"{""dataType"":""TEXT"",""textType"":""GENERAL"",""maxLength"":0,""lineBreak"":true,""wordWrap"":false,""ignoreTextIndent"":false,""horizontalAlign"":""LEFT"",""verticalAlign"":""TOP""}";;;None;;true;"{""storageType"":""PLANAR"",""recalculateAll"":true}";"'M05.02.08 REPORT Детализация PL с версиями'.'Проект CRM'";339;0;;129000000390;true;;;NAME('129000000389');NAME('item');
"L Контрагент (для передачи)";;;;;;;;;;175;7.82310962677E-7;;101000000072;;;;;;
item;"ITEM('L Контрагент (для передачи)')";"{""dataType"":""ENTITY"",""hierarchyEntityLongId"":101000000072,""horizontalAlign"":""LEFT"",""verticalAlign"":""CENTER"",""selectiveAccessApplied"":false,""dependentApplied"":false,""dependentEntityLongId"":null,""dimensionContext"":false}";;;None;;true;"{""storageType"":""PLANAR"",""recalculateAll"":true}";"Имя, Код";35;2.6077032089233E-7;;129000000419;true;;;ITEM('101000000072');"ITEM('L Контрагент (для передачи)')";
Имя;NAME('item');"{""dataType"":""TEXT"",""textType"":""GENERAL"",""maxLength"":0,""lineBreak"":true,""wordWrap"":false,""ignoreTextIndent"":false,""horizontalAlign"":""LEFT"",""verticalAlign"":""TOP""}";;;None;;true;"{""storageType"":""PLANAR"",""recalculateAll"":true}";"'ML01.03.12 Клиенты'.'Контрагент текст'";35;0;;129000000420;true;;;NAME('129000000419');NAME('item');
Код;CODE('item');"{""dataType"":""TEXT"",""textType"":""GENERAL"",""maxLength"":0,""lineBreak"":true,""wordWrap"":false,""ignoreTextIndent"":false,""horizontalAlign"":""LEFT"",""verticalAlign"":""TOP""}";;;None;;true;"{""storageType"":""PLANAR"",""recalculateAll"":true}";"'Контрагент 1С УХ', 'M05.02.08 REPORT Детализация PL с версиями'.'Контрагент ref'";35;0;;129000000421;true;;;CODE('129000000419');CODE('item');
"L2 ЮЛ";;"{""dataType"":""ENTITY"",""hierarchyEntityLongId"":101000000062,""horizontalAlign"":""LEFT"",""verticalAlign"":""CENTER"",""selectiveAccessApplied"":false,""dependentApplied"":false,""dependentEntityLongId"":null,""dimensionContext"":false}";;;None;;true;"{""storageType"":""PLANAR"",""recalculateAll"":true}";;35;2.6077032089233E-7;;129000000444;true;;;;;
"Контрагент 1С УХ";"FINDITEM('L Контрагенты 1СУХ', 'Код')";"{""dataType"":""ENTITY"",""hierarchyEntityLongId"":101000000086,""horizontalAlign"":""LEFT"",""verticalAlign"":""CENTER"",""selectiveAccessApplied"":false,""dependentApplied"":false,""dependentEntityLongId"":null,""dimensionContext"":false,""filterType"":""NONE""}";;;None;;true;"{""storageType"":""PLANAR"",""recalculateAll"":true}";;35;2.6077032089233E-7;;129000000704;true;;;"FINDITEM('101000000086', '129000000421')";"FINDITEM('L Контрагенты 1СУХ', 'Код')";
"L Контрагенты 1СУХ";;;;;;;;;;1177726;0.0028916765004396;;101000000086;;;;;;
item;"ITEM('L Контрагенты 1СУХ')";"{""dataType"":""ENTITY"",""hierarchyEntityLongId"":101000000086,""horizontalAlign"":""LEFT"",""verticalAlign"":""CENTER"",""selectiveAccessApplied"":false,""dependentApplied"":false,""dependentEntityLongId"":null,""dimensionContext"":false,""filterType"":""NONE""}";;;Formula;;true;"{""storageType"":""PLANAR"",""recalculateAll"":true}";"name, code, parent, 'Заполнить код?'";53533;0.00039885193109512;;129000000638;true;;;ITEM('101000000086');"ITEM('L Контрагенты 1СУХ')";
name;NAME('item');"{""dataType"":""TEXT"",""textType"":""GENERAL"",""maxLength"":0,""lineBreak"":true,""wordWrap"":false,""ignoreTextIndent"":false,""horizontalAlign"":""LEFT"",""verticalAlign"":""TOP""}";;;Formula;;true;"{""storageType"":""PLANAR"",""recalculateAll"":true}";;53533;0;;129000000639;true;;;NAME('129000000638');NAME('item');
code;CODE('item');"{""dataType"":""TEXT"",""textType"":""GENERAL"",""maxLength"":0,""lineBreak"":true,""wordWrap"":false,""ignoreTextIndent"":false,""horizontalAlign"":""LEFT"",""verticalAlign"":""TOP""}";;;Formula;;true;"{""storageType"":""PLANAR"",""recalculateAll"":true}";;53533;0;;129000000640;true;;;CODE('129000000638');CODE('item');
parent;PARENT('item');"{""dataType"":""ENTITY"",""hierarchyEntityLongId"":101000000086,""horizontalAlign"":""LEFT"",""verticalAlign"":""CENTER"",""selectiveAccessApplied"":false,""dependentApplied"":false,""dependentEntityLongId"":null,""dimensionContext"":false,""filterType"":""NONE""}";;;None;;true;"{""storageType"":""PLANAR"",""recalculateAll"":true}";"'Контрагент ВГО?'";53533;0.00039885193109512;;129000000646;true;;;PARENT('129000000638');PARENT('item');
inn;;"{""dataType"":""TEXT"",""textType"":""GENERAL"",""maxLength"":0,""lineBreak"":true,""wordWrap"":false,""ignoreTextIndent"":false,""horizontalAlign"":""LEFT"",""verticalAlign"":""TOP""}";;;Input;;true;"{""storageType"":""PLANAR"",""recalculateAll"":true}";"'Заполнено ИНН и Направление', 'Новый Код', 'M05.04.08 REPORT LAM_Выручка'.'ИНН контрагента', 'M05.04.09 REPORT LAM_Себестоимость'.'ИНН контрагента', 'M05.04.10 REPORT LAM_GM1'.'ИНН контрагента', 'M05.04.11 REPORT LAM_GM1, %'.'ИНН контрагента', 'M02.02.06 IMPORT 1С:УХ ручной слой'.'ИНН Заказчика'";53533;0;;129000000624;true;;;;;
el_code;;"{""dataType"":""TEXT"",""textType"":""GENERAL"",""maxLength"":0,""lineBreak"":true,""wordWrap"":false,""ignoreTextIndent"":false,""horizontalAlign"":""LEFT"",""verticalAlign"":""TOP""}";;;Input;;true;"{""storageType"":""PLANAR"",""recalculateAll"":true}";;53533;0;;129000000625;true;;;;;
description;;"{""dataType"":""TEXT"",""textType"":""GENERAL"",""maxLength"":0,""lineBreak"":true,""wordWrap"":false,""ignoreTextIndent"":false,""horizontalAlign"":""LEFT"",""verticalAlign"":""TOP""}";;;Input;;true;"{""storageType"":""PLANAR"",""recalculateAll"":true}";"'M05.02.08 REPORT Детализация PL с версиями'.Контрагент, 'M05.02.08 REPORT Детализация PL с версиями'.'Конечный контрагент name', 'M05.03.05 REPORT Детализация CF с версиями'.'name Контрагент', 'M05.03.05 REPORT Детализация CF с версиями'.'Контрагент name', 'M05.03.05 REPORT Детализация CF с версиями'.'Конечный контрагент name', 'ML01.03.12 Клиенты'.'Контрагент 1С УХ текст', 'Расходы по ЦФО OPEX по направлениям PL ручной ввод'.'Контрагент текст', 'M02.02.06 IMPORT 1С:УХ ручной слой'.'Заказчик 1С:УХ справочно', 'M03.01.01 Свод по выручке'.'Конечный заказчик', 'M03.01.01 Свод по выручке'.Контрагент, 'M02.02.11 IMPORT План расходов ТД CRM и EG'.Контрагент, 'M03.01.03 Сводный план Технической Дирекции'.Контрагент, 'M03.01.03 Сводный план Технической Дирекции'.'Конечный заказчик', 'M02.01.02 Импорт факта (ручной)'.'Контрагент распознано'";53533;0;;129000000626;true;;;;;
isfolder;;"{""dataType"":""BOOLEAN"",""horizontalAlign"":""CENTER"",""verticalAlign"":""CENTER""}";;;Input;;true;"{""storageType"":""PLANAR"",""recalculateAll"":true}";;53533;9.9712982773781E-5;;129000000627;true;;;;;
deletionmark;;"{""dataType"":""BOOLEAN"",""horizontalAlign"":""CENTER"",""verticalAlign"":""CENTER""}";;;Input;;true;"{""storageType"":""PLANAR"",""recalculateAll"":true}";"'Заполнено ИНН и Направление', '1'";53533;9.9712982773781E-5;;129000000628;true;;;;;
"x DEL Направление";;"{""dataType"":""TEXT"",""textType"":""GENERAL"",""maxLength"":0,""lineBreak"":true,""wordWrap"":false,""ignoreTextIndent"":false,""horizontalAlign"":""LEFT"",""verticalAlign"":""TOP""}";;;Input;;true;"{""storageType"":""PLANAR"",""recalculateAll"":true}";;53533;0;;129000000629;true;;;;;
"L2 ЮЛ";;"{""dataType"":""ENTITY"",""hierarchyEntityLongId"":101000000062,""horizontalAlign"":""LEFT"",""verticalAlign"":""CENTER"",""selectiveAccessApplied"":false,""dependentApplied"":false,""dependentEntityLongId"":null,""dimensionContext"":false,""filterType"":""NONE""}";;;None;;true;"{""storageType"":""PLANAR"",""recalculateAll"":true}";"'M05.02.08 REPORT Детализация PL с версиями'.'Домен Контрагента', 'M05.02.08 REPORT Детализация PL с версиями'.'БЕ КА', 'Расходы по ЦФО OPEX CF ручной ввод'.'Контрагент L2 ЮЛ', 'M01.04.06 MAP ВГО обороты'.'Группа ЮЛ?', 'M01.04.06 MAP ВГО обороты'.'Группа БЕ?', 'ML01.03.24 L Контрагенты 1СУХ'.ЮЛ";53533;0.00039885193109512;;129000000637;true;;;;;
"Контрагент ВГО?";"'parent' = 'L Контрагенты 1СУХ'.'515335c4-9ecb-11ea-a2fb-005056a72071'";"{""dataType"":""BOOLEAN"",""horizontalAlign"":""CENTER"",""verticalAlign"":""CENTER""}";;;None;;true;"{""storageType"":""PLANAR"",""recalculateAll"":true}";;53533;9.9712982773781E-5;;129000000645;true;;;"'129000000646' = '101000000086'.'723000000004'";"'parent' = 'L Контрагенты 1СУХ'.'515335c4-9ecb-11ea-a2fb-005056a72071'";
org_key;;"{""dataType"":""TEXT"",""textType"":""GENERAL"",""maxLength"":0,""lineBreak"":true,""wordWrap"":false,""ignoreTextIndent"":false,""horizontalAlign"":""LEFT"",""verticalAlign"":""TOP""}";;;Input;;true;"{""storageType"":""PLANAR"",""recalculateAll"":true}";;53533;0;;129000000644;true;;;;;
"Требуется указание БЕ и Домена?";"TEXTSUM('ML01.03.24 L Контрагенты 1СУХ'.'Направление') = ""ВГО""";"{""dataType"":""BOOLEAN"",""horizontalAlign"":""CENTER"",""verticalAlign"":""CENTER""}";"'Направление' = ""ВГО""";;None;;true;"{""storageType"":""PLANAR"",""recalculateAll"":true}";"'Фильтр Требуется указание БЕ и Домена?', 'Импорт Расходы по ЦФО OPEX ручной ввод'.'Фильтр ввода данных домена и БЕ', 'Ввод Capex (проекты)'.'Фильтр ввода данных домена и БЕ', 'Импорт Расходы по ЦФО OPEX ручной ввод (субаренда)'.'Фильтр ввода данных домена и БЕ', 'Импорт Расходы по ЦФО OPEX ручной ввод (Проекты)'.'Фильтр ввода данных домена и БЕ', 'Импорт Расходы по ЦФО OPEX ручной ввод (ЦФО)'.'Фильтр ввода данных домена и БЕ'";53533;9.9712982773781E-5;;129000000642;true;;;"TEXTSUM( '1126000015776') = ""ВГО""";"TEXTSUM('ML01.03.24 L Контрагенты 1СУХ'.'Направление') = ""ВГО""";
"Фильтр Требуется указание БЕ и Домена?";"NOT ('Требуется указание БЕ и Домена?' AND IN_DIMENSION('s Требуется указание БЕ и Домена?')) AND 'Требуется указание БЕ и Домена?' OR NOT (IN_DIMENSION('s Требуется указание БЕ и Домена?') AND 'Требуется указание БЕ и Домена?') AND IN_DIMENSION('s Требуется указание БЕ и Домена?')";"{""dataType"":""BOOLEAN"",""horizontalAlign"":""CENTER"",""verticalAlign"":""CENTER""}";;;None;;true;"{""storageType"":""PLANAR"",""recalculateAll"":true}";;53533;9.9712982773781E-5;;129000000643;true;;;"NOT ('129000000642' AND IN_DIMENSION('109000000135')) AND '129000000642' OR NOT (IN_DIMENSION('109000000135') AND '129000000642') AND IN_DIMENSION('109000000135')";"NOT ('Требуется указание БЕ и Домена?' AND IN_DIMENSION('s Требуется указание БЕ и Домена?')) AND 'Требуется указание БЕ и Домена?' OR NOT (IN_DIMENSION('s Требуется указание БЕ и Домена?') AND 'Требуется указание БЕ и Домена?') AND IN_DIMENSION('s Требуется указание БЕ и Домена?')";
1;"NUMBER(NOT 'deletionmark')";"{""dataType"":""NUMBER"",""minimumSignificantDigits"":-1,""decimalPlaces"":-1,""decimalSeparator"":""FULL_STOP"",""groupingSeparator"":""SPACE"",""negativeNumberNotation"":""MINUS_SIGN"",""zeroFormat"":""ZERO"",""unitsType"":""NONE"",""unitsDisplayType"":""NONE"",""currencyCode"":null,""customUnits"":null,""comparisonIncrease"":""GOOD"",""nanApplied"":false,""nanDisplayValue"":""NaN"",""hasRounding"":true,""maximumSignificantAllDigits"":-1,""maximumSignificantIntegerDigits"":-1,""maximumSignificantDecimalDigits"":-1,""horizontalAlign"":""RIGHT"",""verticalAlign"":""CENTER"",""inputFormatSettingApplied"":false,""sendFormatSettingApplied"":false,""insignificantIntegerRanks"":-1,""significantDecimalRanks"":0,""savingFormatSettingApplied"":false,""savingFormatSettings"":{""decimalPlaces"":15}}";;;Sum;;true;"{""storageType"":""PLANAR"",""recalculateAll"":true}";;53533;0.00039885193109512;;129000000820;true;;;"NUMBER(NOT  '129000000628' )";"NUMBER(NOT 'deletionmark')";
"Заполнено ИНН и Направление";"BOOLEAN('inn') AND BOOLEAN(SELECT('ML01.03.24 L Контрагенты 1СУХ'.'Направление', 'L Версии':'M01.02.14 Выбор параметров загрузки'.'Выбор версии')) AND NOT 'deletionmark'";"{""dataType"":""BOOLEAN"",""horizontalAlign"":""CENTER"",""verticalAlign"":""CENTER""}";"BOOLEAN('inn') AND BOOLEAN(TEXTSUM('ML01.03.24 L Контрагенты 1СУХ'.'Направление')) AND NOT 'deletionmark'";;None;;true;"{""storageType"":""PLANAR"",""recalculateAll"":true}";;53533;9.9712982773781E-5;;129000000819;true;;;"BOOLEAN('129000000624') AND BOOLEAN(SELECT('1126000015776',  '101000000053': '425000002131')) AND NOT '129000000628'";"BOOLEAN('inn') AND BOOLEAN(SELECT('ML01.03.24 L Контрагенты 1СУХ'.'Направление', 'L Версии':'M01.02.14 Выбор параметров загрузки'.'Выбор версии')) AND NOT 'deletionmark'";
"Rank ИНН";;"{""dataType"":""NUMBER"",""minimumSignificantDigits"":-1,""decimalPlaces"":-1,""decimalSeparator"":""FULL_STOP"",""groupingSeparator"":""SPACE"",""negativeNumberNotation"":""MINUS_SIGN"",""zeroFormat"":""ZERO"",""unitsType"":""NONE"",""unitsDisplayType"":""NONE"",""currencyCode"":null,""customUnits"":null,""comparisonIncrease"":""GOOD"",""nanApplied"":false,""nanDisplayValue"":""NaN"",""hasRounding"":true,""maximumSignificantAllDigits"":-1,""maximumSignificantIntegerDigits"":-1,""maximumSignificantDecimalDigits"":-1,""horizontalAlign"":""RIGHT"",""verticalAlign"":""CENTER"",""inputFormatSettingApplied"":false,""sendFormatSettingApplied"":false,""insignificantIntegerRanks"":-1,""significantDecimalRanks"":0,""savingFormatSettingApplied"":false,""savingFormatSettings"":{""decimalPlaces"":15}}";;;Sum;;true;"{""storageType"":""PLANAR"",""recalculateAll"":true}";"'Новый Код'";53533;0.00039885193109512;;129000000817;true;;;;;
"Новый Код";"IF 'Rank ИНН' = 1 THEN 'inn' ELSE """"";"{""dataType"":""TEXT"",""textType"":""GENERAL"",""maxLength"":0,""lineBreak"":true,""wordWrap"":false,""ignoreTextIndent"":false,""horizontalAlign"":""LEFT"",""verticalAlign"":""TOP""}";;;None;;true;"{""storageType"":""PLANAR"",""recalculateAll"":true}";"'Заполнить код?'";53533;0;;129000000821;true;;;"IF  '129000000817' = 1 THEN  '129000000624' ELSE """"";"IF 'Rank ИНН' = 1 THEN 'inn' ELSE """"";
"Заполнить код?";"CODE('item') <> 'Новый Код'";"{""dataType"":""BOOLEAN"",""horizontalAlign"":""CENTER"",""verticalAlign"":""CENTER""}";;;None;;true;"{""storageType"":""PLANAR"",""recalculateAll"":true}";;53533;9.9712982773781E-5;;129000000818;true;;;"CODE( '129000000638' ) <>  '129000000821'";"CODE('item') <> 'Новый Код'";
"Есть в M IMPORT STAGE";"SUM('M02.03.01 IMPORT STAGE Контрагенты 1С УХ'.'Единица', 'M02.03.01 IMPORT STAGE Контрагенты 1С УХ'.'Dim Контрагент 1С УХ') > 0";"{""dataType"":""BOOLEAN"",""horizontalAlign"":""CENTER"",""verticalAlign"":""CENTER""}";;;None;;true;"{""storageType"":""PLANAR"",""recalculateAll"":true}";;53533;9.9712982773781E-5;;129000000983;true;;;"SUM('1247000018428', '1247000017812') > 0";"SUM('M02.03.01 IMPORT STAGE Контрагенты 1С УХ'.'Единица', 'M02.03.01 IMPORT STAGE Контрагенты 1С УХ'.'Dim Контрагент 1С УХ') > 0";
"Есть данные";"SUM('M03.01.01 Свод по выручке'.'Единица', 'M03.01.01 Свод по выручке'.'Контрагент 1С:УХ') > 0 OR SUM('M05.02.08 REPORT Детализация PL с версиями'.'Сумма', 'M05.02.08 REPORT Детализация PL с версиями'.'Контрагент 1С УХ') <> 0";"{""dataType"":""BOOLEAN"",""horizontalAlign"":""CENTER"",""verticalAlign"":""CENTER""}";;;None;;true;"{""storageType"":""PLANAR"",""recalculateAll"":true}";;53533;9.9712982773781E-5;;129000000984;true;;;"SUM('1033000018429',  '1033000013326') > 0 OR  SUM('401000001765', '401000009694') <> 0";"SUM('M03.01.01 Свод по выручке'.'Единица', 'M03.01.01 Свод по выручке'.'Контрагент 1С:УХ') > 0 OR SUM('M05.02.08 REPORT Детализация PL с версиями'.'Сумма', 'M05.02.08 REPORT Детализация PL с версиями'.'Контрагент 1С УХ') <> 0";
"L Показатель";;;"ВВ, ВП, контрактование";;;;;;;15;8.3819031715393E-8;;101000000009;;;;;;
item;"ITEM('L Показатель')";"{""dataType"":""ENTITY"",""hierarchyEntityLongId"":101000000009,""horizontalAlign"":""LEFT"",""verticalAlign"":""CENTER"",""selectiveAccessApplied"":false,""dependentApplied"":false,""dependentEntityLongId"":null,""dimensionContext"":false}";;;None;;true;"{""storageType"":""PLANAR"",""recalculateAll"":true}";;5;3.7252902984619E-8;;129000000039;true;;;ITEM('101000000009');"ITEM('L Показатель')";
Контрактование?;;"{""dataType"":""BOOLEAN"",""horizontalAlign"":""CENTER"",""verticalAlign"":""CENTER""}";;;None;;true;"{""storageType"":""PLANAR"",""recalculateAll"":true}";;5;9.3132257461548E-9;;129000000397;true;;;;;
"Показатель планирования";;"{""dataType"":""ENTITY"",""hierarchyEntityLongId"":101000000029,""horizontalAlign"":""LEFT"",""verticalAlign"":""CENTER"",""selectiveAccessApplied"":false,""dependentApplied"":false,""dependentEntityLongId"":null,""dimensionContext"":false}";;;None;;true;"{""storageType"":""PLANAR"",""recalculateAll"":true}";;5;3.7252902984619E-8;;129000000322;true;;;;;
"L Клиент";;;;;;;;;;111940;0.00018765404820442;;101000000011;;;;;;
DEL;"LEFT(TEXT('item'), 1) = ""#""";"{""dataType"":""BOOLEAN"",""horizontalAlign"":""CENTER"",""verticalAlign"":""CENTER""}";;;None;;true;"{""storageType"":""PLANAR"",""recalculateAll"":true}";;5597;1.0425224900246E-5;;129000000910;true;;;"LEFT( TEXT('129000000569') , 1) = ""#""";"LEFT(TEXT('item'), 1) = ""#""";
item;"ITEM('L Клиент')";"{""dataType"":""ENTITY"",""hierarchyEntityLongId"":101000000011,""horizontalAlign"":""LEFT"",""verticalAlign"":""CENTER"",""selectiveAccessApplied"":false,""dependentApplied"":false,""dependentEntityLongId"":null,""dimensionContext"":false}";;;None;;true;"{""storageType"":""PLANAR"",""recalculateAll"":true}";"name, 'item_code', DEL";5597;4.1700899600983E-5;;129000000569;true;;;ITEM('101000000011');"ITEM('L Клиент')";
name;NAME('item');"{""dataType"":""TEXT"",""textType"":""GENERAL"",""maxLength"":0,""lineBreak"":true,""wordWrap"":false,""ignoreTextIndent"":false,""horizontalAlign"":""LEFT"",""verticalAlign"":""TOP""}";;;None;;true;"{""storageType"":""PLANAR"",""recalculateAll"":true}";"'ML01.03.12 Клиенты'.'Собственное ЮЛ?', 'M03.01.01 Свод по выручке'.'Конечный заказчик', 'M03.01.01 Свод по выручке'.Контрагент, 'M03.01.03 Сводный план Технической Дирекции'.Контрагент, 'M03.01.03 Сводный план Технической Дирекции'.'Конечный заказчик'";5597;0;;129000000570;true;;;NAME('129000000569');NAME('item');
item_code;CODE('item');"{""dataType"":""TEXT"",""textType"":""GENERAL"",""maxLength"":0,""lineBreak"":true,""wordWrap"":false,""ignoreTextIndent"":false,""horizontalAlign"":""LEFT"",""verticalAlign"":""TOP""}";;;None;;true;"{""storageType"":""PLANAR"",""recalculateAll"":true}";"'пустой код?'";5597;0;;129000000571;true;;;CODE('129000000569');CODE('item');
"пустой код?";"NOT BOOLEAN('item_code')";"{""dataType"":""BOOLEAN"",""horizontalAlign"":""CENTER"",""verticalAlign"":""CENTER""}";;;None;;true;"{""storageType"":""PLANAR"",""recalculateAll"":true}";;5597;1.0425224900246E-5;;129000000971;true;;;"NOT BOOLEAN(  '129000000571' )";"NOT BOOLEAN('item_code')";
"Юр лицо";;"{""dataType"":""TEXT"",""textType"":""GENERAL"",""maxLength"":0,""lineBreak"":true,""wordWrap"":false,""ignoreTextIndent"":false,""horizontalAlign"":""LEFT"",""verticalAlign"":""TOP""}";;;None;;true;"{""storageType"":""PLANAR"",""recalculateAll"":true}";"'M05.02.08 REPORT Детализация PL с версиями'.'Контрагент ref', 'M05.02.08 REPORT Детализация PL с версиями'.'Контрагент 1С УХ'";5597;0;;129000000001;true;;;;;
"ИНН Фин.клиента";;"{""dataType"":""TEXT"",""textType"":""GENERAL"",""maxLength"":0,""lineBreak"":true,""wordWrap"":false,""ignoreTextIndent"":false,""horizontalAlign"":""LEFT"",""verticalAlign"":""TOP""}";;;None;;true;"{""storageType"":""PLANAR"",""recalculateAll"":true}";"'Импорт Расходы по ЦФО OPEX ручной ввод (Проекты)'.'ИНН Фин.клиента', 'Импорт Расходы по ЦФО OPEX ручной ввод (ЦФО)'.'ИНН Фин.клиента'";5597;0;;129000000792;true;;;;;
TIN;;"{""dataType"":""TEXT"",""textType"":""GENERAL"",""maxLength"":0,""lineBreak"":true,""wordWrap"":false,""ignoreTextIndent"":false,""horizontalAlign"":""LEFT"",""verticalAlign"":""TOP""}";;;None;;true;"{""storageType"":""PLANAR"",""recalculateAll"":true}";;5597;0;;129000000794;true;;;;;
"Ключевой клиент?";;"{""dataType"":""BOOLEAN"",""horizontalAlign"":""CENTER"",""verticalAlign"":""CENTER""}";;;None;;true;"{""storageType"":""PLANAR"",""recalculateAll"":true}";;5597;1.0425224900246E-5;;129000000797;true;;;;;
"Item Ключевого клиента";"FINDITEM('L Клиент', 'ID Ключевого клиента')";"{""dataType"":""ENTITY"",""hierarchyEntityLongId"":101000000011,""horizontalAlign"":""LEFT"",""verticalAlign"":""CENTER"",""selectiveAccessApplied"":false,""dependentApplied"":false,""dependentEntityLongId"":null,""dimensionContext"":false}";;;None;;true;"{""storageType"":""PLANAR"",""recalculateAll"":true}";"'Импорт Расходы по ЦФО OPEX ручной ввод (Проекты)'.'Ключевой клиент', 'Импорт Расходы по ЦФО OPEX ручной ввод (ЦФО)'.'Ключевой клиент'";5597;4.1700899600983E-5;;129000000796;true;;;"FINDITEM('101000000011', '129000000964')";"FINDITEM('L Клиент', 'ID Ключевого клиента')";
"ИНН Ключевого клиента";;"{""dataType"":""TEXT"",""textType"":""GENERAL"",""maxLength"":0,""lineBreak"":true,""wordWrap"":false,""ignoreTextIndent"":false,""horizontalAlign"":""LEFT"",""verticalAlign"":""TOP""}";;;None;;true;"{""storageType"":""PLANAR"",""recalculateAll"":true}";"'Импорт Расходы по ЦФО OPEX ручной ввод (Проекты)'.'ИНН Ключевого клиента', 'Импорт Расходы по ЦФО OPEX ручной ввод (ЦФО)'.'ИНН Ключевого клиента'";5597;0;;129000000793;true;;;;;
"ID Ключевого клиента";;"{""dataType"":""TEXT"",""textType"":""GENERAL"",""maxLength"":0,""lineBreak"":true,""wordWrap"":false,""ignoreTextIndent"":false,""horizontalAlign"":""LEFT"",""verticalAlign"":""TOP""}";;;None;;true;"{""storageType"":""PLANAR"",""recalculateAll"":true}";"'Item Ключевого клиента'";5597;0;;129000000964;true;;;;;
LAM;;"{""dataType"":""TEXT"",""textType"":""GENERAL"",""maxLength"":0,""lineBreak"":true,""wordWrap"":false,""ignoreTextIndent"":false,""horizontalAlign"":""LEFT"",""verticalAlign"":""TOP""}";;;None;;true;"{""storageType"":""PLANAR"",""recalculateAll"":true}";;5597;0;;129000000915;true;;;;;
"LAM Ключевого клиента";;"{""dataType"":""ENTITY"",""hierarchyEntityLongId"":101000000116,""horizontalAlign"":""LEFT"",""verticalAlign"":""CENTER"",""selectiveAccessApplied"":false,""dependentApplied"":false,""dependentEntityLongId"":null,""dimensionContext"":false,""filterType"":""NONE""}";;;None;;true;"{""storageType"":""PLANAR"",""recalculateAll"":true}";"'ML01.03.08 Сделки old'.'L LAM', 'M Импорт LAM&KeyClients'.'LAM_group_name'";5597;4.1700899600983E-5;;129000000799;true;;;;;
"пустой код";;"{""dataType"":""TEXT"",""textType"":""GENERAL"",""maxLength"":0,""lineBreak"":true,""wordWrap"":false,""ignoreTextIndent"":false,""horizontalAlign"":""LEFT"",""verticalAlign"":""TOP""}";;;None;;true;"{""storageType"":""PLANAR"",""recalculateAll"":true}";;5597;0;;129000000911;true;;;;;
inn;;"{""dataType"":""TEXT"",""textType"":""GENERAL"",""maxLength"":0,""lineBreak"":true,""wordWrap"":false,""ignoreTextIndent"":false,""horizontalAlign"":""LEFT"",""verticalAlign"":""TOP""}";;;None;;true;"{""storageType"":""PLANAR"",""recalculateAll"":true}";;5597;0;;129000000935;true;;;;;
kpp;;"{""dataType"":""TEXT"",""textType"":""GENERAL"",""maxLength"":0,""lineBreak"":true,""wordWrap"":false,""ignoreTextIndent"":false,""horizontalAlign"":""LEFT"",""verticalAlign"":""TOP""}";;;None;;true;"{""storageType"":""PLANAR"",""recalculateAll"":true}";;5597;0;;129000000936;true;;;;;
partner;;"{""dataType"":""BOOLEAN"",""horizontalAlign"":""CENTER"",""verticalAlign"":""CENTER""}";;;None;;true;"{""storageType"":""PLANAR"",""recalculateAll"":true}";;5597;1.0425224900246E-5;;129000000938;true;;;;;
"Client flag?";;"{""dataType"":""BOOLEAN"",""horizontalAlign"":""CENTER"",""verticalAlign"":""CENTER""}";"PROPERTY('ML01.03.12 Клиенты'.'Сlient flag?', ITEM('L Клиент'))";;None;;true;"{""storageType"":""PLANAR"",""recalculateAll"":true}";;5597;1.0425224900246E-5;;129000000973;true;;;;;
"p.Client flag";;"{""dataType"":""BOOLEAN"",""horizontalAlign"":""CENTER"",""verticalAlign"":""CENTER""}";"'Client flag?' AND NOT IN_DIMENSION('s.Сlient flag')";;None;;true;"{""storageType"":""PLANAR"",""recalculateAll"":true}";;5597;1.0425224900246E-5;;129000000972;true;;;;;
"L Клиент_LAM";;;;;;;;;;82134;0.00016998499631882;;101000000150;;;;;;
item;"ITEM('L Клиент_LAM')";"{""dataType"":""ENTITY"",""hierarchyEntityLongId"":101000000150,""horizontalAlign"":""LEFT"",""verticalAlign"":""CENTER"",""selectiveAccessApplied"":false,""dependentApplied"":false,""dependentEntityLongId"":null,""dimensionContext"":false,""filterType"":""NONE""}";;;None;;true;"{""storageType"":""PLANAR"",""recalculateAll"":true}";'item_code';9126;6.7993998527527E-5;;129000000979;true;;;ITEM('101000000150');"ITEM('L Клиент_LAM')";
item_code;CODE('item');"{""dataType"":""TEXT"",""textType"":""GENERAL"",""maxLength"":0,""lineBreak"":true,""wordWrap"":false,""ignoreTextIndent"":false,""horizontalAlign"":""LEFT"",""verticalAlign"":""TOP""}";;;None;;true;"{""storageType"":""PLANAR"",""recalculateAll"":true}";"'Ключевой клиент?', 'ID Ключевого клиента по LAM', 'M05.04.01 REPORT LAM_цель по клиентам'.'ID Клиента', 'M05.04.03 REPORT LAM_ по клиентам для руководителей'.'ID Клиента'";9126;0;;129000000978;true;;;CODE('129000000979');CODE('item');
"ID Ключевого клиента";;"{""dataType"":""TEXT"",""textType"":""GENERAL"",""maxLength"":0,""lineBreak"":true,""wordWrap"":false,""ignoreTextIndent"":false,""horizontalAlign"":""LEFT"",""verticalAlign"":""TOP""}";;;None;;true;"{""storageType"":""PLANAR"",""recalculateAll"":true}";"'ID Ключевого клиента по LAM'";9126;0;;129000000974;true;;;;;
"ID Ключевого клиента по LAM";"IF 'LAM' <> """" AND 'ID Ключевого клиента' = """" THEN 'item_code' ELSE 'ID Ключевого клиента'";"{""dataType"":""TEXT"",""textType"":""GENERAL"",""maxLength"":0,""lineBreak"":true,""wordWrap"":false,""ignoreTextIndent"":false,""horizontalAlign"":""LEFT"",""verticalAlign"":""TOP""}";;;None;;true;"{""storageType"":""PLANAR"",""recalculateAll"":true}";"'Ключевой клиент?', 'Импорт LAM_цель по аккаунту'.'Клиент_LAM_код ключ', 'Импорт LAM_данные CRM по БЕ'.'ID Ключевого клиента', 'Форма LAM_Сделки Custom'.'ID Ключевого клиента'";9126;0;;129000000987;true;;;"if  '129000000975' <> """" and  '129000000974' = """" then  '129000000978' else '129000000974'";"IF 'LAM' <> """" AND 'ID Ключевого клиента' = """" THEN 'item_code' ELSE 'ID Ключевого клиента'";
LAM;;"{""dataType"":""TEXT"",""textType"":""GENERAL"",""maxLength"":0,""lineBreak"":true,""wordWrap"":false,""ignoreTextIndent"":false,""horizontalAlign"":""LEFT"",""verticalAlign"":""TOP""}";;;None;;true;"{""storageType"":""PLANAR"",""recalculateAll"":true}";"'L LАМ', 'ID Ключевого клиента по LAM'";9126;0;;129000000975;true;;;;;
"L LАМ";"FINDITEM('L LАМ', 'LAM')";"{""dataType"":""ENTITY"",""hierarchyEntityLongId"":101000000116,""horizontalAlign"":""LEFT"",""verticalAlign"":""CENTER"",""selectiveAccessApplied"":false,""dependentApplied"":false,""dependentEntityLongId"":null,""dimensionContext"":false,""filterType"":""NONE""}";;;None;;true;"{""storageType"":""PLANAR"",""recalculateAll"":true}";"'M99.12 FILTER Клиент - LAM'.'Фильтр КлКлиент_LAM', 'M05.04.08 REPORT LAM_Выручка'.'ФИО LAM распознан', 'M05.04.08 REPORT LAM_Выручка'.'ФИО LAM от клиента', 'M05.04.09 REPORT LAM_Себестоимость'.'ФИО LAM распознан', 'M05.04.09 REPORT LAM_Себестоимость'.'ФИО LAM от клиента', 'M05.04.10 REPORT LAM_GM1'.'ФИО LAM распознан', 'M05.04.10 REPORT LAM_GM1'.'ФИО LAM от клиента', 'M05.04.11 REPORT LAM_GM1, %'.'ФИО LAM распознан', 'M05.04.11 REPORT LAM_GM1, %'.'ФИО LAM от клиента', 'Форма LAM_Сделки Custom'.'ФИО LAM от клиента', 'Форма LAM_Сделки Custom'.'ФИО LAM для расчета распознано'";9126;6.7993998527527E-5;;129000000981;true;;;"FINDITEM('101000000116' , '129000000975' )";"FINDITEM('L LАМ', 'LAM')";
"Ключевой клиент?";"'item_code' = 'ID Ключевого клиента по LAM'";"{""dataType"":""BOOLEAN"",""horizontalAlign"":""CENTER"",""verticalAlign"":""CENTER""}";;;None;;true;"{""storageType"":""PLANAR"",""recalculateAll"":true}";"'p.Сlient', 'M99.12 FILTER Клиент - LAM'.'Фильтр КлКлиент_LAM'";9126;1.6998499631882E-5;;129000000976;true;;;"'129000000978' =  '129000000987'";"'item_code' = 'ID Ключевого клиента по LAM'";
"Юр лицо";;"{""dataType"":""TEXT"",""textType"":""GENERAL"",""maxLength"":0,""lineBreak"":true,""wordWrap"":false,""ignoreTextIndent"":false,""horizontalAlign"":""LEFT"",""verticalAlign"":""TOP""}";;;None;;true;"{""storageType"":""PLANAR"",""recalculateAll"":true}";;9126;0;;129000000977;true;;;;;
p.Сlient;"'Ключевой клиент?' AND NOT IN_DIMENSION('s.Сlient')";"{""dataType"":""BOOLEAN"",""horizontalAlign"":""CENTER"",""verticalAlign"":""CENTER""}";;;None;;true;"{""storageType"":""PLANAR"",""recalculateAll"":true}";;9126;1.6998499631882E-5;;129000000980;true;;;"'129000000976'  AND NOT IN_DIMENSION(  '109000000221'  )";"'Ключевой клиент?' AND NOT IN_DIMENSION('s.Сlient')";
"L КАМ";;;;;;;;;;1902;4.7236680984497E-6;;101000000012;;;;;;
source;;"{""dataType"":""TEXT"",""textType"":""GENERAL"",""maxLength"":0,""lineBreak"":true,""wordWrap"":false,""ignoreTextIndent"":false,""horizontalAlign"":""LEFT"",""verticalAlign"":""TOP""}";;;None;;true;"{""storageType"":""PLANAR"",""recalculateAll"":true}";;634;0;;129000000824;true;;;;;
management_cfo_name_stage;"'M02.02.17 IMPORT STAGE КАМ'.'ЦФО подразделения (справочно)'";"{""dataType"":""TEXT"",""textType"":""GENERAL"",""maxLength"":0,""lineBreak"":true,""wordWrap"":false,""ignoreTextIndent"":false,""horizontalAlign"":""LEFT"",""verticalAlign"":""TOP""}";;;None;;true;"{""storageType"":""PLANAR"",""recalculateAll"":true}";;634;0;;129000000825;true;;;'1111000015673';"'M02.02.17 IMPORT STAGE КАМ'.'ЦФО подразделения (справочно)'";
management_cfo_name;"'M02.02.17 IMPORT STAGE КАМ'.'ЦФО подразделения'";"{""dataType"":""ENTITY"",""hierarchyEntityLongId"":101000000061,""horizontalAlign"":""LEFT"",""verticalAlign"":""CENTER"",""selectiveAccessApplied"":false,""dependentApplied"":false,""dependentEntityLongId"":null,""dimensionContext"":false,""filterType"":""NONE""}";;;None;;true;"{""storageType"":""PLANAR"",""recalculateAll"":true}";"'M02.02.02 IMPORT CRM все направления, кроме ВГО, ручной слой'.'ЦФО распознано от КАМ', 'M02.02.04 IMPORT CRM ВГО ручной слой'.'ЦФО распознано от КАМ'";634;4.7236680984497E-6;;129000000815;true;;;'1111000017996';"'M02.02.17 IMPORT STAGE КАМ'.'ЦФО подразделения'";
"L LАМ";;;;;;;;;;0;0;;101000000116;;;;;;
"L Вертикаль";;;;;;;;;;14;1.0430812835693E-7;;101000000013;;;;;;
"Map L2 ЦФО HR";;"{""dataType"":""ENTITY"",""hierarchyEntityLongId"":101000000061,""horizontalAlign"":""LEFT"",""verticalAlign"":""CENTER"",""selectiveAccessApplied"":false,""dependentApplied"":false,""dependentEntityLongId"":null,""dimensionContext"":false,""filterType"":""NONE""}";;;None;;true;"{""storageType"":""PLANAR"",""recalculateAll"":true}";;14;1.0430812835693E-7;;129000000766;true;;;;;
"L Направления";;;;;;;;;;98;1.564621925354E-7;;101000000084;;;;;;
item;"NAME(ITEM('L Направления'))";"{""dataType"":""TEXT"",""textType"":""GENERAL"",""maxLength"":0,""lineBreak"":true,""wordWrap"":false,""ignoreTextIndent"":false,""horizontalAlign"":""LEFT"",""verticalAlign"":""TOP""}";;;None;;true;"{""storageType"":""PLANAR"",""recalculateAll"":true}";"'L Сделки'.'Name Сделка custom', 'M02.01.02 Импорт факта (ручной)'.'Направление распознано'";14;0;;129000000804;true;;;"name(item( '101000000084' ))";"NAME(ITEM('L Направления'))";
"Направление консо";;"{""dataType"":""TEXT"",""textType"":""GENERAL"",""maxLength"":0,""lineBreak"":true,""wordWrap"":false,""ignoreTextIndent"":false,""horizontalAlign"":""LEFT"",""verticalAlign"":""TOP""}";;;None;;true;"{""storageType"":""PLANAR"",""recalculateAll"":true}";;14;0;;129000000708;true;;;;;
ВГО?;"IN_DIMENSION('s Направления планирования ВГО')";"{""dataType"":""BOOLEAN"",""horizontalAlign"":""CENTER"",""verticalAlign"":""CENTER""}";;;None;;true;"{""storageType"":""PLANAR"",""recalculateAll"":true}";"'Исходные данные CRM'.'ВГО?', 'M05.02.08 REPORT Детализация PL с версиями'.'ВГО?'";14;2.6077032089233E-8;;129000000763;true;;;IN_DIMENSION('109000000159');"IN_DIMENSION('s Направления планирования ВГО')";
"Сумма прогноз";;"{""dataType"":""BOOLEAN"",""horizontalAlign"":""CENTER"",""verticalAlign"":""CENTER""}";;;None;;true;"{""storageType"":""PLANAR"",""recalculateAll"":true}";"'Исходные данные для плана расходов'.ВВ";14;2.6077032089233E-8;;129000000760;true;;;;;
"Ком блок";;"{""dataType"":""ENTITY"",""hierarchyEntityLongId"":101000000075,""horizontalAlign"":""LEFT"",""verticalAlign"":""CENTER"",""selectiveAccessApplied"":false,""dependentApplied"":false,""dependentEntityLongId"":null,""dimensionContext"":false,""filterType"":""NONE""}";;;None;;true;"{""storageType"":""PLANAR"",""recalculateAll"":true}";"Планирование.'Ком блок'";14;1.0430812835693E-7;;129000000767;true;;;;;
"Display Name";"CODE(ITEM('L Направления'))";"{""dataType"":""TEXT"",""textType"":""GENERAL"",""maxLength"":0,""lineBreak"":true,""wordWrap"":false,""ignoreTextIndent"":false,""horizontalAlign"":""LEFT"",""verticalAlign"":""TOP""}";;;None;;true;"{""storageType"":""PLANAR"",""recalculateAll"":true}";"'M05.02.08 REPORT Детализация PL с версиями'.'Направление БЕ', 'M05.03.05 REPORT Детализация CF с версиями'.'Направление от сегмента'";14;0;;129000000773;true;;;CODE(ITEM('101000000084'));"CODE(ITEM('L Направления'))";
"Направление ВГО";;"{""dataType"":""TEXT"",""textType"":""GENERAL"",""maxLength"":0,""lineBreak"":true,""wordWrap"":false,""ignoreTextIndent"":false,""horizontalAlign"":""LEFT"",""verticalAlign"":""TOP""}";;;None;;true;"{""storageType"":""PLANAR"",""recalculateAll"":true}";"'M05.02.08 REPORT Детализация PL с версиями'.'Направление ВГО', 'M05.03.05 REPORT Детализация CF с версиями'.'Направление ВГО'";14;0;;129000000803;true;;;;;
"L Валюты";;;;;;;;;;0;0;;101000000017;;;;;;
"L CF";;;;;;;;;;12775;4.3783336877823E-5;;101000000019;;;;;;
description;;"{""dataType"":""TEXT"",""textType"":""GENERAL"",""maxLength"":0,""lineBreak"":true,""wordWrap"":false,""ignoreTextIndent"":false,""horizontalAlign"":""LEFT"",""verticalAlign"":""TOP""}";;;Input;;true;"{""storageType"":""PLANAR"",""recalculateAll"":true}";"'Display name', 'Импорт факта УК CF'.'Статья CF text', 'M05.03.05 REPORT Детализация CF с версиями'.'Наименование статьи'";511;0;;129000000005;true;;;;;
deletionmark;;"{""dataType"":""TEXT"",""textType"":""GENERAL"",""maxLength"":0,""lineBreak"":true,""wordWrap"":false,""ignoreTextIndent"":false,""horizontalAlign"":""LEFT"",""verticalAlign"":""TOP""}";;;Input;;true;"{""storageType"":""PLANAR"",""recalculateAll"":true}";;511;0;;129000000006;true;;;;;
isfolder;;"{""dataType"":""TEXT"",""textType"":""GENERAL"",""maxLength"":0,""lineBreak"":true,""wordWrap"":false,""ignoreTextIndent"":false,""horizontalAlign"":""LEFT"",""verticalAlign"":""TOP""}";;;Input;;true;"{""storageType"":""PLANAR"",""recalculateAll"":true}";;511;0;;129000000007;true;;;;;
prihodrashod;;"{""dataType"":""TEXT"",""textType"":""GENERAL"",""maxLength"":0,""lineBreak"":true,""wordWrap"":false,""ignoreTextIndent"":false,""horizontalAlign"":""LEFT"",""verticalAlign"":""TOP""}";;;Input;;true;"{""storageType"":""PLANAR"",""recalculateAll"":true}";"'L CF И'.Знак, Знак, 'M05.03.05 REPORT Детализация CF с версиями'.'Доход/Расход'";511;0;;129000000008;true;;;;;
item;"ITEM('L CF')";"{""dataType"":""ENTITY"",""hierarchyEntityLongId"":101000000019,""horizontalAlign"":""LEFT"",""verticalAlign"":""CENTER"",""selectiveAccessApplied"":false,""dependentApplied"":false,""dependentEntityLongId"":null,""dimensionContext"":false}";;;Formula;;true;"{""storageType"":""PLANAR"",""recalculateAll"":true}";"Code, parent";511;3.8072466850281E-6;;129000000209;true;;;ITEM('101000000019');"ITEM('L CF')";
Code;CODE('item');"{""dataType"":""TEXT"",""textType"":""GENERAL"",""maxLength"":0,""lineBreak"":true,""wordWrap"":false,""ignoreTextIndent"":false,""horizontalAlign"":""LEFT"",""verticalAlign"":""TOP""}";;;Formula;;true;"{""storageType"":""PLANAR"",""recalculateAll"":true}";"'CF И', 'Display name', 'Расчетная статья?', '05 блок CF', 'M01.04.38 MAP БК - статьи ЕКДР, PL и CF (Выручка и Себест)'.'Код статьи CF Себестоимость', 'M01.04.38 MAP БК - статьи ЕКДР, PL и CF (Выручка и Себест)'.'Код статьи CF выручка', 'M05.03.01 REPORT CF по Доменам'.'Код статьи CF', 'M01.04.16 MAP CF - CF расчетные статьи'.'Для суммы код', 'M05.03.05 REPORT Детализация CF с версиями'.'Статья код', 'Импорт HR CF'.'l_cf_code', 'Импорт Расходы по ЦФО OPEX ручной ввод'.'CF01* (логический)', 'M01.04.27 MAP PL и CF'.'Код статьи CF конс', 'M03.01.05 Ручной ввод Расходы и Доходы (расчет)'.'CF01* (логический)', 'Импорт Расходы по ЦФО OPEX ручной ввод (ЦФО)'.'CF01* (логический)', 'M03.01.06 Ручной ввод Расходы по ЦФО OPEX (расчет)'.'CF01* (логический)', 'M05.03.06 REPORT CF по БЕ'.'Код статьи CF', 'M01.04.39 MAP БК - Вид Работ - статьи ЕКДР, PL и CF (Себест в импорте ТД)'.'Код статьи CF выручка', 'M01.04.39 MAP БК - Вид Работ - статьи ЕКДР, PL и CF (Себест в импорте ТД)'.'Код статьи CF Себестоимость', 'M02.02.06 IMPORT 1С:УХ ручной слой'.'ПДС?', 'M01.04.42 MAP Продукт CRM - статьи ЕКДР, PL и CF (Выручка и Себест)'.'Код статьи CF выручка', 'M01.04.42 MAP Продукт CRM - статьи ЕКДР, PL и CF (Выручка и Себест)'.'Код статьи CF Себестоимость', 'M01.04.52 MAP Продукт CRM - Вид работ - статьи ЕКДР, PL и CF (Выручка и Себест)'.'Код статьи CF Себестоимость'";511;0;;129000000207;true;;;CODE('129000000209');CODE('item');
"Исключать Контрагента в CF из данных воронки";;"{""dataType"":""BOOLEAN"",""horizontalAlign"":""CENTER"",""verticalAlign"":""CENTER""}";;;None;;true;"{""storageType"":""PLANAR"",""recalculateAll"":true}";"'Сделки помесячно с измерением показателей'.'Контрагент 1С УХ CC CF', 'Сделки помесячно с измерением показателей'.'Контрагент по сделке CC CF', 'Сделки помесячно с измерением показателей'.'Домен от контрагента СС CF', 'Сделки помесячно с измерением показателей'.'БЕ от контрагента СС CF'";511;9.5181167125702E-7;;129000000710;true;;;;;
"CF И";"FINDITEM('L CF И', 'Code')";"{""dataType"":""ENTITY"",""hierarchyEntityLongId"":101000000043,""horizontalAlign"":""LEFT"",""verticalAlign"":""CENTER"",""selectiveAccessApplied"":false,""dependentApplied"":false,""dependentEntityLongId"":null,""dimensionContext"":false}";;;Formula;;true;"{""storageType"":""PLANAR"",""recalculateAll"":true}";"'Для сабсета'";511;3.8072466850281E-6;;129000000208;true;;;"FINDITEM('101000000043', '129000000207')";"FINDITEM('L CF И', 'Code')";
parent;PARENT('item');"{""dataType"":""ENTITY"",""hierarchyEntityLongId"":101000000019,""horizontalAlign"":""LEFT"",""verticalAlign"":""CENTER"",""selectiveAccessApplied"":false,""dependentApplied"":false,""dependentEntityLongId"":null,""dimensionContext"":false}";;;Formula;;true;"{""storageType"":""PLANAR"",""recalculateAll"":true}";"'1', '2', '3', '4'";511;3.8072466850281E-6;;129000000210;true;;;PARENT('129000000209');PARENT('item');
1;"IF 'parent' = """" OR 'parent' = 'L CF'.'0000000000' THEN 1 ELSE 0";"{""dataType"":""NUMBER"",""minimumSignificantDigits"":-1,""decimalPlaces"":0,""decimalSeparator"":""FULL_STOP"",""groupingSeparator"":""SPACE"",""negativeNumberNotation"":""MINUS_SIGN"",""zeroFormat"":""ZERO"",""unitsType"":""NONE"",""unitsDisplayType"":""NONE"",""currencyCode"":null,""customUnits"":null,""comparisonIncrease"":""GOOD"",""nanApplied"":false,""nanDisplayValue"":""NaN""}";;;Formula;;true;"{""storageType"":""PLANAR"",""recalculateAll"":true}";"'2', Уровень, 'Уровень 1'";511;3.8072466850281E-6;;129000000211;true;;;"IF '129000000210' = """" OR '129000000210' = '101000000019'.'226000000001' THEN 1 ELSE 0";"IF 'parent' = """" OR 'parent' = 'L CF'.'0000000000' THEN 1 ELSE 0";
2;"IF SELECT('1', 'L CF':'parent') = 1 AND 'parent' <> 'L CF'.'0000000000' THEN 2 ELSE 0";"{""dataType"":""NUMBER"",""minimumSignificantDigits"":-1,""decimalPlaces"":0,""decimalSeparator"":""FULL_STOP"",""groupingSeparator"":""SPACE"",""negativeNumberNotation"":""MINUS_SIGN"",""zeroFormat"":""ZERO"",""unitsType"":""NONE"",""unitsDisplayType"":""NONE"",""currencyCode"":null,""customUnits"":null,""comparisonIncrease"":""GOOD"",""nanApplied"":false,""nanDisplayValue"":""NaN""}";;;Formula;;true;"{""storageType"":""PLANAR"",""recalculateAll"":true}";"'3', Уровень, 'Уровень 1-2'";511;3.8072466850281E-6;;129000000212;true;;;"IF SELECT('129000000211', '101000000019':'129000000210') = 1 AND '129000000210' <> '101000000019'.'226000000001' THEN 2 ELSE 0";"IF SELECT('1', 'L CF':'parent') = 1 AND 'parent' <> 'L CF'.'0000000000' THEN 2 ELSE 0";
3;"IF SELECT('2', 'L CF':'parent') = 2 THEN 3 ELSE 0";"{""dataType"":""NUMBER"",""minimumSignificantDigits"":-1,""decimalPlaces"":0,""decimalSeparator"":""FULL_STOP"",""groupingSeparator"":""SPACE"",""negativeNumberNotation"":""MINUS_SIGN"",""zeroFormat"":""ZERO"",""unitsType"":""NONE"",""unitsDisplayType"":""NONE"",""currencyCode"":null,""customUnits"":null,""comparisonIncrease"":""GOOD"",""nanApplied"":false,""nanDisplayValue"":""NaN""}";;;Formula;;true;"{""storageType"":""PLANAR"",""recalculateAll"":true}";"'4', Уровень, 'Уровень 1-3'";511;3.8072466850281E-6;;129000000213;true;;;"IF SELECT('129000000212', '101000000019':'129000000210') = 2 THEN 3 ELSE 0";"IF SELECT('2', 'L CF':'parent') = 2 THEN 3 ELSE 0";
4;"IF SELECT('3', 'L CF':'parent') = 3 THEN 4 ELSE 0";"{""dataType"":""NUMBER"",""minimumSignificantDigits"":-1,""decimalPlaces"":0,""decimalSeparator"":""FULL_STOP"",""groupingSeparator"":""SPACE"",""negativeNumberNotation"":""MINUS_SIGN"",""zeroFormat"":""ZERO"",""unitsType"":""NONE"",""unitsDisplayType"":""NONE"",""currencyCode"":null,""customUnits"":null,""comparisonIncrease"":""GOOD"",""nanApplied"":false,""nanDisplayValue"":""NaN""}";;;Formula;;true;"{""storageType"":""PLANAR"",""recalculateAll"":true}";Уровень;511;3.8072466850281E-6;;129000000214;true;;;"IF SELECT('129000000213', '101000000019':'129000000210') = 3 THEN 4 ELSE 0";"IF SELECT('3', 'L CF':'parent') = 3 THEN 4 ELSE 0";
Уровень;"'1' + '2' + '3' + '4'";"{""dataType"":""NUMBER"",""minimumSignificantDigits"":-1,""decimalPlaces"":0,""decimalSeparator"":""FULL_STOP"",""groupingSeparator"":""SPACE"",""negativeNumberNotation"":""MINUS_SIGN"",""zeroFormat"":""ZERO"",""unitsType"":""NONE"",""unitsDisplayType"":""NONE"",""currencyCode"":null,""customUnits"":null,""comparisonIncrease"":""GOOD"",""nanApplied"":false,""nanDisplayValue"":""NaN""}";;;Formula;;true;"{""storageType"":""PLANAR"",""recalculateAll"":true}";"'M05.03.01 REPORT CF по Доменам'.Цвет, 'M05.03.06 REPORT CF по БЕ'.Цвет";511;3.8072466850281E-6;;129000000215;true;;;"'129000000211' + '129000000212' + '129000000213' + '129000000214'";"'1' + '2' + '3' + '4'";
"Уровень 1";"'1' = 1";"{""dataType"":""BOOLEAN"",""horizontalAlign"":""CENTER"",""verticalAlign"":""CENTER""}";;;Formula;;true;"{""storageType"":""PLANAR"",""recalculateAll"":true}";"'Уровень 1-2'";511;9.5181167125702E-7;;129000000216;true;;;"'129000000211' = 1";"'1' = 1";
"Уровень 1-2";"'Уровень 1' OR '2' = 2";"{""dataType"":""BOOLEAN"",""horizontalAlign"":""CENTER"",""verticalAlign"":""CENTER""}";;;Formula;;true;"{""storageType"":""PLANAR"",""recalculateAll"":true}";"'Уровень 1-3'";511;9.5181167125702E-7;;129000000217;true;;;"'129000000216' OR '129000000212' = 2";"'Уровень 1' OR '2' = 2";
"Уровень 1-3";"'Уровень 1-2' OR '3' = 3";"{""dataType"":""BOOLEAN"",""horizontalAlign"":""CENTER"",""verticalAlign"":""CENTER""}";;;Formula;;true;"{""storageType"":""PLANAR"",""recalculateAll"":true}";;511;9.5181167125702E-7;;129000000218;true;;;"'129000000217' OR '129000000213' = 3";"'Уровень 1-2' OR '3' = 3";
"Все уровни";TRUE;"{""dataType"":""BOOLEAN"",""horizontalAlign"":""CENTER"",""verticalAlign"":""CENTER""}";;;Formula;;true;"{""storageType"":""PLANAR"",""recalculateAll"":true}";;511;9.5181167125702E-7;;129000000219;true;;;TRUE;TRUE;
"Для сабсета";"SELECT('L CF И'.'В сабсете', 'L CF И':'CF И')";"{""dataType"":""BOOLEAN"",""horizontalAlign"":""CENTER"",""verticalAlign"":""CENTER""}";;;None;;true;"{""storageType"":""PLANAR"",""recalculateAll"":true}";;511;9.5181167125702E-7;;129000000376;true;;;"SELECT('129000000375', '101000000043':'129000000208')";"SELECT('L CF И'.'В сабсете', 'L CF И':'CF И')";
"Расчетная статья?";"FINDTEXT('Code', 'M01.02.13 Настройка расчетных статей PL и CF'.'textsum CF УК') > 0";"{""dataType"":""BOOLEAN"",""horizontalAlign"":""CENTER"",""verticalAlign"":""CENTER""}";;;None;;true;"{""storageType"":""PLANAR"",""recalculateAll"":true}";"'M05.03.01 REPORT CF по Доменам'.Итог, 'M05.03.01 REPORT CF по Доменам'.'Предварительный итог', 'M05.03.01 REPORT CF по Доменам'.Отклонение, 'M05.03.01 REPORT CF по Доменам'.'Фильтр отклонений CF', 'M05.03.06 REPORT CF по БЕ'.Итог, 'M05.03.06 REPORT CF по БЕ'.'Предварительный итог', 'M05.03.06 REPORT CF по БЕ'.Отклонение, 'M05.03.06 REPORT CF по БЕ'.'Фильтр отклонений CF по БЕ'";511;9.5181167125702E-7;;129000000380;true;;;"FINDTEXT('129000000207', '376000003182') > 0";"FINDTEXT('Code', 'M01.02.13 Настройка расчетных статей PL и CF'.'textsum CF УК') > 0";
"05 блок CF";"LEFT('Code', 4) = ""CF05""";"{""dataType"":""BOOLEAN"",""horizontalAlign"":""CENTER"",""verticalAlign"":""CENTER""}";;;None;;true;"{""storageType"":""PLANAR"",""recalculateAll"":true}";"'Расходы по ЦФО OPEX CF ручной ввод'.'05 Блок CF?', 'M03.01.05 Ручной ввод Расходы и Доходы (расчет)'.'05 Блок CF?', 'Расходы по ЦФО OPEX ручной ввод (Проекты)'.'Фильтр выгрузки CF 05', 'M03.01.06 Ручной ввод Расходы по ЦФО OPEX (расчет)'.'Фильтр выгрузки CF 05'";511;9.5181167125702E-7;;129000000490;true;;;"LEFT('129000000207', 4) = ""CF05""";"LEFT('Code', 4) = ""CF05""";
Знак;"IF 'prihodrashod' = ""Расход"" THEN -1 ELSE 1";"{""dataType"":""NUMBER"",""minimumSignificantDigits"":-1,""decimalPlaces"":0,""decimalSeparator"":""FULL_STOP"",""groupingSeparator"":""SPACE"",""negativeNumberNotation"":""MINUS_SIGN"",""zeroFormat"":""ZERO"",""unitsType"":""NONE"",""unitsDisplayType"":""NONE"",""currencyCode"":null,""customUnits"":null,""comparisonIncrease"":""GOOD"",""nanApplied"":false,""nanDisplayValue"":""NaN""}";;;None;;true;"{""storageType"":""PLANAR"",""recalculateAll"":true}";"'План расходов ТД'.'Сумма несобственных затрат CF', 'План расходов ТД'.'Себестоимость не распределенная ТД CF', 'M05.03.01 REPORT CF по Доменам'.'Предварительный расчет (новый)', 'M05.03.05 REPORT Детализация CF с версиями'.'Списание_dwh', 'M05.03.05 REPORT Детализация CF с версиями'.'Сумма_dwh', 'M05.03.05 REPORT Детализация CF с версиями'.'Ошибки в знаке?', 'M05.03.05 REPORT Детализация CF с версиями'.'Ошибки в знаке? final', 'Импорт HR CF'.'CF со знаком', 'Сделки помесячно с измерением показателей'.'Себестоимость из воронки CF выгрузка', 'Сделки помесячно с ТД корректировки'.'Сумма оплат CF со знаком', 'Расходы по ЦФО OPEX CF ручной ввод'.'CF со знаком', 'M03.01.05 Ручной ввод Расходы и Доходы (расчет)'.'CF со знаком', 'Расходы по ЦФО OPEX ручной ввод (Проекты)'.'CF со знаком', 'M03.01.06 Ручной ввод Расходы по ЦФО OPEX (расчет)'.'CF со знаком', 'Расходы ЦСП (корректировки) СF и PL'.CF, 'Сделки помесячно по ЦК'.'Себестоимость из воронки CF выгрузка', 'M05.03.06 REPORT CF по БЕ'.'Предварительный расчет (новый)', 'Свод данных по БК и ЦК new'.'Себестоимость ExGap (руб) CF выгрузка', 'M02.02.11c IMPORT План расходов ТД CRM и EG (на месяцах)'.'Распределенная СС с учетом НДС и знака', 'M02.02.11c IMPORT План расходов ТД CRM и EG (на месяцах)'.'Нераспределенная СС с учетом НДС и знака', 'M03.01.12 Распределение выручки и себестоимости по МВЗ (на месяцах)'.'СС с учетом НДС и знака'";511;3.8072466850281E-6;;129000000379;true;;;"IF '129000000008' = ""Расход"" THEN -1 ELSE 1";"IF 'prihodrashod' = ""Расход"" THEN -1 ELSE 1";
"Статья не парент?";"NOT IS_PARENT() AND IN_DIMENSION('s CF Статьи CF')";"{""dataType"":""BOOLEAN"",""horizontalAlign"":""CENTER"",""verticalAlign"":""CENTER""}";;;None;;true;"{""storageType"":""PLANAR"",""recalculateAll"":true}";"'M01.04.38 MAP БК - статьи ЕКДР, PL и CF (Выручка и Себест)'.'Подсветка Статья CF поступление', 'M01.04.38 MAP БК - статьи ЕКДР, PL и CF (Выручка и Себест)'.'Подсветка Статья CF расход', 'Импорт Расходы по ЦФО OPEX ручной ввод'.'Подсветка ошибочной статьи CF', 'Импорт Расходы по ЦФО OPEX ручной ввод (Проекты)'.'Подсветка ошибочной статьи CF', 'Импорт Расходы по ЦФО OPEX ручной ввод (Проекты)'.'CF Ошибка указана статья верхнего уровня', 'Импорт Расходы по ЦФО OPEX ручной ввод (ЦФО)'.'Подсветка ошибочной статьи CF', 'M01.04.39 MAP БК - Вид Работ - статьи ЕКДР, PL и CF (Себест в импорте ТД)'.'Подсветка Статья CF поступление', 'M01.04.39 MAP БК - Вид Работ - статьи ЕКДР, PL и CF (Себест в импорте ТД)'.'Подсветка Статья CF расход'";511;9.5181167125702E-7;;129000000460;true;;;"NOT IS_PARENT() AND IN_DIMENSION('109000000088')";"NOT IS_PARENT() AND IN_DIMENSION('s CF Статьи CF')";
"Display name";"TEXT('Code') & ""|"" & 'description'";"{""dataType"":""TEXT"",""textType"":""GENERAL"",""maxLength"":0,""lineBreak"":true,""wordWrap"":false,""ignoreTextIndent"":false,""horizontalAlign"":""LEFT"",""verticalAlign"":""TOP""}";;;Formula;;true;"{""storageType"":""PLANAR"",""recalculateAll"":true}";"'Ввод Capex (проекты)'.'Статья CF наименование', 'Импорт Расходы ЦСП'.'Cтатья CF'";511;0;;129000000374;true;;;"TEXT('129000000207') & ""|"" & '129000000005'";"TEXT('Code') & ""|"" & 'description'";
"ФОТ (кроме тренингов)?";;"{""dataType"":""BOOLEAN"",""horizontalAlign"":""CENTER"",""verticalAlign"":""CENTER""}";;;Input;;true;"{""storageType"":""PLANAR"",""recalculateAll"":true}";"'M05.03.05 REPORT Детализация CF с версиями'.'Пустой этап проекта?'";511;9.5181167125702E-7;;129000000721;true;;;;;
"L CF И";;;;;;;;;;4500;1.927837729454E-5;;101000000043;;;;;;
item;"ITEM('L CF И')";"{""dataType"":""ENTITY"",""hierarchyEntityLongId"":101000000043,""horizontalAlign"":""LEFT"",""verticalAlign"":""CENTER"",""selectiveAccessApplied"":false,""dependentApplied"":false,""dependentEntityLongId"":null,""dimensionContext"":false}";;;Formula;;true;"{""storageType"":""PLANAR"",""recalculateAll"":true}";"parent, Code";225;1.6763806343079E-6;;129000000080;true;;;ITEM('101000000043');"ITEM('L CF И')";
parent;PARENT('item');"{""dataType"":""ENTITY"",""hierarchyEntityLongId"":101000000043,""horizontalAlign"":""LEFT"",""verticalAlign"":""CENTER"",""selectiveAccessApplied"":false,""dependentApplied"":false,""dependentEntityLongId"":null,""dimensionContext"":false}";;;Formula;;true;"{""storageType"":""PLANAR"",""recalculateAll"":true}";"'1', '2', '3', '4'";225;1.6763806343079E-6;;129000000081;true;;;PARENT('129000000080');PARENT('item');
Code;CODE('item');"{""dataType"":""TEXT"",""textType"":""GENERAL"",""maxLength"":0,""lineBreak"":true,""wordWrap"":false,""ignoreTextIndent"":false,""horizontalAlign"":""LEFT"",""verticalAlign"":""TOP""}";;;Formula;;true;"{""storageType"":""PLANAR"",""recalculateAll"":true}";"'Display Name', 'CF конс', 'Расчетная статья?', 'M01.04.27 MAP PL и CF'.'Код статьи'";225;0;;129000000183;true;;;CODE('129000000080');CODE('item');
"Display Name";"'Code' & "" | "" & 'Russian name'";"{""dataType"":""TEXT"",""textType"":""GENERAL"",""maxLength"":0,""lineBreak"":true,""wordWrap"":false,""ignoreTextIndent"":false,""horizontalAlign"":""LEFT"",""verticalAlign"":""TOP""}";;;Formula;;true;"{""storageType"":""PLANAR"",""recalculateAll"":true}";;225;0;;129000000071;true;;;"'129000000183' & "" | "" & '129000000072'";"'Code' & "" | "" & 'Russian name'";
"Russian name";;"{""dataType"":""TEXT"",""textType"":""GENERAL"",""maxLength"":0,""lineBreak"":true,""wordWrap"":false,""ignoreTextIndent"":false,""horizontalAlign"":""LEFT"",""verticalAlign"":""TOP""}";;;Input;;true;"{""storageType"":""PLANAR"",""recalculateAll"":true}";"'Display Name'";225;0;;129000000072;true;;;;;
"English name";;"{""dataType"":""TEXT"",""textType"":""GENERAL"",""maxLength"":0,""lineBreak"":true,""wordWrap"":false,""ignoreTextIndent"":false,""horizontalAlign"":""LEFT"",""verticalAlign"":""TOP""}";;;Input;;true;"{""storageType"":""PLANAR"",""recalculateAll"":true}";;225;0;;129000000073;true;;;;;
1;"IF 'parent' = """" THEN 1 ELSE 0";"{""dataType"":""NUMBER"",""minimumSignificantDigits"":-1,""decimalPlaces"":0,""decimalSeparator"":""FULL_STOP"",""groupingSeparator"":""SPACE"",""negativeNumberNotation"":""MINUS_SIGN"",""zeroFormat"":""ZERO"",""unitsType"":""NONE"",""unitsDisplayType"":""NONE"",""currencyCode"":null,""customUnits"":null,""comparisonIncrease"":""GOOD"",""nanApplied"":false,""nanDisplayValue"":""NaN""}";;;Formula;;true;"{""storageType"":""PLANAR"",""recalculateAll"":true}";"'2', Уровень, 'Уровень 1'";225;1.6763806343079E-6;;129000000074;true;;;"IF '129000000081' = """" THEN 1 ELSE 0";"IF 'parent' = """" THEN 1 ELSE 0";
2;"IF SELECT('1', 'L CF И':'parent') = 1 THEN 2 ELSE 0";"{""dataType"":""NUMBER"",""minimumSignificantDigits"":-1,""decimalPlaces"":0,""decimalSeparator"":""FULL_STOP"",""groupingSeparator"":""SPACE"",""negativeNumberNotation"":""MINUS_SIGN"",""zeroFormat"":""ZERO"",""unitsType"":""NONE"",""unitsDisplayType"":""NONE"",""currencyCode"":null,""customUnits"":null,""comparisonIncrease"":""GOOD"",""nanApplied"":false,""nanDisplayValue"":""NaN""}";;;Formula;;true;"{""storageType"":""PLANAR"",""recalculateAll"":true}";"'3', Уровень, 'Уровень 1-2'";225;1.6763806343079E-6;;129000000075;true;;;"IF SELECT('129000000074', '101000000043':'129000000081') = 1 THEN 2 ELSE 0";"IF SELECT('1', 'L CF И':'parent') = 1 THEN 2 ELSE 0";
3;"IF SELECT('2', 'L CF И':'parent') = 2 THEN 3 ELSE 0";"{""dataType"":""NUMBER"",""minimumSignificantDigits"":-1,""decimalPlaces"":0,""decimalSeparator"":""FULL_STOP"",""groupingSeparator"":""SPACE"",""negativeNumberNotation"":""MINUS_SIGN"",""zeroFormat"":""ZERO"",""unitsType"":""NONE"",""unitsDisplayType"":""NONE"",""currencyCode"":null,""customUnits"":null,""comparisonIncrease"":""GOOD"",""nanApplied"":false,""nanDisplayValue"":""NaN""}";;;Formula;;true;"{""storageType"":""PLANAR"",""recalculateAll"":true}";"'4', Уровень, 'Уровень 1-3'";225;1.6763806343079E-6;;129000000076;true;;;"IF SELECT('129000000075', '101000000043':'129000000081') = 2 THEN 3 ELSE 0";"IF SELECT('2', 'L CF И':'parent') = 2 THEN 3 ELSE 0";
4;"IF SELECT('3', 'L CF И':'parent') = 3 THEN 4 ELSE 0";"{""dataType"":""NUMBER"",""minimumSignificantDigits"":-1,""decimalPlaces"":0,""decimalSeparator"":""FULL_STOP"",""groupingSeparator"":""SPACE"",""negativeNumberNotation"":""MINUS_SIGN"",""zeroFormat"":""ZERO"",""unitsType"":""NONE"",""unitsDisplayType"":""NONE"",""currencyCode"":null,""customUnits"":null,""comparisonIncrease"":""GOOD"",""nanApplied"":false,""nanDisplayValue"":""NaN""}";;;Formula;;true;"{""storageType"":""PLANAR"",""recalculateAll"":true}";Уровень;225;1.6763806343079E-6;;129000000077;true;;;"IF SELECT('129000000076', '101000000043':'129000000081') = 3 THEN 4 ELSE 0";"IF SELECT('3', 'L CF И':'parent') = 3 THEN 4 ELSE 0";
Уровень;"IF 'Уровень ручной' <> 0 THEN 'Уровень ручной' ELSE '1' + '2' + '3' + '4'";"{""dataType"":""NUMBER"",""minimumSignificantDigits"":-1,""decimalPlaces"":0,""decimalSeparator"":""FULL_STOP"",""groupingSeparator"":""SPACE"",""negativeNumberNotation"":""MINUS_SIGN"",""zeroFormat"":""ZERO"",""unitsType"":""NONE"",""unitsDisplayType"":""NONE"",""currencyCode"":null,""customUnits"":null,""comparisonIncrease"":""GOOD"",""nanApplied"":false,""nanDisplayValue"":""NaN""}";;;Formula;;true;"{""storageType"":""PLANAR"",""recalculateAll"":true}";;225;1.6763806343079E-6;;129000000078;true;;;"IF '129000000079' <> 0 THEN '129000000079' ELSE '129000000074' + '129000000075' + '129000000076' + '129000000077'";"IF 'Уровень ручной' <> 0 THEN 'Уровень ручной' ELSE '1' + '2' + '3' + '4'";
"Уровень ручной";;"{""dataType"":""NUMBER"",""minimumSignificantDigits"":-1,""decimalPlaces"":0,""decimalSeparator"":""FULL_STOP"",""groupingSeparator"":""SPACE"",""negativeNumberNotation"":""MINUS_SIGN"",""zeroFormat"":""ZERO"",""unitsType"":""NONE"",""unitsDisplayType"":""NONE"",""currencyCode"":null,""customUnits"":null,""comparisonIncrease"":""GOOD"",""nanApplied"":false,""nanDisplayValue"":""NaN""}";;;Input;;true;"{""storageType"":""PLANAR"",""recalculateAll"":true}";Уровень;225;1.6763806343079E-6;;129000000079;true;;;;;
"Уровень 1";"'1' = 1";"{""dataType"":""BOOLEAN"",""horizontalAlign"":""CENTER"",""verticalAlign"":""CENTER""}";;;Formula;;true;"{""storageType"":""PLANAR"",""recalculateAll"":true}";"'Уровень 1-2'";225;4.1909515857697E-7;;129000000082;true;;;"'129000000074' = 1";"'1' = 1";
"Уровень 1-2";"'Уровень 1' OR '2' = 2";"{""dataType"":""BOOLEAN"",""horizontalAlign"":""CENTER"",""verticalAlign"":""CENTER""}";;;Formula;;true;"{""storageType"":""PLANAR"",""recalculateAll"":true}";"'Уровень 1-3'";225;4.1909515857697E-7;;129000000083;true;;;"'129000000082' OR '129000000075' = 2";"'Уровень 1' OR '2' = 2";
"Уровень 1-3";"'Уровень 1-2' OR '3' = 3";"{""dataType"":""BOOLEAN"",""horizontalAlign"":""CENTER"",""verticalAlign"":""CENTER""}";;;Formula;;true;"{""storageType"":""PLANAR"",""recalculateAll"":true}";;225;4.1909515857697E-7;;129000000084;true;;;"'129000000083' OR '129000000076' = 3";"'Уровень 1-2' OR '3' = 3";
"Все уровни";TRUE;"{""dataType"":""BOOLEAN"",""horizontalAlign"":""CENTER"",""verticalAlign"":""CENTER""}";;;Formula;;true;"{""storageType"":""PLANAR"",""recalculateAll"":true}";;225;4.1909515857697E-7;;129000000085;true;;;TRUE;TRUE;
"Расчетная статья?";"FINDTEXT('Code', 'M01.02.13 Настройка расчетных статей PL и CF'.'textsum CF') > 0";"{""dataType"":""BOOLEAN"",""horizontalAlign"":""CENTER"",""verticalAlign"":""CENTER""}";;;Formula;;true;"{""storageType"":""PLANAR"",""recalculateAll"":true}";;225;4.1909515857697E-7;;129000000184;true;;;"FINDTEXT('129000000183', '376000001360') > 0";"FINDTEXT('Code', 'M01.02.13 Настройка расчетных статей PL и CF'.'textsum CF') > 0";
"В сабсете";"IN_DIMENSION('s Статьи CF')";"{""dataType"":""BOOLEAN"",""horizontalAlign"":""CENTER"",""verticalAlign"":""CENTER""}";;;None;;true;"{""storageType"":""PLANAR"",""recalculateAll"":true}";"'L CF'.'Для сабсета'";225;4.1909515857697E-7;;129000000375;true;;;IN_DIMENSION('109000000087');"IN_DIMENSION('s Статьи CF')";
"CF конс";"FINDITEM('L CF', 'Code')";"{""dataType"":""ENTITY"",""hierarchyEntityLongId"":101000000019,""horizontalAlign"":""LEFT"",""verticalAlign"":""CENTER"",""selectiveAccessApplied"":false,""dependentApplied"":false,""dependentEntityLongId"":null,""dimensionContext"":false}";;;Formula;;true;"{""storageType"":""PLANAR"",""recalculateAll"":true}";Знак;225;1.6763806343079E-6;;129000000181;true;;;"FINDITEM('101000000019', '129000000183')";"FINDITEM('L CF', 'Code')";
Знак;"IF PROPERTY('L CF'.'prihodrashod', 'CF конс') = ""Расход"" THEN -1 ELSE 1";"{""dataType"":""NUMBER"",""minimumSignificantDigits"":-1,""decimalPlaces"":0,""decimalSeparator"":""FULL_STOP"",""groupingSeparator"":""SPACE"",""negativeNumberNotation"":""MINUS_SIGN"",""zeroFormat"":""ZERO"",""unitsType"":""NONE"",""unitsDisplayType"":""NONE"",""currencyCode"":null,""customUnits"":null,""comparisonIncrease"":""GOOD"",""nanApplied"":false,""nanDisplayValue"":""NaN""}";;;None;;true;"{""storageType"":""PLANAR"",""recalculateAll"":true}";;225;1.6763806343079E-6;;129000000182;true;;;"IF PROPERTY('129000000008', '129000000181') = ""Расход"" THEN -1 ELSE 1";"IF PROPERTY('L CF'.'prihodrashod', 'CF конс') = ""Расход"" THEN -1 ELSE 1";
"L Партнер";;;;;;;;;;0;0;;101000000020;;;;;;
"L Группа БизКат";;;;;;;;;;250;5.5879354476929E-7;;101000000022;;;;;;
item;"ITEM('L Группа БизКат')";"{""dataType"":""ENTITY"",""hierarchyEntityLongId"":101000000022,""horizontalAlign"":""LEFT"",""verticalAlign"":""CENTER"",""selectiveAccessApplied"":false,""dependentApplied"":false,""dependentEntityLongId"":null,""dimensionContext"":false}";;;None;;true;"{""storageType"":""PLANAR"",""recalculateAll"":true}";name;50;3.7252902984619E-7;;129000000230;true;;;ITEM('101000000022');"ITEM('L Группа БизКат')";
name;NAME('item');"{""dataType"":""TEXT"",""textType"":""GENERAL"",""maxLength"":0,""lineBreak"":true,""wordWrap"":false,""ignoreTextIndent"":false,""horizontalAlign"":""LEFT"",""verticalAlign"":""TOP""}";;;None;;true;"{""storageType"":""PLANAR"",""recalculateAll"":true}";"'ML01.03.09 Сделки Custom'.'Группа БизКат текст'";50;0;;129000000231;true;;;NAME('129000000230');NAME('item');
source;;"{""dataType"":""TEXT"",""textType"":""GENERAL"",""maxLength"":0,""lineBreak"":true,""wordWrap"":false,""ignoreTextIndent"":false,""horizontalAlign"":""LEFT"",""verticalAlign"":""TOP""}";;;None;;true;"{""storageType"":""PLANAR"",""recalculateAll"":true}";;50;0;;129000000874;true;;;;;
"х Элемент DEV_";;"{""dataType"":""BOOLEAN"",""horizontalAlign"":""CENTER"",""verticalAlign"":""CENTER""}";;;None;;true;"{""storageType"":""PLANAR"",""recalculateAll"":true}";;50;9.3132257461548E-8;;129000000015;true;;;;;
"х Элемент ФОТ";;"{""dataType"":""BOOLEAN"",""horizontalAlign"":""CENTER"",""verticalAlign"":""CENTER""}";;;None;;true;"{""storageType"":""PLANAR"",""recalculateAll"":true}";;50;9.3132257461548E-8;;129000000016;true;;;;;
"L БизКат";;;;;;;;;;492;1.3746321201324E-6;;101000000021;;;;;;
item;"ITEM('L БизКат')";"{""dataType"":""ENTITY"",""hierarchyEntityLongId"":101000000021,""horizontalAlign"":""LEFT"",""verticalAlign"":""CENTER"",""selectiveAccessApplied"":false,""dependentApplied"":false,""dependentEntityLongId"":null,""dimensionContext"":false}";;;Formula;;true;"{""storageType"":""PLANAR"",""recalculateAll"":true}";name;82;6.1094760894775E-7;;129000000097;true;;;ITEM('101000000021');"ITEM('L БизКат')";
name;NAME('item');"{""dataType"":""TEXT"",""textType"":""GENERAL"",""maxLength"":0,""lineBreak"":true,""wordWrap"":false,""ignoreTextIndent"":false,""horizontalAlign"":""LEFT"",""verticalAlign"":""TOP""}";;;Formula;;true;"{""storageType"":""PLANAR"",""recalculateAll"":true}";"'Display Name', 'План расходов ТД'.'БК от сделки'";82;0;;129000000245;true;;;NAME('129000000097');NAME('item');
parent;;"{""dataType"":""ENTITY"",""hierarchyEntityLongId"":101000000022,""horizontalAlign"":""LEFT"",""verticalAlign"":""CENTER"",""selectiveAccessApplied"":false,""dependentApplied"":false,""dependentEntityLongId"":null,""dimensionContext"":false}";;;None;;true;"{""storageType"":""PLANAR"",""recalculateAll"":true}";;82;6.1094760894775E-7;;129000000096;true;;;;;
"Display Name";'name';"{""dataType"":""TEXT"",""textType"":""GENERAL"",""maxLength"":0,""lineBreak"":true,""wordWrap"":false,""ignoreTextIndent"":false,""horizontalAlign"":""LEFT"",""verticalAlign"":""TOP""}";"IF LEFT('name', 1) = ""#"" THEN SELECT('name', 'L БизКат':'parent') ELSE 'name'
ДС После отключения справочника L группа бизкат необходимость в display name отпадает";;None;;true;"{""storageType"":""PLANAR"",""recalculateAll"":true}";"'ML01.03.09 Сделки Custom'.'БизКат текст'";82;0;;129000000246;true;;;'129000000245';'name';
source;;"{""dataType"":""TEXT"",""textType"":""GENERAL"",""maxLength"":0,""lineBreak"":true,""wordWrap"":false,""ignoreTextIndent"":false,""horizontalAlign"":""LEFT"",""verticalAlign"":""TOP""}";;;None;;true;"{""storageType"":""PLANAR"",""recalculateAll"":true}";;82;0;;129000000873;true;;;;;
"Первый в группе";;"{""dataType"":""BOOLEAN"",""horizontalAlign"":""CENTER"",""verticalAlign"":""CENTER""}";"ДС Зачем нужно это свойство? Как или кто поддерживает?";;None;;true;"{""storageType"":""PLANAR"",""recalculateAll"":true}";;82;1.5273690223694E-7;;129000000244;true;;;;;
"L Вид поставки";;;;;;;;;;0;0;;101000000023;;;;;;
"L Вендор";;;;;;;;;;0;0;;101000000024;;;;;;
"L СубПодрядчик";;;;;;;;;;0;0;;101000000025;;;;;;
"L Тип выручки/расходов";;;;;;;;;;10;1.862645149231E-8;;101000000063;;;;;;
"Добавить в расчет?";;"{""dataType"":""BOOLEAN"",""horizontalAlign"":""CENTER"",""verticalAlign"":""CENTER""}";;;None;;true;"{""storageType"":""PLANAR"",""recalculateAll"":true}";"'Импорт факта УК PL'.'Тип выручки/расходов в расчет?', 'M05.02.08 REPORT Детализация PL с версиями'.'for switchover version Тип выручки/расходов в расчет?'";5;9.3132257461548E-9;;129000000328;true;;;;;
"Добавить в расчет Домен?";;"{""dataType"":""BOOLEAN"",""horizontalAlign"":""CENTER"",""verticalAlign"":""CENTER""}";;;None;;true;"{""storageType"":""PLANAR"",""recalculateAll"":true}";"'Импорт факта УК PL'.'Тип выручки/расходов в расчет Домен?', 'M05.02.08 REPORT Детализация PL с версиями'.'for switchover version Тип выручки/расходов в расчет Домен?'";5;9.3132257461548E-9;;129000000802;true;;;;;
"L Рамки";;;;;;;;;;18;0;;101000000027;;;;;;
Код;"CODE(ITEM('L Рамки'))";"{""dataType"":""TEXT"",""textType"":""GENERAL"",""maxLength"":0,""lineBreak"":true,""wordWrap"":false,""ignoreTextIndent"":false,""horizontalAlign"":""LEFT"",""verticalAlign"":""TOP""}";;;None;;true;"{""storageType"":""PLANAR"",""recalculateAll"":true}";;18;0;;129000000092;true;;;CODE(ITEM('101000000027'));"CODE(ITEM('L Рамки'))";
"L ЮЛТ1Е";;;"не исп";;;;;;;0;0;;101000000028;;;;;;
"L Показатели планирования";;;"ДС 10.03.2026 старая нумерация, до БП2026. Сейчас актуален L Показатель";;;;;;;24;6.7055225372314E-8;;101000000029;;;;;;
item;"ITEM('L Показатели планирования')";"{""dataType"":""ENTITY"",""hierarchyEntityLongId"":101000000029,""horizontalAlign"":""LEFT"",""verticalAlign"":""CENTER"",""selectiveAccessApplied"":false,""dependentApplied"":false,""dependentEntityLongId"":null,""dimensionContext"":false}";;;None;;true;"{""storageType"":""PLANAR"",""recalculateAll"":true}";"'Сделки помесячно с измерением показателей'.Показатель";4;2.9802322387695E-8;;129000000009;true;;;ITEM('101000000029');"ITEM('L Показатели планирования')";
Расчетный;;"{""dataType"":""BOOLEAN"",""horizontalAlign"":""CENTER"",""verticalAlign"":""CENTER""}";;;None;;true;"{""storageType"":""PLANAR"",""recalculateAll"":true}";;4;7.4505805969238E-9;;129000000323;true;;;;;
ПДС;;"{""dataType"":""BOOLEAN"",""horizontalAlign"":""CENTER"",""verticalAlign"":""CENTER""}";;;None;;true;"{""storageType"":""PLANAR"",""recalculateAll"":true}";"'Сделки помесячно с измерением показателей'.ПДС, 'Сделки помесячно с ТД корректировки'.ПДС, 'Сделки помесячно по ЦК'.ПДС, 'Сделки помесячно по ЦК'.'Исходные данные', 'M03.01.04 Агрегированный P&L'.'tech Корректировка', 'M03.01.04 Агрегированный P&L'.'tech План ExGap', 'M03.01.04 Агрегированный P&L'.'tech План 1С:УХ', 'M03.01.04 Агрегированный P&L'.'tech План CRM', 'M03.01.04 Агрегированный P&L'.'tech Факт'";4;7.4505805969238E-9;;129000000324;true;;;;;
ВВ;;"{""dataType"":""BOOLEAN"",""horizontalAlign"":""CENTER"",""verticalAlign"":""CENTER""}";;;None;;true;"{""storageType"":""PLANAR"",""recalculateAll"":true}";"'Сделки помесячно с измерением показателей'.ВВ, 'Сделки помесячно с измерением показателей'.'x tech текущий ВВ все', 'Сделки помесячно с измерением показателей'.'ВВ текущий период без фильтра данных (для ТД)', 'Сделки помесячно с ТД корректировки'.ВВ, 'Сделки помесячно с ТД корректировки'.'ВВ текущий период без фильтра данных (для ТД)', 'Сделки помесячно по ЦК'.ВВ, 'M03.01.04 Агрегированный P&L'.'tech Корректировка', 'M03.01.04 Агрегированный P&L'.'tech План ExGap', 'M03.01.04 Агрегированный P&L'.'tech План 1С:УХ', 'M03.01.04 Агрегированный P&L'.'tech План CRM', 'M03.01.04 Агрегированный P&L'.'tech Факт'";4;7.4505805969238E-9;;129000000325;true;;;;;
ВП;;"{""dataType"":""BOOLEAN"",""horizontalAlign"":""CENTER"",""verticalAlign"":""CENTER""}";;;None;;true;"{""storageType"":""PLANAR"",""recalculateAll"":true}";"'Сделки помесячно с измерением показателей'.ВП, 'Сделки помесячно с измерением показателей'.'x tech текущий ВП все', 'Сделки помесячно с ТД корректировки'.ВП, 'Сделки помесячно по ЦК'.ВП, 'M03.01.04 Агрегированный P&L'.'tech Корректировка', 'M03.01.04 Агрегированный P&L'.'tech План ExGap', 'M03.01.04 Агрегированный P&L'.'tech План 1С:УХ', 'M03.01.04 Агрегированный P&L'.'tech План CRM', 'M03.01.04 Агрегированный P&L'.'tech Факт'";4;7.4505805969238E-9;;129000000326;true;;;;;
Маржа;;"{""dataType"":""BOOLEAN"",""horizontalAlign"":""CENTER"",""verticalAlign"":""CENTER""}";;;None;;true;"{""storageType"":""PLANAR"",""recalculateAll"":true}";"Планирование.'1 План', Планирование.'2 Корр', Планирование.'3 План ExGap', Планирование.'4 Воронка', 'M03.01.04 Агрегированный P&L'.План, 'M03.01.04 Агрегированный P&L'.Корректировка, 'M03.01.04 Агрегированный P&L'.'План ExGap', 'M03.01.04 Агрегированный P&L'.'План 1С:УХ', 'M03.01.04 Агрегированный P&L'.'План CRM', 'M03.01.04 Агрегированный P&L'.Факт";4;7.4505805969238E-9;;129000000250;true;;;;;
"L Тип планирования";;;"тех справочник";;;;;;;4;2.9802322387695E-8;;101000000050;;;;;;
item;"ITEM('L Тип планирования')";"{""dataType"":""ENTITY"",""hierarchyEntityLongId"":101000000050,""horizontalAlign"":""LEFT"",""verticalAlign"":""CENTER"",""selectiveAccessApplied"":false,""dependentApplied"":false,""dependentEntityLongId"":null,""dimensionContext"":false}";;;None;;true;"{""storageType"":""PLANAR"",""recalculateAll"":true}";;4;2.9802322387695E-8;;129000000110;true;;;ITEM('101000000050');"ITEM('L Тип планирования')";
"L ЦК";;;"L ЦК дирекция";;;;;;;1995;5.9455633163452E-6;;101000000032;;;;;;
source;;"{""dataType"":""TEXT"",""textType"":""GENERAL"",""maxLength"":0,""lineBreak"":true,""wordWrap"":false,""ignoreTextIndent"":false,""horizontalAlign"":""LEFT"",""verticalAlign"":""TOP""}";;;None;;true;"{""storageType"":""PLANAR"",""recalculateAll"":true}";;133;0;;129000000832;true;;;;;
"Display Name";;"{""dataType"":""TEXT"",""textType"":""GENERAL"",""maxLength"":0,""lineBreak"":true,""wordWrap"":false,""ignoreTextIndent"":false,""horizontalAlign"":""LEFT"",""verticalAlign"":""TOP""}";;;None;;true;"{""storageType"":""PLANAR"",""recalculateAll"":true}";;133;0;;129000000095;true;;;;;
item;"ITEM('L ЦК')";"{""dataType"":""ENTITY"",""hierarchyEntityLongId"":101000000032,""horizontalAlign"":""LEFT"",""verticalAlign"":""CENTER"",""selectiveAccessApplied"":false,""dependentApplied"":false,""dependentEntityLongId"":null,""dimensionContext"":false}";;;None;;true;"{""storageType"":""PLANAR"",""recalculateAll"":true}";"name, 'ДЗИЛ?', 'Корректировки ДЗИЛ'.ЦК";133;9.9092721939087E-7;;129000000014;true;;;ITEM('101000000032');"ITEM('L ЦК')";
name;NAME('item');"{""dataType"":""TEXT"",""textType"":""GENERAL"",""maxLength"":0,""lineBreak"":true,""wordWrap"":false,""ignoreTextIndent"":false,""horizontalAlign"":""LEFT"",""verticalAlign"":""TOP""}";;;None;;true;"{""storageType"":""PLANAR"",""recalculateAll"":true}";"'M05.02.08 REPORT Детализация PL с версиями'.'Центр компетенций'";133;0;;129000000227;true;;;NAME('129000000014');NAME('item');
"Блок PL";;"{""dataType"":""ENTITY"",""hierarchyEntityLongId"":101000000064,""horizontalAlign"":""LEFT"",""verticalAlign"":""CENTER"",""selectiveAccessApplied"":false,""dependentApplied"":false,""dependentEntityLongId"":null,""dimensionContext"":false}";;;None;;true;"{""storageType"":""PLANAR"",""recalculateAll"":true}";;133;9.9092721939087E-7;;129000000334;true;;;;;
"Без ФОТ";;"{""dataType"":""BOOLEAN"",""horizontalAlign"":""CENTER"",""verticalAlign"":""CENTER""}";;;None;;true;"{""storageType"":""PLANAR"",""recalculateAll"":true}";;133;2.4773180484772E-7;;129000000343;true;;;;;
ДЗИЛ?;"'item' = 'L ЦК'.'ДЗИЛ box-moving'";"{""dataType"":""BOOLEAN"",""horizontalAlign"":""CENTER"",""verticalAlign"":""CENTER""}";;;None;;true;"{""storageType"":""PLANAR"",""recalculateAll"":true}";"'Импорт HR PL (направления)'.'Корректировка ДЗИЛ'";133;2.4773180484772E-7;;129000000448;true;;;"'129000000014' = '101000000032'.'253000000002'";"'item' = 'L ЦК'.'ДЗИЛ box-moving'";
"В выборке активных";"IN_DIMENSION('s ЦК все f1')";"{""dataType"":""BOOLEAN"",""horizontalAlign"":""CENTER"",""verticalAlign"":""CENTER""}";;;None;;true;"{""storageType"":""PLANAR"",""recalculateAll"":true}";"'Сделки помесячно с измерением показателей'.'Фильтр выгрузки PL Себестоимость воронка', 'Сделки помесячно с измерением показателей'.'Фильтр отсутствующий ЦК в выборке', 'Сделки помесячно по ЦК'.'Фильтр выгрузки PL Себестоимость воронка'";133;2.4773180484772E-7;;129000000451;true;;;IN_DIMENSION('109000000072');"IN_DIMENSION('s ЦК все f1')";
"В себестоимость без ФОТ";;"{""dataType"":""BOOLEAN"",""horizontalAlign"":""CENTER"",""verticalAlign"":""CENTER""}";;;None;;true;"{""storageType"":""PLANAR"",""recalculateAll"":true}";"'Импорт HR PL'.t, 'Свод данных по БК и ЦК new'.'EXGap себестоимость?', 'Свод данных по БК и ЦК new'.'ЦК для ФОТ'";133;2.4773180484772E-7;;129000000437;true;;;;;
"Выделить ФОТ в себестоимости";;"{""dataType"":""BOOLEAN"",""horizontalAlign"":""CENTER"",""verticalAlign"":""CENTER""}";;;None;;true;"{""storageType"":""PLANAR"",""recalculateAll"":true}";"'План расходов ТД'.'ЦК без ФОТ'";133;2.4773180484772E-7;;129000000019;true;;;;;
Субподряд?;;"{""dataType"":""BOOLEAN"",""horizontalAlign"":""CENTER"",""verticalAlign"":""CENTER""}";;;None;;true;"{""storageType"":""PLANAR"",""recalculateAll"":true}";"'Сделки помесячно с измерением показателей'.'Итоговая сумма (руб)'";133;2.4773180484772E-7;;129000000434;true;;;;;
1;1;"{""dataType"":""NUMBER"",""minimumSignificantDigits"":-1,""decimalPlaces"":0,""decimalSeparator"":""FULL_STOP"",""groupingSeparator"":""SPACE"",""negativeNumberNotation"":""MINUS_SIGN"",""zeroFormat"":""ZERO"",""unitsType"":""NONE"",""unitsDisplayType"":""NONE"",""currencyCode"":null,""customUnits"":null,""comparisonIncrease"":""GOOD"",""nanApplied"":false,""nanDisplayValue"":""NaN"",""horizontalAlign"":""RIGHT"",""verticalAlign"":""CENTER""}";;;Sum;;true;"{""storageType"":""PLANAR"",""recalculateAll"":true}";"Variables.'Количество элементов ЦК'";133;9.9092721939087E-7;;129000000709;true;;;1;1;
"p.test есть данные в Сделки помесячно по ЦК";"SUM('План расходов ТД'.'Расходы на работы ЦК, млн руб', 'План расходов ТД'.'ЦК распознано') + SUM('Исходные данные CRM'.'Прогноз', 'Исходные данные CRM'.'ЦК распознано') + SUM('Исходные данные CRM'.'Прогноз взвеш', 'Исходные данные CRM'.'ЦК распознано')";"{""dataType"":""NUMBER"",""minimumSignificantDigits"":-1,""decimalPlaces"":0,""decimalSeparator"":""FULL_STOP"",""groupingSeparator"":""SPACE"",""negativeNumberNotation"":""MINUS_SIGN"",""zeroFormat"":""ZERO"",""unitsType"":""NONE"",""unitsDisplayType"":""NONE"",""currencyCode"":null,""customUnits"":null,""comparisonIncrease"":""GOOD"",""nanApplied"":false,""nanDisplayValue"":""NaN"",""horizontalAlign"":""RIGHT"",""verticalAlign"":""CENTER""}";;;Sum;;true;"{""storageType"":""PLANAR"",""recalculateAll"":true}";;133;9.9092721939087E-7;;129000000729;true;;;"sum( '316000000782' ,  '316000001163' )  +  sum(  '217000000018' , '217000000069' ) + sum(  '217000000020'  , '217000000069' )";"SUM('План расходов ТД'.'Расходы на работы ЦК, млн руб', 'План расходов ТД'.'ЦК распознано') + SUM('Исходные данные CRM'.'Прогноз', 'Исходные данные CRM'.'ЦК распознано') + SUM('Исходные данные CRM'.'Прогноз взвеш', 'Исходные данные CRM'.'ЦК распознано')";
"Фильтр ExtraGap";;"{""dataType"":""BOOLEAN"",""horizontalAlign"":""CENTER"",""verticalAlign"":""CENTER""}";;;None;;true;"{""storageType"":""PLANAR"",""recalculateAll"":true}";;133;2.4773180484772E-7;;129000000772;true;;;;;
"p.ML L2 ЦФО";"'M99.11 FILTER БК (в L2 ЦФО)'.'Есть в ML L2 ЦФО ?'";"{""dataType"":""BOOLEAN"",""horizontalAlign"":""CENTER"",""verticalAlign"":""CENTER""}";;;None;;true;"{""storageType"":""PLANAR"",""recalculateAll"":true}";;133;2.4773180484772E-7;;129000000782;true;;;'965000011524';"'M99.11 FILTER БК (в L2 ЦФО)'.'Есть в ML L2 ЦФО ?'";
"L Фин категория";;;"не исп";;;;;;;10;7.4505805969238E-8;;101000000033;;;;;;
item;"ITEM('L Фин категория')";"{""dataType"":""ENTITY"",""hierarchyEntityLongId"":101000000033,""horizontalAlign"":""LEFT"",""verticalAlign"":""CENTER"",""selectiveAccessApplied"":false,""dependentApplied"":false,""dependentEntityLongId"":null,""dimensionContext"":false}";;;None;;true;"{""storageType"":""PLANAR"",""recalculateAll"":true}";;10;7.4505805969238E-8;;129000000018;true;;;ITEM('101000000033');"ITEM('L Фин категория')";
"L PL (ЕКДР)";;;;;;;;;;15288;5.0380825996399E-5;;101000000034;;;;;;
"Display Name";;"{""dataType"":""TEXT"",""textType"":""GENERAL"",""maxLength"":0,""lineBreak"":true,""wordWrap"":false,""ignoreTextIndent"":false,""horizontalAlign"":""LEFT"",""verticalAlign"":""TOP""}";;;Input;;true;"{""storageType"":""PLANAR"",""recalculateAll"":true}";;392;0;;129000000033;true;;;;;
item;"ITEM('L PL (ЕКДР)')";"{""dataType"":""ENTITY"",""hierarchyEntityLongId"":101000000034,""horizontalAlign"":""LEFT"",""verticalAlign"":""CENTER"",""selectiveAccessApplied"":false,""dependentApplied"":false,""dependentEntityLongId"":null,""dimensionContext"":false}";;;Formula;;true;"{""storageType"":""PLANAR"",""recalculateAll"":true}";"parent, 'p1', 'Код статьи'";392;2.9206275939941E-6;;129000000064;true;;;ITEM('101000000034');"ITEM('L PL (ЕКДР)')";
parent;PARENT('item');"{""dataType"":""ENTITY"",""hierarchyEntityLongId"":101000000034,""horizontalAlign"":""LEFT"",""verticalAlign"":""CENTER"",""selectiveAccessApplied"":false,""dependentApplied"":false,""dependentEntityLongId"":null,""dimensionContext"":false}";;;Formula;;true;"{""storageType"":""PLANAR"",""recalculateAll"":true}";"'1', '2', '3', '4', 'p2', 'Код парента'";392;2.9206275939941E-6;;129000000065;true;;;PARENT('129000000064');PARENT('item');
"Наименование статьи РУС";;"{""dataType"":""TEXT"",""textType"":""GENERAL"",""maxLength"":0,""lineBreak"":true,""wordWrap"":false,""ignoreTextIndent"":false,""horizontalAlign"":""LEFT"",""verticalAlign"":""TOP""}";;;Input;;true;"{""storageType"":""PLANAR"",""recalculateAll"":true}";;392;0;;129000000021;true;;;;;
"Наименование статьи ENG";;"{""dataType"":""TEXT"",""textType"":""GENERAL"",""maxLength"":0,""lineBreak"":true,""wordWrap"":false,""ignoreTextIndent"":false,""horizontalAlign"":""LEFT"",""verticalAlign"":""TOP""}";;;Input;;true;"{""storageType"":""PLANAR"",""recalculateAll"":true}";;392;0;;129000000022;true;;;;;
"Код статьи";CODE('item');"{""dataType"":""TEXT"",""textType"":""GENERAL"",""maxLength"":0,""lineBreak"":true,""wordWrap"":false,""ignoreTextIndent"":false,""horizontalAlign"":""LEFT"",""verticalAlign"":""TOP""}";;;Formula;;true;"{""storageType"":""PLANAR"",""recalculateAll"":true}";"'Сравнение с PL old'";392;0;;129000000229;true;;;CODE('129000000064');CODE('item');
"Уровень статьи";;"{""dataType"":""TEXT"",""textType"":""GENERAL"",""maxLength"":0,""lineBreak"":true,""wordWrap"":false,""ignoreTextIndent"":false,""horizontalAlign"":""LEFT"",""verticalAlign"":""TOP""}";;;Input;;true;"{""storageType"":""PLANAR"",""recalculateAll"":true}";;392;0;;129000000023;true;;;;;
1;"IF 'parent' = """" THEN 1 ELSE 0";"{""dataType"":""NUMBER"",""minimumSignificantDigits"":-1,""decimalPlaces"":0,""decimalSeparator"":""FULL_STOP"",""groupingSeparator"":""SPACE"",""negativeNumberNotation"":""MINUS_SIGN"",""zeroFormat"":""ZERO"",""unitsType"":""NONE"",""unitsDisplayType"":""NONE"",""currencyCode"":null,""customUnits"":null,""comparisonIncrease"":""GOOD"",""nanApplied"":false,""nanDisplayValue"":""NaN""}";;;Formula;;true;"{""storageType"":""PLANAR"",""recalculateAll"":true}";"'Уровень 1', '2', Итог";392;2.9206275939941E-6;;129000000066;true;;;"IF '129000000065' = """" THEN 1 ELSE 0";"IF 'parent' = """" THEN 1 ELSE 0";
2;"IF SELECT('1', 'L PL (ЕКДР)':'parent') = 1 THEN 2 ELSE 0";"{""dataType"":""NUMBER"",""minimumSignificantDigits"":-1,""decimalPlaces"":0,""decimalSeparator"":""FULL_STOP"",""groupingSeparator"":""SPACE"",""negativeNumberNotation"":""MINUS_SIGN"",""zeroFormat"":""ZERO"",""unitsType"":""NONE"",""unitsDisplayType"":""NONE"",""currencyCode"":null,""customUnits"":null,""comparisonIncrease"":""GOOD"",""nanApplied"":false,""nanDisplayValue"":""NaN""}";;;Formula;;true;"{""storageType"":""PLANAR"",""recalculateAll"":true}";"'Уровень 1-2', '3', Итог";392;2.9206275939941E-6;;129000000067;true;;;"IF SELECT('129000000066', '101000000034':'129000000065') = 1 THEN 2 ELSE 0";"IF SELECT('1', 'L PL (ЕКДР)':'parent') = 1 THEN 2 ELSE 0";
3;"IF SELECT('2', 'L PL (ЕКДР)':'parent') = 2 THEN 3 ELSE 0";"{""dataType"":""NUMBER"",""minimumSignificantDigits"":-1,""decimalPlaces"":0,""decimalSeparator"":""FULL_STOP"",""groupingSeparator"":""SPACE"",""negativeNumberNotation"":""MINUS_SIGN"",""zeroFormat"":""ZERO"",""unitsType"":""NONE"",""unitsDisplayType"":""NONE"",""currencyCode"":null,""customUnits"":null,""comparisonIncrease"":""GOOD"",""nanApplied"":false,""nanDisplayValue"":""NaN""}";;;Formula;;true;"{""storageType"":""PLANAR"",""recalculateAll"":true}";"'Уровень 1-3', '4', Итог";392;2.9206275939941E-6;;129000000068;true;;;"IF SELECT('129000000067', '101000000034':'129000000065') = 2 THEN 3 ELSE 0";"IF SELECT('2', 'L PL (ЕКДР)':'parent') = 2 THEN 3 ELSE 0";
4;"IF SELECT('3', 'L PL (ЕКДР)':'parent') = 3 THEN 4 ELSE 0";"{""dataType"":""NUMBER"",""minimumSignificantDigits"":-1,""decimalPlaces"":0,""decimalSeparator"":""FULL_STOP"",""groupingSeparator"":""SPACE"",""negativeNumberNotation"":""MINUS_SIGN"",""zeroFormat"":""ZERO"",""unitsType"":""NONE"",""unitsDisplayType"":""NONE"",""currencyCode"":null,""customUnits"":null,""comparisonIncrease"":""GOOD"",""nanApplied"":false,""nanDisplayValue"":""NaN""}";;;Formula;;true;"{""storageType"":""PLANAR"",""recalculateAll"":true}";Итог;392;2.9206275939941E-6;;129000000069;true;;;"IF SELECT('129000000068', '101000000034':'129000000065') = 3 THEN 4 ELSE 0";"IF SELECT('3', 'L PL (ЕКДР)':'parent') = 3 THEN 4 ELSE 0";
Итог;"'1' + '2' + '3' + '4'";"{""dataType"":""NUMBER"",""minimumSignificantDigits"":-1,""decimalPlaces"":0,""decimalSeparator"":""FULL_STOP"",""groupingSeparator"":""SPACE"",""negativeNumberNotation"":""MINUS_SIGN"",""zeroFormat"":""ZERO"",""unitsType"":""NONE"",""unitsDisplayType"":""NONE"",""currencyCode"":null,""customUnits"":null,""comparisonIncrease"":""GOOD"",""nanApplied"":false,""nanDisplayValue"":""NaN""}";;;Formula;;true;"{""storageType"":""PLANAR"",""recalculateAll"":true}";;392;2.9206275939941E-6;;129000000070;true;;;"'129000000066' + '129000000067' + '129000000068' + '129000000069'";"'1' + '2' + '3' + '4'";
"Уровень 1";"'1' = 1";"{""dataType"":""BOOLEAN"",""horizontalAlign"":""CENTER"",""verticalAlign"":""CENTER""}";;;Formula;;true;"{""storageType"":""PLANAR"",""recalculateAll"":true}";"'Уровень 1-2'";392;7.3015689849854E-7;;129000000024;true;;;"'129000000066' = 1";"'1' = 1";
"Уровень 1-2";"'Уровень 1' OR '2' = 2";"{""dataType"":""BOOLEAN"",""horizontalAlign"":""CENTER"",""verticalAlign"":""CENTER""}";;;Formula;;true;"{""storageType"":""PLANAR"",""recalculateAll"":true}";"'Уровень 1-3'";392;7.3015689849854E-7;;129000000025;true;;;"'129000000024' OR '129000000067' = 2";"'Уровень 1' OR '2' = 2";
"Уровень 1-3";"'Уровень 1-2' OR '3' = 3";"{""dataType"":""BOOLEAN"",""horizontalAlign"":""CENTER"",""verticalAlign"":""CENTER""}";;;Formula;;true;"{""storageType"":""PLANAR"",""recalculateAll"":true}";;392;7.3015689849854E-7;;129000000026;true;;;"'129000000025' OR '129000000068' = 3";"'Уровень 1-2' OR '3' = 3";
"Все уровни";TRUE;"{""dataType"":""BOOLEAN"",""horizontalAlign"":""CENTER"",""verticalAlign"":""CENTER""}";;;Formula;;true;"{""storageType"":""PLANAR"",""recalculateAll"":true}";;392;7.3015689849854E-7;;129000000027;true;;;TRUE;TRUE;
"Является родителем";IS_PARENT();"{""dataType"":""BOOLEAN"",""horizontalAlign"":""CENTER"",""verticalAlign"":""CENTER""}";;;Formula;;true;"{""storageType"":""PLANAR"",""recalculateAll"":true}";"'L PL конс'.'Является родителем PL'";392;7.3015689849854E-7;;129000000121;true;;;IS_PARENT();IS_PARENT();
p1;'item';"{""dataType"":""ENTITY"",""hierarchyEntityLongId"":101000000034,""horizontalAlign"":""LEFT"",""verticalAlign"":""CENTER"",""selectiveAccessApplied"":false,""dependentApplied"":false,""dependentEntityLongId"":null,""dimensionContext"":false}";;;Formula;;true;"{""storageType"":""PLANAR"",""recalculateAll"":true}";;392;2.9206275939941E-6;;129000000116;true;;;'129000000064';'item';
p2;'parent';"{""dataType"":""ENTITY"",""hierarchyEntityLongId"":101000000034,""horizontalAlign"":""LEFT"",""verticalAlign"":""CENTER"",""selectiveAccessApplied"":false,""dependentApplied"":false,""dependentEntityLongId"":null,""dimensionContext"":false}";;;Formula;;true;"{""storageType"":""PLANAR"",""recalculateAll"":true}";'p3';392;2.9206275939941E-6;;129000000117;true;;;'129000000065';'parent';
p3;PARENT('p2');"{""dataType"":""ENTITY"",""hierarchyEntityLongId"":101000000034,""horizontalAlign"":""LEFT"",""verticalAlign"":""CENTER"",""selectiveAccessApplied"":false,""dependentApplied"":false,""dependentEntityLongId"":null,""dimensionContext"":false}";;;Formula;;true;"{""storageType"":""PLANAR"",""recalculateAll"":true}";'p4';392;2.9206275939941E-6;;129000000118;true;;;PARENT('129000000117');PARENT('p2');
p4;PARENT('p3');"{""dataType"":""ENTITY"",""hierarchyEntityLongId"":101000000034,""horizontalAlign"":""LEFT"",""verticalAlign"":""CENTER"",""selectiveAccessApplied"":false,""dependentApplied"":false,""dependentEntityLongId"":null,""dimensionContext"":false}";;;Formula;;true;"{""storageType"":""PLANAR"",""recalculateAll"":true}";'p5';392;2.9206275939941E-6;;129000000119;true;;;PARENT('129000000118');PARENT('p3');
p5;PARENT('p4');"{""dataType"":""ENTITY"",""hierarchyEntityLongId"":101000000034,""horizontalAlign"":""LEFT"",""verticalAlign"":""CENTER"",""selectiveAccessApplied"":false,""dependentApplied"":false,""dependentEntityLongId"":null,""dimensionContext"":false}";;;Formula;;true;"{""storageType"":""PLANAR"",""recalculateAll"":true}";;392;2.9206275939941E-6;;129000000120;true;;;PARENT('129000000119');PARENT('p4');
"в общий PL";;"{""dataType"":""ENTITY"",""hierarchyEntityLongId"":101000000034,""horizontalAlign"":""LEFT"",""verticalAlign"":""CENTER"",""selectiveAccessApplied"":false,""dependentApplied"":false,""dependentEntityLongId"":null,""dimensionContext"":false}";;;Input;;true;"{""storageType"":""PLANAR"",""recalculateAll"":true}";"'PL конс'";392;2.9206275939941E-6;;129000000137;true;;;;;
"PL конс";"FINDITEM('L PL конс', CODE('в общий PL'))";"{""dataType"":""ENTITY"",""hierarchyEntityLongId"":101000000052,""horizontalAlign"":""LEFT"",""verticalAlign"":""CENTER"",""selectiveAccessApplied"":false,""dependentApplied"":false,""dependentEntityLongId"":null,""dimensionContext"":false}";;;Formula;;true;"{""storageType"":""PLANAR"",""recalculateAll"":true}";"'L Услуги'.'1ВТБ субаренда', 'L Услуги'.'1PL (ВТБ сименс)', 'CALC Параметры НМА'.'Статья P&L'";392;2.9206275939941E-6;;129000000176;true;;;"FINDITEM('101000000052', CODE('129000000137'))";"FINDITEM('L PL конс', CODE('в общий PL'))";
pp1;;"{""dataType"":""TEXT"",""textType"":""GENERAL"",""maxLength"":0,""lineBreak"":true,""wordWrap"":false,""ignoreTextIndent"":false,""horizontalAlign"":""LEFT"",""verticalAlign"":""TOP""}";;;None;;true;"{""storageType"":""PLANAR"",""recalculateAll"":true}";;392;0;;129000000132;true;;;;;
pp2;;"{""dataType"":""TEXT"",""textType"":""GENERAL"",""maxLength"":0,""lineBreak"":true,""wordWrap"":false,""ignoreTextIndent"":false,""horizontalAlign"":""LEFT"",""verticalAlign"":""TOP""}";;;None;;true;"{""storageType"":""PLANAR"",""recalculateAll"":true}";;392;0;;129000000133;true;;;;;
pp3;;"{""dataType"":""TEXT"",""textType"":""GENERAL"",""maxLength"":0,""lineBreak"":true,""wordWrap"":false,""ignoreTextIndent"":false,""horizontalAlign"":""LEFT"",""verticalAlign"":""TOP""}";;;None;;true;"{""storageType"":""PLANAR"",""recalculateAll"":true}";;392;0;;129000000134;true;;;;;
pp4;;"{""dataType"":""TEXT"",""textType"":""GENERAL"",""maxLength"":0,""lineBreak"":true,""wordWrap"":false,""ignoreTextIndent"":false,""horizontalAlign"":""LEFT"",""verticalAlign"":""TOP""}";;;None;;true;"{""storageType"":""PLANAR"",""recalculateAll"":true}";;392;0;;129000000135;true;;;;;
pp5;;"{""dataType"":""TEXT"",""textType"":""GENERAL"",""maxLength"":0,""lineBreak"":true,""wordWrap"":false,""ignoreTextIndent"":false,""horizontalAlign"":""LEFT"",""verticalAlign"":""TOP""}";;;None;;true;"{""storageType"":""PLANAR"",""recalculateAll"":true}";;392;0;;129000000136;true;;;;;
"Статьи Группы";;"{""dataType"":""BOOLEAN"",""horizontalAlign"":""CENTER"",""verticalAlign"":""CENTER""}";;;None;;true;"{""storageType"":""PLANAR"",""recalculateAll"":true}";;392;7.3015689849854E-7;;129000000028;true;;;;;
"Base PL?";;"{""dataType"":""BOOLEAN"",""horizontalAlign"":""CENTER"",""verticalAlign"":""CENTER""}";;;None;;true;"{""storageType"":""PLANAR"",""recalculateAll"":true}";;392;7.3015689849854E-7;;129000000029;true;;;;;
"PL Calc?";;"{""dataType"":""BOOLEAN"",""horizontalAlign"":""CENTER"",""verticalAlign"":""CENTER""}";;;Input;;true;"{""storageType"":""PLANAR"",""recalculateAll"":true}";;392;7.3015689849854E-7;;129000000030;true;;;;;
Проценты?;;"{""dataType"":""BOOLEAN"",""horizontalAlign"":""CENTER"",""verticalAlign"":""CENTER""}";;;Input;;true;"{""storageType"":""PLANAR"",""recalculateAll"":true}";;392;7.3015689849854E-7;;129000000031;true;;;;;
Доход/Расход?;;"{""dataType"":""TEXT"",""textType"":""GENERAL"",""maxLength"":0,""lineBreak"":true,""wordWrap"":false,""ignoreTextIndent"":false,""horizontalAlign"":""LEFT"",""verticalAlign"":""TOP""}";;;Input;;true;"{""storageType"":""PLANAR"",""recalculateAll"":true}";;392;0;;129000000032;true;;;;;
"Сравнение с PL old";"FINDITEM('L PL (ЕКДР) test', 'Код статьи') = """"";"{""dataType"":""BOOLEAN"",""horizontalAlign"":""CENTER"",""verticalAlign"":""CENTER""}";;;None;;true;"{""storageType"":""PLANAR"",""recalculateAll"":true}";;392;7.3015689849854E-7;;129000000263;true;;;"FINDITEM('101000000058', '129000000229') = """"";"FINDITEM('L PL (ЕКДР) test', 'Код статьи') = """"";
"11 блок";"IN_DIMENSION('s PL (11)')";"{""dataType"":""BOOLEAN"",""horizontalAlign"":""CENTER"",""verticalAlign"":""CENTER""}";;;Formula;;true;"{""storageType"":""PLANAR"",""recalculateAll"":true}";Посчитано;392;7.3015689849854E-7;;129000000128;true;;;IN_DIMENSION('109000000034');"IN_DIMENSION('s PL (11)')";
"15 блок";"IN_DIMENSION('s PL (15)')";"{""dataType"":""BOOLEAN"",""horizontalAlign"":""CENTER"",""verticalAlign"":""CENTER""}";;;Formula;;true;"{""storageType"":""PLANAR"",""recalculateAll"":true}";Посчитано;392;7.3015689849854E-7;;129000000129;true;;;IN_DIMENSION('109000000038');"IN_DIMENSION('s PL (15)')";
Посчитано;"'11 блок' OR '15 блок'";"{""dataType"":""BOOLEAN"",""horizontalAlign"":""CENTER"",""verticalAlign"":""CENTER""}";;;Formula;;true;"{""storageType"":""PLANAR"",""recalculateAll"":true}";;392;7.3015689849854E-7;;129000000130;true;;;"'129000000128' OR '129000000129'";"'11 блок' OR '15 блок'";
"Код парента";CODE('parent');"{""dataType"":""TEXT"",""textType"":""GENERAL"",""maxLength"":0,""lineBreak"":true,""wordWrap"":false,""ignoreTextIndent"":false,""horizontalAlign"":""LEFT"",""verticalAlign"":""TOP""}";;;Formula;;true;"{""storageType"":""PLANAR"",""recalculateAll"":true}";;392;0;;129000000173;true;;;CODE('129000000065');CODE('parent');
"L PL (ЕКДР) test";;;;;;;;;;4741;1.123920083046E-5;;101000000058;;;;;;
"Display Name";;"{""dataType"":""TEXT"",""textType"":""GENERAL"",""maxLength"":0,""lineBreak"":true,""wordWrap"":false,""ignoreTextIndent"":false,""horizontalAlign"":""LEFT"",""verticalAlign"":""TOP""}";;;Input;;true;"{""storageType"":""PLANAR"",""recalculateAll"":true}";;431;0;;129000000255;true;;;;;
"Наименование статьи РУС";;"{""dataType"":""TEXT"",""textType"":""GENERAL"",""maxLength"":0,""lineBreak"":true,""wordWrap"":false,""ignoreTextIndent"":false,""horizontalAlign"":""LEFT"",""verticalAlign"":""TOP""}";;;Input;;true;"{""storageType"":""PLANAR"",""recalculateAll"":true}";;431;0;;129000000256;true;;;;;
"Наименование статьи ENG";;"{""dataType"":""TEXT"",""textType"":""GENERAL"",""maxLength"":0,""lineBreak"":true,""wordWrap"":false,""ignoreTextIndent"":false,""horizontalAlign"":""LEFT"",""verticalAlign"":""TOP""}";;;Input;;true;"{""storageType"":""PLANAR"",""recalculateAll"":true}";;431;0;;129000000257;true;;;;;
"Код статьи";"CODE(ITEM('L PL (ЕКДР) test'))";"{""dataType"":""TEXT"",""textType"":""GENERAL"",""maxLength"":0,""lineBreak"":true,""wordWrap"":false,""ignoreTextIndent"":false,""horizontalAlign"":""LEFT"",""verticalAlign"":""TOP""}";;;None;;true;"{""storageType"":""PLANAR"",""recalculateAll"":true}";"'Есть в ЕКДР', 'Есть в ЕКДР обрезано'";431;0;;129000000266;true;;;CODE(ITEM('101000000058'));"CODE(ITEM('L PL (ЕКДР) test'))";
"Уровень статьи";;"{""dataType"":""NUMBER"",""minimumSignificantDigits"":-1,""decimalPlaces"":0,""decimalSeparator"":""FULL_STOP"",""groupingSeparator"":""SPACE"",""negativeNumberNotation"":""MINUS_SIGN"",""zeroFormat"":""ZERO"",""unitsType"":""NONE"",""unitsDisplayType"":""NONE"",""currencyCode"":null,""customUnits"":null,""comparisonIncrease"":""GOOD"",""nanApplied"":false,""nanDisplayValue"":""NaN""}";;;Input;;true;"{""storageType"":""PLANAR"",""recalculateAll"":true}";;431;3.2112002372742E-6;;129000000258;true;;;;;
"в общий PL";;"{""dataType"":""ENTITY"",""hierarchyEntityLongId"":101000000034,""horizontalAlign"":""LEFT"",""verticalAlign"":""CENTER"",""selectiveAccessApplied"":false,""dependentApplied"":false,""dependentEntityLongId"":null,""dimensionContext"":false}";;;Input;;true;"{""storageType"":""PLANAR"",""recalculateAll"":true}";;431;3.2112002372742E-6;;129000000259;true;;;;;
"Код PL";;"{""dataType"":""TEXT"",""textType"":""GENERAL"",""maxLength"":0,""lineBreak"":true,""wordWrap"":false,""ignoreTextIndent"":false,""horizontalAlign"":""LEFT"",""verticalAlign"":""TOP""}";;;None;;true;"{""storageType"":""PLANAR"",""recalculateAll"":true}";"'Статья PL'";431;0;;129000000261;true;;;;;
"Есть в ЕКДР";"FINDITEM('L PL (ЕКДР)', 'Код статьи') <> """"";"{""dataType"":""BOOLEAN"",""horizontalAlign"":""CENTER"",""verticalAlign"":""CENTER""}";;;None;;true;"{""storageType"":""PLANAR"",""recalculateAll"":true}";;431;8.0280005931854E-7;;129000000264;true;;;"FINDITEM('101000000034', '129000000266') <> """"";"FINDITEM('L PL (ЕКДР)', 'Код статьи') <> """"";
"Есть в ЕКДР обрезано";"FINDITEM('L PL (ЕКДР)', LEFT('Код статьи', 8)) <> """"";"{""dataType"":""BOOLEAN"",""horizontalAlign"":""CENTER"",""verticalAlign"":""CENTER""}";;;None;;true;"{""storageType"":""PLANAR"",""recalculateAll"":true}";;431;8.0280005931854E-7;;129000000265;true;;;"FINDITEM('101000000034', LEFT('129000000266', 8)) <> """"";"FINDITEM('L PL (ЕКДР)', LEFT('Код статьи', 8)) <> """"";
"Статья PL";"FINDITEM('L PL конс', 'Код PL')";"{""dataType"":""ENTITY"",""hierarchyEntityLongId"":101000000052,""horizontalAlign"":""LEFT"",""verticalAlign"":""CENTER"",""selectiveAccessApplied"":false,""dependentApplied"":false,""dependentEntityLongId"":null,""dimensionContext"":false}";;;None;;true;"{""storageType"":""PLANAR"",""recalculateAll"":true}";;431;3.2112002372742E-6;;129000000262;true;;;"FINDITEM('101000000052', '129000000261')";"FINDITEM('L PL конс', 'Код PL')";
DN;"CODE(ITEM('L PL (ЕКДР) test'))";"{""dataType"":""TEXT"",""textType"":""GENERAL"",""maxLength"":0,""lineBreak"":true,""wordWrap"":false,""ignoreTextIndent"":false,""horizontalAlign"":""LEFT"",""verticalAlign"":""TOP""}";;;None;;true;"{""storageType"":""PLANAR"",""recalculateAll"":true}";;431;0;;129000000260;true;;;CODE(ITEM('101000000058'));"CODE(ITEM('L PL (ЕКДР) test'))";
"L PL конс";;;;;;;;;;30192;8.8915228843689E-5;;101000000052;;;;;;
"Display Name";"'Код статьи' & "" | "" & 'Наименование статьи'";"{""dataType"":""TEXT"",""textType"":""GENERAL"",""maxLength"":0,""lineBreak"":true,""wordWrap"":false,""ignoreTextIndent"":false,""horizontalAlign"":""LEFT"",""verticalAlign"":""TOP""}";;;Formula;;true;"{""storageType"":""PLANAR"",""recalculateAll"":true}";"'M05.02.01 REPORT PL по Доменам'.'Статья PL', 'M05.02.08 REPORT Детализация PL с версиями'.'Наименование статьи PL', 'M05.02.09 REPORT PL МСФО/РСБУ'.'l_pl', 'Импорт Расходы ЦСП'.'Статья PL', 'M05.02.10 REPORT PL МСФО/РСБУ по БЕ'.'l_pl', 'M05.02.11 REPORT PL по БЕ'.'Статья PL', 'МК Аллокация HR и ТД'.'pl_acc', 'M05.02.12 REPORT PL по БЕ и направлениям'.'Статья PL', 'M02.02.06 IMPORT 1С:УХ ручной слой'.'ВВ?', 'M02.01.02 Импорт факта (ручной)'.'Код статьи PL распознано'";408;0;;129000000138;true;;;"'129000000180' & "" | "" & '129000000327'";"'Код статьи' & "" | "" & 'Наименование статьи'";
"Наименование статьи";;"{""dataType"":""TEXT"",""textType"":""GENERAL"",""maxLength"":0,""lineBreak"":true,""wordWrap"":false,""ignoreTextIndent"":false,""horizontalAlign"":""LEFT"",""verticalAlign"":""TOP""}";;;Input;;true;"{""storageType"":""PLANAR"",""recalculateAll"":true}";"'Display Name', Капитализация.'Статья PL Наименование', 'M05.02.08 REPORT Детализация PL с версиями'.'Наименование статьи', 'Импорт HR PL'.'l_pl'";408;0;;129000000327;true;;;;;
item;"ITEM('L PL конс')";"{""dataType"":""ENTITY"",""hierarchyEntityLongId"":101000000052,""horizontalAlign"":""LEFT"",""verticalAlign"":""CENTER"",""selectiveAccessApplied"":false,""dependentApplied"":false,""dependentEntityLongId"":null,""dimensionContext"":false}";;;Formula;;true;"{""storageType"":""PLANAR"",""recalculateAll"":true}";"parent, 'p1', 'PL_', 'Код статьи', 'M05.02.01 REPORT PL по Доменам'.Нормализация, 'M01.04.10 MAP Соответствие статей PL по разделам'.'Код изначальный', 'M05.02.11 REPORT PL по БЕ'.Нормализация, 'M05.02.12 REPORT PL по БЕ и направлениям'.Нормализация";408;3.0398368835449E-6;;129000000139;true;;;ITEM('101000000052');"ITEM('L PL конс')";
"Код статьи";CODE('item');"{""dataType"":""TEXT"",""textType"":""GENERAL"",""maxLength"":0,""lineBreak"":true,""wordWrap"":false,""ignoreTextIndent"":false,""horizontalAlign"":""LEFT"",""verticalAlign"":""TOP""}";;;Formula;;true;"{""storageType"":""PLANAR"",""recalculateAll"":true}";"'Display Name', '11 блок', 'Расчетная статья', 'Фильтр 15 блок PL', 'Фильтр 11блок PL', 'Технический столбец', 'Ниже EBIDTA', 'Не является родителем', 'Фильтр 11+ 16 блок PL', 'Фильтр 11, 15, 16, 22', 'Блок PL', 'M01.04.38 MAP БК - статьи ЕКДР, PL и CF (Выручка и Себест)'.'Код стать PL выручка', 'M01.04.38 MAP БК - статьи ЕКДР, PL и CF (Выручка и Себест)'.'Код статьи PL Себестоимость', 'M05.02.01 REPORT PL по Доменам'.'Код статьи PL', 'Импорт факта УК PL'.'Код ЕКДР', 'M05.02.08 REPORT Детализация PL с версиями'.'Код статьи PL', 'Импорт Расходы по ЦФО OPEX ручной ввод'.'статья PL код', 'M01.04.27 MAP PL и CF'.'Код PL', 'M03.01.05 Ручной ввод Расходы и Доходы (расчет)'.'05* (логический)', 'M03.01.05 Ручной ввод Расходы и Доходы (расчет)'.'11* (логический)', 'M01.04.10 MAP Соответствие статей PL по разделам'.'Код изначальный', 'Импорт Расходы по ЦФО OPEX ручной ввод (ЦФО)'.'статья PL код', 'M03.01.06 Ручной ввод Расходы по ЦФО OPEX (расчет)'.'05* (логический)', 'M03.01.06 Ручной ввод Расходы по ЦФО OPEX (расчет)'.'11* (логический)', 'Ввод Capex (проекты) расчет'.'Код PL', 'ЦСПРаспределение АХО по блокам PL'.'Статья код', 'ML01.03.07 PL на версиях'.'Расчетная статья', 'M05.02.11 REPORT PL по БЕ'.'Код статьи PL', 'M01.04.39 MAP БК - Вид Работ - статьи ЕКДР, PL и CF (Себест в импорте ТД)'.'Код стать PL выручка', 'M01.04.39 MAP БК - Вид Работ - статьи ЕКДР, PL и CF (Себест в импорте ТД)'.'Код статьи PL Себестоимость', 'M05.02.12 REPORT PL по БЕ и направлениям'.'Код статьи PL', 'M01.04.42 MAP Продукт CRM - статьи ЕКДР, PL и CF (Выручка и Себест)'.'Код статьи PL выручка', 'M01.04.42 MAP Продукт CRM - статьи ЕКДР, PL и CF (Выручка и Себест)'.'Код статьи PL Себестоимость', 'M01.04.52 MAP Продукт CRM - Вид работ - статьи ЕКДР, PL и CF (Выручка и Себест)'.'Код статьи PL Себестоимость'";408;0;;129000000180;true;;;CODE('129000000139');CODE('item');
parent;PARENT('item');"{""dataType"":""ENTITY"",""hierarchyEntityLongId"":101000000052,""horizontalAlign"":""LEFT"",""verticalAlign"":""CENTER"",""selectiveAccessApplied"":false,""dependentApplied"":false,""dependentEntityLongId"":null,""dimensionContext"":false}";;;Formula;;true;"{""storageType"":""PLANAR"",""recalculateAll"":true}";"'1', '2', '3', '4', 'p2'";408;3.0398368835449E-6;;129000000140;true;;;PARENT('129000000139');PARENT('item');
"Наименование статьи РУС";;"{""dataType"":""TEXT"",""textType"":""GENERAL"",""maxLength"":0,""lineBreak"":true,""wordWrap"":false,""ignoreTextIndent"":false,""horizontalAlign"":""LEFT"",""verticalAlign"":""TOP""}";;;Input;;true;"{""storageType"":""PLANAR"",""recalculateAll"":true}";;408;0;;129000000141;true;;;;;
"Наименование статьи ENG";;"{""dataType"":""TEXT"",""textType"":""GENERAL"",""maxLength"":0,""lineBreak"":true,""wordWrap"":false,""ignoreTextIndent"":false,""horizontalAlign"":""LEFT"",""verticalAlign"":""TOP""}";;;Input;;true;"{""storageType"":""PLANAR"",""recalculateAll"":true}";;408;0;;129000000142;true;;;;;
"Уровень статьи";;"{""dataType"":""TEXT"",""textType"":""GENERAL"",""maxLength"":0,""lineBreak"":true,""wordWrap"":false,""ignoreTextIndent"":false,""horizontalAlign"":""LEFT"",""verticalAlign"":""TOP""}";;;Input;;true;"{""storageType"":""PLANAR"",""recalculateAll"":true}";;408;0;;129000000143;true;;;;;
"Технический столбец";"LEFT('Код статьи', 2)";"{""dataType"":""TEXT"",""textType"":""GENERAL"",""maxLength"":0,""lineBreak"":true,""wordWrap"":false,""ignoreTextIndent"":false,""horizontalAlign"":""LEFT"",""verticalAlign"":""TOP""}";;;None;;true;"{""storageType"":""PLANAR"",""recalculateAll"":true}";"'Статья неактивна', 'Статья для нормализации', 'Импорт HR PL'.'pl_group2', 'M01.04.10 MAP Соответствие статей PL по разделам'.'Фильтр 11, 15, 16, 22', 'Импорт Расходы ЦСП (корректировки)'.'Комментарий к данным PL', 'МК Аллокация HR и ТД'.'11 блок', 'МК Аллокация HR и ТД'.'16 блок'";408;0;;129000000450;true;;;"LEFT('129000000180', 2)";"LEFT('Код статьи', 2)";
"L PL Group ВГО Кластер";;"{""dataType"":""ENTITY"",""hierarchyEntityLongId"":101000000052,""horizontalAlign"":""LEFT"",""verticalAlign"":""CENTER"",""selectiveAccessApplied"":false,""dependentApplied"":false,""dependentEntityLongId"":null,""dimensionContext"":false}";;;None;;true;"{""storageType"":""PLANAR"",""recalculateAll"":true}";;408;3.0398368835449E-6;;129000000449;true;;;;;
ФОТ?;;"{""dataType"":""BOOLEAN"",""horizontalAlign"":""CENTER"",""verticalAlign"":""CENTER""}";;;None;;true;"{""storageType"":""PLANAR"",""recalculateAll"":true}";"'Импорт HR PL'.'ФОТ?'";408;7.5995922088623E-7;;129000000598;true;;;;;
1;"IF 'parent' = """" AND NOT 'Статья неактивна' THEN 1 ELSE 0";"{""dataType"":""NUMBER"",""minimumSignificantDigits"":-1,""decimalPlaces"":0,""decimalSeparator"":""FULL_STOP"",""groupingSeparator"":""SPACE"",""negativeNumberNotation"":""MINUS_SIGN"",""zeroFormat"":""ZERO"",""unitsType"":""NONE"",""unitsDisplayType"":""NONE"",""currencyCode"":null,""customUnits"":null,""comparisonIncrease"":""GOOD"",""nanApplied"":false,""nanDisplayValue"":""NaN""}";;;Formula;;true;"{""storageType"":""PLANAR"",""recalculateAll"":true}";"'2', Итог, 'Уровень 1'";408;3.0398368835449E-6;;129000000144;true;;;"IF '129000000140' = """" AND NOT '129000000548' THEN 1 ELSE 0";"IF 'parent' = """" AND NOT 'Статья неактивна' THEN 1 ELSE 0";
2;"IF SELECT('1', 'L PL конс':'parent') = 1 THEN 2 ELSE 0";"{""dataType"":""NUMBER"",""minimumSignificantDigits"":-1,""decimalPlaces"":0,""decimalSeparator"":""FULL_STOP"",""groupingSeparator"":""SPACE"",""negativeNumberNotation"":""MINUS_SIGN"",""zeroFormat"":""ZERO"",""unitsType"":""NONE"",""unitsDisplayType"":""NONE"",""currencyCode"":null,""customUnits"":null,""comparisonIncrease"":""GOOD"",""nanApplied"":false,""nanDisplayValue"":""NaN""}";;;Formula;;true;"{""storageType"":""PLANAR"",""recalculateAll"":true}";"'3', Итог, 'Уровень 1-2'";408;3.0398368835449E-6;;129000000145;true;;;"IF SELECT('129000000144', '101000000052':'129000000140') = 1 THEN 2 ELSE 0";"IF SELECT('1', 'L PL конс':'parent') = 1 THEN 2 ELSE 0";
3;"IF SELECT('2', 'L PL конс':'parent') = 2 THEN 3 ELSE 0";"{""dataType"":""NUMBER"",""minimumSignificantDigits"":-1,""decimalPlaces"":0,""decimalSeparator"":""FULL_STOP"",""groupingSeparator"":""SPACE"",""negativeNumberNotation"":""MINUS_SIGN"",""zeroFormat"":""ZERO"",""unitsType"":""NONE"",""unitsDisplayType"":""NONE"",""currencyCode"":null,""customUnits"":null,""comparisonIncrease"":""GOOD"",""nanApplied"":false,""nanDisplayValue"":""NaN""}";;;Formula;;true;"{""storageType"":""PLANAR"",""recalculateAll"":true}";"'4', Итог, 'Уровень 1-3'";408;3.0398368835449E-6;;129000000146;true;;;"IF SELECT('129000000145', '101000000052':'129000000140') = 2 THEN 3 ELSE 0";"IF SELECT('2', 'L PL конс':'parent') = 2 THEN 3 ELSE 0";
4;"IF SELECT('3', 'L PL конс':'parent') = 3 THEN 4 ELSE 0";"{""dataType"":""NUMBER"",""minimumSignificantDigits"":-1,""decimalPlaces"":0,""decimalSeparator"":""FULL_STOP"",""groupingSeparator"":""SPACE"",""negativeNumberNotation"":""MINUS_SIGN"",""zeroFormat"":""ZERO"",""unitsType"":""NONE"",""unitsDisplayType"":""NONE"",""currencyCode"":null,""customUnits"":null,""comparisonIncrease"":""GOOD"",""nanApplied"":false,""nanDisplayValue"":""NaN""}";;;Formula;;true;"{""storageType"":""PLANAR"",""recalculateAll"":true}";Итог;408;3.0398368835449E-6;;129000000147;true;;;"IF SELECT('129000000146', '101000000052':'129000000140') = 3 THEN 4 ELSE 0";"IF SELECT('3', 'L PL конс':'parent') = 3 THEN 4 ELSE 0";
Итог;"'1' + '2' + '3' + '4'";"{""dataType"":""NUMBER"",""minimumSignificantDigits"":-1,""decimalPlaces"":0,""decimalSeparator"":""FULL_STOP"",""groupingSeparator"":""SPACE"",""negativeNumberNotation"":""MINUS_SIGN"",""zeroFormat"":""ZERO"",""unitsType"":""NONE"",""unitsDisplayType"":""NONE"",""currencyCode"":null,""customUnits"":null,""comparisonIncrease"":""GOOD"",""nanApplied"":false,""nanDisplayValue"":""NaN""}";;;Formula;;true;"{""storageType"":""PLANAR"",""recalculateAll"":true}";"'M05.02.01 REPORT PL по Доменам'.Цвет, 'M05.02.04 REPORT PL по МВЗ'.Цвет, 'M05.02.11 REPORT PL по БЕ'.Цвет, 'M05.02.12 REPORT PL по БЕ и направлениям'.Цвет";408;3.0398368835449E-6;;129000000148;true;;;"'129000000144' + '129000000145' + '129000000146' + '129000000147'";"'1' + '2' + '3' + '4'";
"Уровень 1";"'1' = 1 AND 'PL без ВГО'";"{""dataType"":""BOOLEAN"",""horizontalAlign"":""CENTER"",""verticalAlign"":""CENTER""}";;;Formula;;true;"{""storageType"":""PLANAR"",""recalculateAll"":true}";"'Уровень 1-2', 'Фильтр PL Нормализованная чистая прибыль', 'Уровень 1 (сегменты)'";408;7.5995922088623E-7;;129000000149;true;;;"'129000000144' = 1 AND '129000000253'";"'1' = 1 AND 'PL без ВГО'";
"Уровень 1-2";"('Уровень 1' OR '2' = 2) AND 'PL без ВГО'";"{""dataType"":""BOOLEAN"",""horizontalAlign"":""CENTER"",""verticalAlign"":""CENTER""}";;;Formula;;true;"{""storageType"":""PLANAR"",""recalculateAll"":true}";"'Уровень 1-3', 'Уровень 1-2 (Сегменты)'";408;7.5995922088623E-7;;129000000150;true;;;"('129000000149' OR '129000000145' = 2) AND '129000000253'";"('Уровень 1' OR '2' = 2) AND 'PL без ВГО'";
"Уровень 1-3";"('Уровень 1-2' OR '3' = 3) AND 'PL без ВГО'";"{""dataType"":""BOOLEAN"",""horizontalAlign"":""CENTER"",""verticalAlign"":""CENTER""}";;;Formula;;true;"{""storageType"":""PLANAR"",""recalculateAll"":true}";"'Уровень 1-3 (Сегменты)'";408;7.5995922088623E-7;;129000000151;true;;;"('129000000150' OR '129000000146' = 3) AND '129000000253'";"('Уровень 1-2' OR '3' = 3) AND 'PL без ВГО'";
"Все уровни";"TRUE AND 'PL без ВГО' AND NOT 'Статья неактивна'";"{""dataType"":""BOOLEAN"",""horizontalAlign"":""CENTER"",""verticalAlign"":""CENTER""}";;;Formula;;true;"{""storageType"":""PLANAR"",""recalculateAll"":true}";"'Все уровни (Сегменты)'";408;7.5995922088623E-7;;129000000152;true;;;"TRUE AND '129000000253' AND NOT '129000000548'";"TRUE AND 'PL без ВГО' AND NOT 'Статья неактивна'";
"Уровень 1 (сегменты)";"'Фильтр Выручка + 11 + 16' AND 'Уровень 1'";"{""dataType"":""BOOLEAN"",""horizontalAlign"":""CENTER"",""verticalAlign"":""CENTER""}";;;Formula;;true;"{""storageType"":""PLANAR"",""recalculateAll"":true}";;408;7.5995922088623E-7;;129000000575;true;;;"'129000000574' AND '129000000149'";"'Фильтр Выручка + 11 + 16' AND 'Уровень 1'";
"Уровень 1-2 (Сегменты)";"'Фильтр Выручка + 11 + 16' AND 'Уровень 1-2'";"{""dataType"":""BOOLEAN"",""horizontalAlign"":""CENTER"",""verticalAlign"":""CENTER""}";;;Formula;;true;"{""storageType"":""PLANAR"",""recalculateAll"":true}";;408;7.5995922088623E-7;;129000000576;true;;;"'129000000574' AND '129000000150'";"'Фильтр Выручка + 11 + 16' AND 'Уровень 1-2'";
"Уровень 1-3 (Сегменты)";"'Фильтр Выручка + 11 + 16' AND 'Уровень 1-3'";"{""dataType"":""BOOLEAN"",""horizontalAlign"":""CENTER"",""verticalAlign"":""CENTER""}";;;Formula;;true;"{""storageType"":""PLANAR"",""recalculateAll"":true}";;408;7.5995922088623E-7;;129000000577;true;;;"'129000000574' AND '129000000151'";"'Фильтр Выручка + 11 + 16' AND 'Уровень 1-3'";
"Все уровни (Сегменты)";"'Фильтр Выручка + 11 + 16' AND 'Все уровни'";"{""dataType"":""BOOLEAN"",""horizontalAlign"":""CENTER"",""verticalAlign"":""CENTER""}";;;Formula;;true;"{""storageType"":""PLANAR"",""recalculateAll"":true}";;408;7.5995922088623E-7;;129000000578;true;;;"'129000000574' AND '129000000152'";"'Фильтр Выручка + 11 + 16' AND 'Все уровни'";
"Фильтр PL Нормализованная чистая прибыль";"'Уровень 1' OR 'Статья для нормализации'";"{""dataType"":""BOOLEAN"",""horizontalAlign"":""CENTER"",""verticalAlign"":""CENTER""}";;;None;;true;"{""storageType"":""PLANAR"",""recalculateAll"":true}";;408;7.5995922088623E-7;;129000000549;true;;;"'129000000149' OR '129000000550'";"'Уровень 1' OR 'Статья для нормализации'";
"Является родителем PL";"SELECT('L PL (ЕКДР)'.'Является родителем', 'L PL (ЕКДР)':'PL_')";"{""dataType"":""BOOLEAN"",""horizontalAlign"":""CENTER"",""verticalAlign"":""CENTER""}";;;Formula;;true;"{""storageType"":""PLANAR"",""recalculateAll"":true}";;408;7.5995922088623E-7;;129000000153;true;;;"SELECT('129000000121', '101000000034':'129000000177')";"SELECT('L PL (ЕКДР)'.'Является родителем', 'L PL (ЕКДР)':'PL_')";
"Является родителем";IS_PARENT();"{""dataType"":""BOOLEAN"",""horizontalAlign"":""CENTER"",""verticalAlign"":""CENTER""}";;;Formula;;true;"{""storageType"":""PLANAR"",""recalculateAll"":true}";"'Не является родителем', 'M01.04.38 MAP БК - статьи ЕКДР, PL и CF (Выручка и Себест)'.'Подсветка Статья PL выручка', 'M01.04.38 MAP БК - статьи ЕКДР, PL и CF (Выручка и Себест)'.'Подсветка Статья PL себестоимость', 'M05.02.01 REPORT PL по Доменам'.'Сумма тотал и первичный', 'M05.02.08 REPORT Детализация PL с версиями'.'Проверка ошибок статьи PL', 'M05.02.04 REPORT PL по МВЗ'.'Сумма тотал и первичный', 'M05.02.11 REPORT PL по БЕ'.'Сумма тотал и первичный', 'M01.04.39 MAP БК - Вид Работ - статьи ЕКДР, PL и CF (Себест в импорте ТД)'.'Подсветка Статья PL выручка', 'M01.04.39 MAP БК - Вид Работ - статьи ЕКДР, PL и CF (Себест в импорте ТД)'.'Подсветка Статья PL себестоимость', 'M05.02.12 REPORT PL по БЕ и направлениям'.'Сумма тотал и первичный'";408;7.5995922088623E-7;;129000000178;true;;;IS_PARENT();IS_PARENT();
"Не является родителем";"NOT 'Является родителем' AND LEFT('Код статьи', 2) <> ""НН""";"{""dataType"":""BOOLEAN"",""horizontalAlign"":""CENTER"",""verticalAlign"":""CENTER""}";;;None;;true;"{""storageType"":""PLANAR"",""recalculateAll"":true}";"'Импорт Расходы по ЦФО OPEX ручной ввод'.'Подсветка ошибочной статьи PL', 'Импорт Расходы по ЦФО OPEX ручной ввод (субаренда)'.'Подсветка ошибочной статьи PL', 'Импорт Расходы по ЦФО OPEX ручной ввод (Проекты)'.'Подсветка ошибочной статьи PL', 'Импорт Расходы по ЦФО OPEX ручной ввод (Проекты)'.'PL Ошибка указана статья верхнего уровня', 'Импорт Расходы по ЦФО OPEX ручной ввод (ЦФО)'.'Подсветка ошибочной статьи PL'";408;7.5995922088623E-7;;129000000461;true;;;"NOT '129000000178' AND LEFT('129000000180', 2) <> ""НН""";"NOT 'Является родителем' AND LEFT('Код статьи', 2) <> ""НН""";
PL_;"FINDITEM('L PL (ЕКДР)', CODE('item'))";"{""dataType"":""ENTITY"",""hierarchyEntityLongId"":101000000034,""horizontalAlign"":""LEFT"",""verticalAlign"":""CENTER"",""selectiveAccessApplied"":false,""dependentApplied"":false,""dependentEntityLongId"":null,""dimensionContext"":false}";;;Formula;;true;"{""storageType"":""PLANAR"",""recalculateAll"":true}";"'Является родителем PL'";408;3.0398368835449E-6;;129000000177;true;;;"FINDITEM('101000000034', CODE('129000000139'))";"FINDITEM('L PL (ЕКДР)', CODE('item'))";
"Расчетная статья";"FINDTEXT('Код статьи', 'M01.02.13 Настройка расчетных статей PL и CF'.'textsum PL') > 0";"{""dataType"":""BOOLEAN"",""horizontalAlign"":""CENTER"",""verticalAlign"":""CENTER""}";;;Formula;;true;"{""storageType"":""PLANAR"",""recalculateAll"":true}";;408;7.5995922088623E-7;;129000000179;true;;;"FINDTEXT('129000000180', '376000001323') > 0";"FINDTEXT('Код статьи', 'M01.02.13 Настройка расчетных статей PL и CF'.'textsum PL') > 0";
"Статья для нормализации";"'Технический столбец' = ""Но""";"{""dataType"":""BOOLEAN"",""horizontalAlign"":""CENTER"",""verticalAlign"":""CENTER""}";;;None;;true;"{""storageType"":""PLANAR"",""recalculateAll"":true}";"'Фильтр PL Нормализованная чистая прибыль'";408;7.5995922088623E-7;;129000000550;true;;;"'129000000450' = ""Но""";"'Технический столбец' = ""Но""";
"Статья неактивна";"'Технический столбец' = ""НН"" OR 'Технический столбец' = ""Но""";"{""dataType"":""BOOLEAN"",""horizontalAlign"":""CENTER"",""verticalAlign"":""CENTER""}";;;None;;true;"{""storageType"":""PLANAR"",""recalculateAll"":true}";"'1', 'Все уровни'";408;7.5995922088623E-7;;129000000548;true;;;"'129000000450' = ""НН"" OR '129000000450' = ""Но""";"'Технический столбец' = ""НН"" OR 'Технический столбец' = ""Но""";
p1;'item';"{""dataType"":""ENTITY"",""hierarchyEntityLongId"":101000000052,""horizontalAlign"":""LEFT"",""verticalAlign"":""CENTER"",""selectiveAccessApplied"":false,""dependentApplied"":false,""dependentEntityLongId"":null,""dimensionContext"":false}";;;Formula;;true;"{""storageType"":""PLANAR"",""recalculateAll"":true}";;408;3.0398368835449E-6;;129000000154;true;;;'129000000139';'item';
p2;'parent';"{""dataType"":""ENTITY"",""hierarchyEntityLongId"":101000000052,""horizontalAlign"":""LEFT"",""verticalAlign"":""CENTER"",""selectiveAccessApplied"":false,""dependentApplied"":false,""dependentEntityLongId"":null,""dimensionContext"":false}";;;Formula;;true;"{""storageType"":""PLANAR"",""recalculateAll"":true}";'p3';408;3.0398368835449E-6;;129000000155;true;;;'129000000140';'parent';
p3;PARENT('p2');"{""dataType"":""ENTITY"",""hierarchyEntityLongId"":101000000052,""horizontalAlign"":""LEFT"",""verticalAlign"":""CENTER"",""selectiveAccessApplied"":false,""dependentApplied"":false,""dependentEntityLongId"":null,""dimensionContext"":false}";;;Formula;;true;"{""storageType"":""PLANAR"",""recalculateAll"":true}";'p4';408;3.0398368835449E-6;;129000000156;true;;;PARENT('129000000155');PARENT('p2');
p4;PARENT('p3');"{""dataType"":""ENTITY"",""hierarchyEntityLongId"":101000000052,""horizontalAlign"":""LEFT"",""verticalAlign"":""CENTER"",""selectiveAccessApplied"":false,""dependentApplied"":false,""dependentEntityLongId"":null,""dimensionContext"":false}";;;Formula;;true;"{""storageType"":""PLANAR"",""recalculateAll"":true}";'p5';408;3.0398368835449E-6;;129000000157;true;;;PARENT('129000000156');PARENT('p3');
p5;PARENT('p4');"{""dataType"":""ENTITY"",""hierarchyEntityLongId"":101000000052,""horizontalAlign"":""LEFT"",""verticalAlign"":""CENTER"",""selectiveAccessApplied"":false,""dependentApplied"":false,""dependentEntityLongId"":null,""dimensionContext"":false}";;;Formula;;true;"{""storageType"":""PLANAR"",""recalculateAll"":true}";;408;3.0398368835449E-6;;129000000158;true;;;PARENT('129000000157');PARENT('p4');
"в общий PL";;"{""dataType"":""ENTITY"",""hierarchyEntityLongId"":101000000052,""horizontalAlign"":""LEFT"",""verticalAlign"":""CENTER"",""selectiveAccessApplied"":false,""dependentApplied"":false,""dependentEntityLongId"":null,""dimensionContext"":false}";;;None;;true;"{""storageType"":""PLANAR"",""recalculateAll"":true}";;408;3.0398368835449E-6;;129000000159;true;;;;;
pp1;;"{""dataType"":""TEXT"",""textType"":""GENERAL"",""maxLength"":0,""lineBreak"":true,""wordWrap"":false,""ignoreTextIndent"":false,""horizontalAlign"":""LEFT"",""verticalAlign"":""TOP""}";;;None;;true;"{""storageType"":""PLANAR"",""recalculateAll"":true}";;408;0;;129000000160;true;;;;;
pp2;;"{""dataType"":""TEXT"",""textType"":""GENERAL"",""maxLength"":0,""lineBreak"":true,""wordWrap"":false,""ignoreTextIndent"":false,""horizontalAlign"":""LEFT"",""verticalAlign"":""TOP""}";;;None;;true;"{""storageType"":""PLANAR"",""recalculateAll"":true}";;408;0;;129000000161;true;;;;;
pp3;;"{""dataType"":""TEXT"",""textType"":""GENERAL"",""maxLength"":0,""lineBreak"":true,""wordWrap"":false,""ignoreTextIndent"":false,""horizontalAlign"":""LEFT"",""verticalAlign"":""TOP""}";;;None;;true;"{""storageType"":""PLANAR"",""recalculateAll"":true}";;408;0;;129000000162;true;;;;;
pp4;;"{""dataType"":""TEXT"",""textType"":""GENERAL"",""maxLength"":0,""lineBreak"":true,""wordWrap"":false,""ignoreTextIndent"":false,""horizontalAlign"":""LEFT"",""verticalAlign"":""TOP""}";;;None;;true;"{""storageType"":""PLANAR"",""recalculateAll"":true}";;408;0;;129000000163;true;;;;;
pp5;;"{""dataType"":""TEXT"",""textType"":""GENERAL"",""maxLength"":0,""lineBreak"":true,""wordWrap"":false,""ignoreTextIndent"":false,""horizontalAlign"":""LEFT"",""verticalAlign"":""TOP""}";;;None;;true;"{""storageType"":""PLANAR"",""recalculateAll"":true}";;408;0;;129000000164;true;;;;;
"PL ВГО";;"{""dataType"":""BOOLEAN"",""horizontalAlign"":""CENTER"",""verticalAlign"":""CENTER""}";;;Input;;true;"{""storageType"":""PLANAR"",""recalculateAll"":true}";"'PL без ВГО'";408;7.5995922088623E-7;;129000000254;true;;;;;
"PL без ВГО";"NOT 'PL ВГО'";"{""dataType"":""BOOLEAN"",""horizontalAlign"":""CENTER"",""verticalAlign"":""CENTER""}";;;Formula;;true;"{""storageType"":""PLANAR"",""recalculateAll"":true}";"'Уровень 1', 'Уровень 1-2', 'Уровень 1-3', 'Все уровни'";408;7.5995922088623E-7;;129000000253;true;;;"NOT '129000000254'";"NOT 'PL ВГО'";
"Статьи Группы";;"{""dataType"":""BOOLEAN"",""horizontalAlign"":""CENTER"",""verticalAlign"":""CENTER""}";;;None;;true;"{""storageType"":""PLANAR"",""recalculateAll"":true}";;408;7.5995922088623E-7;;129000000165;true;;;;;
"Base PL?";;"{""dataType"":""BOOLEAN"",""horizontalAlign"":""CENTER"",""verticalAlign"":""CENTER""}";;;None;;true;"{""storageType"":""PLANAR"",""recalculateAll"":true}";;408;7.5995922088623E-7;;129000000166;true;;;;;
"PL Calc?";;"{""dataType"":""BOOLEAN"",""horizontalAlign"":""CENTER"",""verticalAlign"":""CENTER""}";;;Input;;true;"{""storageType"":""PLANAR"",""recalculateAll"":true}";"'M05.02.08 REPORT Детализация PL с версиями'.'Проверка ошибок статьи PL'";408;7.5995922088623E-7;;129000000167;true;;;;;
Проценты?;;"{""dataType"":""BOOLEAN"",""horizontalAlign"":""CENTER"",""verticalAlign"":""CENTER""}";;;Input;;true;"{""storageType"":""PLANAR"",""recalculateAll"":true}";;408;7.5995922088623E-7;;129000000168;true;;;;;
Доход/Расход?;;"{""dataType"":""TEXT"",""textType"":""GENERAL"",""maxLength"":0,""lineBreak"":true,""wordWrap"":false,""ignoreTextIndent"":false,""horizontalAlign"":""LEFT"",""verticalAlign"":""TOP""}";;;Input;;true;"{""storageType"":""PLANAR"",""recalculateAll"":true}";"'Доход?', 'Расход?', 'M05.02.08 REPORT Детализация PL с версиями'.'Доход/Расход', 'Расходы по ЦФО OPEX (выборка) PL ручной ввод'.'Доход/Расход', 'M03.01.05 Ручной ввод Расходы и Доходы (расчет)'.'Доход/Расход', 'Расходы по ЦФО OPEX ручной ввод (Проекты)'.'Доход/Расход', 'M03.01.06 Ручной ввод Расходы по ЦФО OPEX (расчет)'.'Доход/Расход', 'Импорт Расходы ЦСП'.'Распознавание контрагент', 'Форма LAM_источник CRM и ручной ввод'.'Доход/Расход'";408;0;;129000000169;true;;;;;
Доход?;"'Доход/Расход?' = ""Доход""";"{""dataType"":""BOOLEAN"",""horizontalAlign"":""CENTER"",""verticalAlign"":""CENTER""}";;;None;;true;"{""storageType"":""PLANAR"",""recalculateAll"":true}";"'M05.02.08 REPORT Детализация PL с версиями'.'Контрагент ref'";408;7.5995922088623E-7;;129000000251;true;;;"'129000000169' = ""Доход""";"'Доход/Расход?' = ""Доход""";
Расход?;"'Доход/Расход?' = ""Расход""";"{""dataType"":""BOOLEAN"",""horizontalAlign"":""CENTER"",""verticalAlign"":""CENTER""}";;;None;;true;"{""storageType"":""PLANAR"",""recalculateAll"":true}";;408;7.5995922088623E-7;;129000000252;true;;;"'129000000169' = ""Расход""";"'Доход/Расход?' = ""Расход""";
"Знак статьи";;"{""dataType"":""NUMBER"",""minimumSignificantDigits"":-1,""decimalPlaces"":0,""decimalSeparator"":""FULL_STOP"",""groupingSeparator"":""SPACE"",""negativeNumberNotation"":""MINUS_SIGN"",""zeroFormat"":""ZERO"",""unitsType"":""NONE"",""unitsDisplayType"":""NONE"",""currencyCode"":null,""customUnits"":null,""comparisonIncrease"":""GOOD"",""nanApplied"":false,""nanDisplayValue"":""NaN""}";;;Input;;true;"{""storageType"":""PLANAR"",""recalculateAll"":true}";"'M05.02.01 REPORT PL по Доменам'.'НОВЫЙ Первичный расчет суммы', 'M05.02.01 REPORT PL по Доменам'.'Факт по капитализации', 'M05.02.08 REPORT Детализация PL с версиями'.'Сумма со знаками', 'M05.02.04 REPORT PL по МВЗ'.'Факт по капитализации', 'M05.02.04 REPORT PL по МВЗ'.'НОВЫЙ Первичный расчет суммы', 'M05.02.03 REPORT PL по направлениям'.'НОВЫЙ Первичный расчет суммы new', 'M05.02.05 REPORT PL по ЮЛ и БЕ'.'НОВЫЙ Первичный расчет суммы', 'M05.02.05 REPORT PL по ЮЛ и БЕ'.'Факт по капитализации', 'M05.02.11 REPORT PL по БЕ'.'НОВЫЙ Первичный расчет суммы', 'M05.02.11 REPORT PL по БЕ'.'x НОВЫЙ Первичный расчет суммы new', 'M05.02.11 REPORT PL по БЕ'.'Факт по капитализации', 'M01.04.35 MAP PL конс - PL расчетные статьи'.'Знак статьи', 'M05.02.12 REPORT PL по БЕ и направлениям'.'НОВЫЙ Первичный расчет суммы', 'M01.04.51 MAP PL конс - PL по БЕ и направлениям'.'Знак статьи'";408;3.0398368835449E-6;;129000000222;true;;;;;
"Фильтр PL направления";;"{""dataType"":""BOOLEAN"",""horizontalAlign"":""CENTER"",""verticalAlign"":""CENTER""}";;;Input;;true;"{""storageType"":""PLANAR"",""recalculateAll"":true}";;408;7.5995922088623E-7;;129000000223;true;;;;;
"PL до GM1";;"{""dataType"":""BOOLEAN"",""horizontalAlign"":""CENTER"",""verticalAlign"":""CENTER""}";;;None;;true;"{""storageType"":""PLANAR"",""recalculateAll"":true}";;408;7.5995922088623E-7;;129000000458;true;;;;;
"Фильтр Выручка + 11 + 16";;"{""dataType"":""BOOLEAN"",""horizontalAlign"":""CENTER"",""verticalAlign"":""CENTER""}";;;Input;;true;"{""storageType"":""PLANAR"",""recalculateAll"":true}";"'Уровень 1 (сегменты)', 'Уровень 1-2 (Сегменты)', 'Уровень 1-3 (Сегменты)', 'Все уровни (Сегменты)'";408;7.5995922088623E-7;;129000000574;true;;;;;
"Фильтр 11+ 16 блок PL";"LEFT('Код статьи', 2) = ""11"" OR LEFT('Код статьи', 2) = ""16""";"{""dataType"":""BOOLEAN"",""horizontalAlign"":""CENTER"",""verticalAlign"":""CENTER""}";;;None;;true;"{""storageType"":""PLANAR"",""recalculateAll"":true}";"'Фильтр 11, 15, 16, 22', 'Импорт HR PL'.'Статья 11 блока?'";408;7.5995922088623E-7;;129000000573;true;;;"LEFT('129000000180', 2) = ""11"" OR LEFT('129000000180', 2) = ""16""";"LEFT('Код статьи', 2) = ""11"" OR LEFT('Код статьи', 2) = ""16""";
"Фильтр 11+ 16 Мультикарта";;"{""dataType"":""BOOLEAN"",""horizontalAlign"":""CENTER"",""verticalAlign"":""CENTER""}";;;None;;true;"{""storageType"":""PLANAR"",""recalculateAll"":true}";"'Импорт HR PL'.'Статья 11 блока?'";408;7.5995922088623E-7;;129000000746;true;;;;;
"Фильтр 11блок PL";"LEFT('Код статьи', 2) = ""11""";"{""dataType"":""BOOLEAN"",""horizontalAlign"":""CENTER"",""verticalAlign"":""CENTER""}";;;None;;true;"{""storageType"":""PLANAR"",""recalculateAll"":true}";"'Расходы по ЦФО OPEX (выборка) PL ручной ввод'.'11 блок?', 'Импорт HR PL (направления)'.'Корректировка ДЗИЛ', 'Импорт Расходы по ЦФО OPEX ручной ввод (Проекты)'.'Ошибка направление', 'Расходы по ЦФО OPEX ручной ввод (Проекты)'.'11 блок?', 'Импорт Расходы ЦСП (корректировки)'.'11 блок'";408;7.5995922088623E-7;;129000000355;true;;;"LEFT('129000000180', 2) = ""11""";"LEFT('Код статьи', 2) = ""11""";
"Фильтр 22 блок по ставке НДС";;"{""dataType"":""BOOLEAN"",""horizontalAlign"":""CENTER"",""verticalAlign"":""CENTER""}";;;None;;true;"{""storageType"":""PLANAR"",""recalculateAll"":true}";"'Форма НДС БЕ'.'Сумма расходов 22 блока по ставке 20%'";408;7.5995922088623E-7;;129000000671;true;;;;;
"Фильтр 15 блок по ставке НДС 20%";;"{""dataType"":""BOOLEAN"",""horizontalAlign"":""CENTER"",""verticalAlign"":""CENTER""}";;;None;;true;"{""storageType"":""PLANAR"",""recalculateAll"":true}";"'Форма НДС БЕ'.'Сумма расходов 15 блока по ставке 20%'";408;7.5995922088623E-7;;129000000670;true;;;;;
"Фильтр 15 блок PL";"LEFT('Код статьи', 2) = ""15""";"{""dataType"":""BOOLEAN"",""horizontalAlign"":""CENTER"",""verticalAlign"":""CENTER""}";;;None;;true;"{""storageType"":""PLANAR"",""recalculateAll"":true}";"'Фильтр 11, 15, 16, 22'";408;7.5995922088623E-7;;129000000344;true;;;"LEFT('129000000180', 2) = ""15""";"LEFT('Код статьи', 2) = ""15""";
"Фильтр 11, 15, 16, 22";"'Фильтр 11+ 16 блок PL' OR 'Фильтр 15 блок PL' OR LEFT('Код статьи', 2) = ""22""";"{""dataType"":""BOOLEAN"",""horizontalAlign"":""CENTER"",""verticalAlign"":""CENTER""}";;;Or;;true;"{""storageType"":""PLANAR"",""recalculateAll"":true}";;408;7.5995922088623E-7;;129000000599;true;;;"'129000000573' OR '129000000344' OR LEFT('129000000180', 2) = ""22""";"'Фильтр 11+ 16 блок PL' OR 'Фильтр 15 блок PL' OR LEFT('Код статьи', 2) = ""22""";
"х Статья 11 блока?";;"{""dataType"":""BOOLEAN"",""horizontalAlign"":""CENTER"",""verticalAlign"":""CENTER""}";;;None;;true;"{""storageType"":""PLANAR"",""recalculateAll"":true}";;408;7.5995922088623E-7;;129000000433;true;;;;;
"16 Блок для налогов?";"LEFT(CODE(ITEM('L PL конс')), 4) = ""1601""";"{""dataType"":""BOOLEAN"",""horizontalAlign"":""CENTER"",""verticalAlign"":""CENTER""}";;;None;;true;"{""storageType"":""PLANAR"",""recalculateAll"":true}";;408;7.5995922088623E-7;;129000000673;true;;;"LEFT(CODE(ITEM('101000000052')), 4) = ""1601""";"LEFT(CODE(ITEM('L PL конс')), 4) = ""1601""";
"11 блок";"FINDTEXT('Код статьи', 'M01.02.13 Настройка расчетных статей PL и CF'.'textsum PL')";"{""dataType"":""NUMBER"",""minimumSignificantDigits"":-1,""decimalPlaces"":0,""decimalSeparator"":""FULL_STOP"",""groupingSeparator"":""SPACE"",""negativeNumberNotation"":""MINUS_SIGN"",""zeroFormat"":""ZERO"",""unitsType"":""NONE"",""unitsDisplayType"":""NONE"",""currencyCode"":null,""customUnits"":null,""comparisonIncrease"":""GOOD"",""nanApplied"":false,""nanDisplayValue"":""NaN""}";;;Formula;;true;"{""storageType"":""PLANAR"",""recalculateAll"":true}";;408;3.0398368835449E-6;;129000000170;true;;;"FINDTEXT('129000000180', '376000001323')";"FINDTEXT('Код статьи', 'M01.02.13 Настройка расчетных статей PL и CF'.'textsum PL')";
"15 блок";;"{""dataType"":""BOOLEAN"",""horizontalAlign"":""CENTER"",""verticalAlign"":""CENTER""}";;;None;;true;"{""storageType"":""PLANAR"",""recalculateAll"":true}";;408;7.5995922088623E-7;;129000000171;true;;;;;
Посчитано;;"{""dataType"":""BOOLEAN"",""horizontalAlign"":""CENTER"",""verticalAlign"":""CENTER""}";;;Input;;true;"{""storageType"":""PLANAR"",""recalculateAll"":true}";;408;7.5995922088623E-7;;129000000172;true;;;;;
"Код парента";;"{""dataType"":""TEXT"",""textType"":""GENERAL"",""maxLength"":0,""lineBreak"":true,""wordWrap"":false,""ignoreTextIndent"":false,""horizontalAlign"":""LEFT"",""verticalAlign"":""TOP""}";;;Input;;true;"{""storageType"":""PLANAR"",""recalculateAll"":true}";"'Н парент'";408;0;;129000000174;true;;;;;
"Ниже EBIDTA";"NUMBER(LEFT('Код статьи', 2)) > 22";"{""dataType"":""BOOLEAN"",""horizontalAlign"":""CENTER"",""verticalAlign"":""CENTER""}";;;None;;true;"{""storageType"":""PLANAR"",""recalculateAll"":true}";;408;7.5995922088623E-7;;129000000459;true;;;"NUMBER(LEFT('129000000180', 2)) > 22";"NUMBER(LEFT('Код статьи', 2)) > 22";
"Н парент";"FINDITEM('L PL конс', 'Код парента')";"{""dataType"":""ENTITY"",""hierarchyEntityLongId"":101000000052,""horizontalAlign"":""LEFT"",""verticalAlign"":""CENTER"",""selectiveAccessApplied"":false,""dependentApplied"":false,""dependentEntityLongId"":null,""dimensionContext"":false}";;;None;;true;"{""storageType"":""PLANAR"",""recalculateAll"":true}";;408;3.0398368835449E-6;;129000000175;true;;;"FINDITEM('101000000052', '129000000174')";"FINDITEM('L PL конс', 'Код парента')";
"Исключить из чека по Этапу проекта?";;"{""dataType"":""BOOLEAN"",""horizontalAlign"":""CENTER"",""verticalAlign"":""CENTER""}";;;None;;true;"{""storageType"":""PLANAR"",""recalculateAll"":true}";"'M05.02.08 REPORT Детализация PL с версиями'.'Пустой этап проекта?'";408;7.5995922088623E-7;;129000000720;true;;;;;
export_fltr;TRUE;"{""dataType"":""BOOLEAN"",""horizontalAlign"":""CENTER"",""verticalAlign"":""CENTER""}";;;Formula;;true;"{""storageType"":""PLANAR"",""recalculateAll"":true}";;408;7.5995922088623E-7;;129000000722;true;;;TRUE;TRUE;
"Блок PL";"FINDBYCODE('L Блоки PL', LEFT('Код статьи', 2))";"{""dataType"":""ENTITY"",""hierarchyEntityLongId"":101000000069,""horizontalAlign"":""LEFT"",""verticalAlign"":""CENTER"",""selectiveAccessApplied"":false,""dependentApplied"":false,""dependentEntityLongId"":null,""dimensionContext"":false,""filterType"":""NONE""}";;;None;;true;"{""storageType"":""PLANAR"",""recalculateAll"":true}";"'ЦСПРаспределение АХО по блокам PL'.'Блок PL'";408;3.0398368835449E-6;;129000000800;true;;;"FINDBYCODE('101000000069',LEFT('129000000180', 2))";"FINDBYCODE('L Блоки PL', LEFT('Код статьи', 2))";
"L PL group";;;;;;;;;;177;4.3958425521851E-7;;101000000106;;;;;;
"Display Name";"CODE(ITEM('L PL group')) & "" | "" & 'Наименование статьи'";"{""dataType"":""TEXT"",""textType"":""GENERAL"",""maxLength"":0,""lineBreak"":true,""wordWrap"":false,""ignoreTextIndent"":false,""horizontalAlign"":""LEFT"",""verticalAlign"":""TOP""}";;;Formula;;true;"{""storageType"":""PLANAR"",""recalculateAll"":true}";;59;0;;129000000701;true;;;"CODE(ITEM('101000000106')) & "" | "" & '129000000702'";"CODE(ITEM('L PL group')) & "" | "" & 'Наименование статьи'";
"Наименование статьи";;"{""dataType"":""TEXT"",""textType"":""GENERAL"",""maxLength"":0,""lineBreak"":true,""wordWrap"":false,""ignoreTextIndent"":false,""horizontalAlign"":""LEFT"",""verticalAlign"":""TOP""}";;;Input;;true;"{""storageType"":""PLANAR"",""recalculateAll"":true}";"'Display Name'";59;0;;129000000702;true;;;;;
"item L PL конс";;"{""dataType"":""ENTITY"",""hierarchyEntityLongId"":101000000052,""horizontalAlign"":""LEFT"",""verticalAlign"":""CENTER"",""selectiveAccessApplied"":false,""dependentApplied"":false,""dependentEntityLongId"":null,""dimensionContext"":false,""filterType"":""NONE""}";;;Input;;true;"{""storageType"":""PLANAR"",""recalculateAll"":true}";;59;4.3958425521851E-7;;129000000703;true;;;;;
"L PL ЦК";;;;;;;;;;58;2.1606683731079E-7;;101000000046;;;;;;
"Display Name";;"{""dataType"":""TEXT"",""textType"":""GENERAL"",""maxLength"":0,""lineBreak"":true,""wordWrap"":false,""ignoreTextIndent"":false,""horizontalAlign"":""LEFT"",""verticalAlign"":""TOP""}";;;Input;;true;"{""storageType"":""PLANAR"",""recalculateAll"":true}";;29;0;;129000000108;true;;;;;
item;"ITEM('L PL ЦК')";"{""dataType"":""ENTITY"",""hierarchyEntityLongId"":101000000046,""horizontalAlign"":""LEFT"",""verticalAlign"":""CENTER"",""selectiveAccessApplied"":false,""dependentApplied"":false,""dependentEntityLongId"":null,""dimensionContext"":false}";;;Formula;;true;"{""storageType"":""PLANAR"",""recalculateAll"":true}";;29;2.1606683731079E-7;;129000000109;true;;;ITEM('101000000046');"ITEM('L PL ЦК')";
"L Виды начислений";;;;;;;;;;84;3.4645199775696E-7;;101000000035;;;;;;
item;"ITEM('L Виды начислений')";"{""dataType"":""ENTITY"",""hierarchyEntityLongId"":101000000035,""horizontalAlign"":""LEFT"",""verticalAlign"":""CENTER"",""selectiveAccessApplied"":false,""dependentApplied"":false,""dependentEntityLongId"":null,""dimensionContext"":false}";;;None;;true;"{""storageType"":""PLANAR"",""recalculateAll"":true}";"'Корректировки ДЗИЛ'.'Вид начисления'";6;4.4703483581543E-8;;129000000098;true;;;ITEM('101000000035');"ITEM('L Виды начислений')";
ДМС?;;"{""dataType"":""BOOLEAN"",""horizontalAlign"":""CENTER"",""verticalAlign"":""CENTER""}";;;None;;true;"{""storageType"":""PLANAR"",""recalculateAll"":true}";;6;1.1175870895386E-8;;129000000392;true;;;;;
"Резервы по отпускам";;"{""dataType"":""BOOLEAN"",""horizontalAlign"":""CENTER"",""verticalAlign"":""CENTER""}";;;None;;true;"{""storageType"":""PLANAR"",""recalculateAll"":true}";"'Импорт HR PL'.'Вид начислений', 'МК Аллокация HR и ТД'.'Вид начислений'";6;1.1175870895386E-8;;129000000457;true;;;;;
"Статья PL";;"{""dataType"":""ENTITY"",""hierarchyEntityLongId"":101000000034,""horizontalAlign"":""LEFT"",""verticalAlign"":""CENTER"",""selectiveAccessApplied"":false,""dependentApplied"":false,""dependentEntityLongId"":null,""dimensionContext"":false}";;;None;;true;"{""storageType"":""PLANAR"",""recalculateAll"":true}";;6;4.4703483581543E-8;;129000000020;true;;;;;
"Статья PL неут";;"{""dataType"":""ENTITY"",""hierarchyEntityLongId"":101000000034,""horizontalAlign"":""LEFT"",""verticalAlign"":""CENTER"",""selectiveAccessApplied"":false,""dependentApplied"":false,""dependentEntityLongId"":null,""dimensionContext"":false}";;;None;;true;"{""storageType"":""PLANAR"",""recalculateAll"":true}";;6;4.4703483581543E-8;;129000000131;true;;;;;
"name Статья 11 PL";"NAME('Статья 11 PL')";"{""dataType"":""TEXT"",""textType"":""GENERAL"",""maxLength"":0,""lineBreak"":true,""wordWrap"":false,""ignoreTextIndent"":false,""horizontalAlign"":""LEFT"",""verticalAlign"":""TOP""}";"экспорт в integration_accrual_pl";;None;;true;"{""storageType"":""PLANAR"",""recalculateAll"":true}";;6;0;;129000000727;true;;;NAME('129000000339');"NAME('Статья 11 PL')";
"name Статья 16 PL";"NAME('Статья 16 PL')";"{""dataType"":""TEXT"",""textType"":""GENERAL"",""maxLength"":0,""lineBreak"":true,""wordWrap"":false,""ignoreTextIndent"":false,""horizontalAlign"":""LEFT"",""verticalAlign"":""TOP""}";"экспорт в integration_accrual_pl";;None;;true;"{""storageType"":""PLANAR"",""recalculateAll"":true}";;6;0;;129000000728;true;;;NAME('129000000340');"NAME('Статья 16 PL')";
"Статья 11 PL";;"{""dataType"":""ENTITY"",""hierarchyEntityLongId"":101000000052,""horizontalAlign"":""LEFT"",""verticalAlign"":""CENTER"",""selectiveAccessApplied"":false,""dependentApplied"":false,""dependentEntityLongId"":null,""dimensionContext"":false}";;;None;;true;"{""storageType"":""PLANAR"",""recalculateAll"":true}";"'name Статья 11 PL', 'Корректировки ДЗИЛ'.'Статья данные'";6;4.4703483581543E-8;;129000000339;true;;;;;
"Статья 16 PL";;"{""dataType"":""ENTITY"",""hierarchyEntityLongId"":101000000052,""horizontalAlign"":""LEFT"",""verticalAlign"":""CENTER"",""selectiveAccessApplied"":false,""dependentApplied"":false,""dependentEntityLongId"":null,""dimensionContext"":false}";;;None;;true;"{""storageType"":""PLANAR"",""recalculateAll"":true}";"'name Статья 16 PL'";6;4.4703483581543E-8;;129000000340;true;;;;;
"Статья 11 ЕКДР";;"{""dataType"":""ENTITY"",""hierarchyEntityLongId"":101000000105,""horizontalAlign"":""LEFT"",""verticalAlign"":""CENTER"",""selectiveAccessApplied"":false,""dependentApplied"":false,""dependentEntityLongId"":null,""dimensionContext"":false,""filterType"":""NONE""}";;;None;;true;"{""storageType"":""PLANAR"",""recalculateAll"":true}";"'name Статья 11 ЕКДР'";6;4.4703483581543E-8;;129000000783;true;;;;;
"Статья 16 ЕКДР";;"{""dataType"":""ENTITY"",""hierarchyEntityLongId"":101000000105,""horizontalAlign"":""LEFT"",""verticalAlign"":""CENTER"",""selectiveAccessApplied"":false,""dependentApplied"":false,""dependentEntityLongId"":null,""dimensionContext"":false,""filterType"":""NONE""}";;;None;;true;"{""storageType"":""PLANAR"",""recalculateAll"":true}";"'name Статья 16 ЕКДР'";6;4.4703483581543E-8;;129000000784;true;;;;;
"name Статья 11 ЕКДР";"NAME('Статья 11 ЕКДР')";"{""dataType"":""TEXT"",""textType"":""GENERAL"",""maxLength"":0,""lineBreak"":true,""wordWrap"":false,""ignoreTextIndent"":false,""horizontalAlign"":""LEFT"",""verticalAlign"":""TOP""}";;;None;;true;"{""storageType"":""PLANAR"",""recalculateAll"":true}";;6;0;;129000000785;true;;;"name( '129000000783' )";"NAME('Статья 11 ЕКДР')";
"name Статья 16 ЕКДР";"NAME('Статья 16 ЕКДР')";"{""dataType"":""TEXT"",""textType"":""GENERAL"",""maxLength"":0,""lineBreak"":true,""wordWrap"":false,""ignoreTextIndent"":false,""horizontalAlign"":""LEFT"",""verticalAlign"":""TOP""}";;;None;;true;"{""storageType"":""PLANAR"",""recalculateAll"":true}";;6;0;;129000000786;true;;;"name( '129000000784' )";"NAME('Статья 16 ЕКДР')";
ex_fltr;"NOT IS_PARENT()";"{""dataType"":""BOOLEAN"",""horizontalAlign"":""CENTER"",""verticalAlign"":""CENTER""}";;;None;;true;"{""storageType"":""PLANAR"",""recalculateAll"":true}";;6;1.1175870895386E-8;;129000000724;true;;;"NOT IS_PARENT()";"NOT IS_PARENT()";
"L Функция";;;;;;;;;;0;0;;101000000036;;;;;;
"L Контрагент";;;;;;;;;;228;4.2468309402466E-7;;101000000066;;;;;;
ЮЛ;"FINDITEM('L2 ЮЛ', 'org_ref1')";"{""dataType"":""ENTITY"",""hierarchyEntityLongId"":101000000062,""horizontalAlign"":""LEFT"",""verticalAlign"":""CENTER"",""selectiveAccessApplied"":false,""dependentApplied"":false,""dependentEntityLongId"":null,""dimensionContext"":false}";;;None;;true;"{""storageType"":""PLANAR"",""recalculateAll"":true}";;57;4.2468309402466E-7;;129000000356;true;;;"FINDITEM('101000000062', '129000000361')";"FINDITEM('L2 ЮЛ', 'org_ref1')";
ГК/Ассоциат;;"{""dataType"":""TEXT"",""textType"":""GENERAL"",""maxLength"":0,""lineBreak"":true,""wordWrap"":false,""ignoreTextIndent"":false,""horizontalAlign"":""LEFT"",""verticalAlign"":""TOP""}";;;None;;true;"{""storageType"":""PLANAR"",""recalculateAll"":true}";;57;0;;129000000359;true;;;;;
kont_name1;;"{""dataType"":""TEXT"",""textType"":""GENERAL"",""maxLength"":0,""lineBreak"":true,""wordWrap"":false,""ignoreTextIndent"":false,""horizontalAlign"":""LEFT"",""verticalAlign"":""TOP""}";;;None;;true;"{""storageType"":""PLANAR"",""recalculateAll"":true}";;57;0;;129000000360;true;;;;;
org_ref1;;"{""dataType"":""TEXT"",""textType"":""GENERAL"",""maxLength"":0,""lineBreak"":true,""wordWrap"":false,""ignoreTextIndent"":false,""horizontalAlign"":""LEFT"",""verticalAlign"":""TOP""}";;;None;;true;"{""storageType"":""PLANAR"",""recalculateAll"":true}";"ЮЛ, 'M05.03.05 REPORT Детализация CF с версиями'.'Контрагент ref_key'";57;0;;129000000361;true;;;;;
"L контрагент для шаблона бюджета";;;;;;;;;;0;0;;101000000039;;;;;;
"L Услуги";;;;;;;;;;1127;7.6666474342346E-6;;101000000040;;;;;;
item;"ITEM('L Услуги')";"{""dataType"":""ENTITY"",""hierarchyEntityLongId"":101000000040,""horizontalAlign"":""LEFT"",""verticalAlign"":""CENTER"",""selectiveAccessApplied"":false,""dependentApplied"":false,""dependentEntityLongId"":null,""dimensionContext"":false}";;;None;;true;"{""storageType"":""PLANAR"",""recalculateAll"":true}";name;49;3.6507844924927E-7;;129000000242;true;;;ITEM('101000000040');"ITEM('L Услуги')";
name;NAME('item');"{""dataType"":""TEXT"",""textType"":""GENERAL"",""maxLength"":0,""lineBreak"":true,""wordWrap"":false,""ignoreTextIndent"":false,""horizontalAlign"":""LEFT"",""verticalAlign"":""TOP""}";;;None;;true;"{""storageType"":""PLANAR"",""recalculateAll"":true}";;49;0;;129000000243;true;;;NAME('129000000242');NAME('item');
"Прямые перевыставляемые";;"{""dataType"":""ENTITY"",""hierarchyEntityLongId"":101000000034,""horizontalAlign"":""LEFT"",""verticalAlign"":""CENTER"",""selectiveAccessApplied"":false,""dependentApplied"":false,""dependentEntityLongId"":null,""dimensionContext"":false}";;;None;;true;"{""storageType"":""PLANAR"",""recalculateAll"":true}";"'1Прямые перевыставляемые'";49;3.6507844924927E-7;;129000000034;true;;;;;
"Прямые собственные";;"{""dataType"":""ENTITY"",""hierarchyEntityLongId"":101000000034,""horizontalAlign"":""LEFT"",""verticalAlign"":""CENTER"",""selectiveAccessApplied"":false,""dependentApplied"":false,""dependentEntityLongId"":null,""dimensionContext"":false}";;;None;;true;"{""storageType"":""PLANAR"",""recalculateAll"":true}";"'1Прямые собственные'";49;3.6507844924927E-7;;129000000035;true;;;;;
"Неутиль.собственные (сименс)";;"{""dataType"":""ENTITY"",""hierarchyEntityLongId"":101000000034,""horizontalAlign"":""LEFT"",""verticalAlign"":""CENTER"",""selectiveAccessApplied"":false,""dependentApplied"":false,""dependentEntityLongId"":null,""dimensionContext"":false}";;;None;;true;"{""storageType"":""PLANAR"",""recalculateAll"":true}";"'1Неутиль.собственные (сименс)'";49;3.6507844924927E-7;;129000000036;true;;;;;
"Коммерческие собственные";;"{""dataType"":""ENTITY"",""hierarchyEntityLongId"":101000000034,""horizontalAlign"":""LEFT"",""verticalAlign"":""CENTER"",""selectiveAccessApplied"":false,""dependentApplied"":false,""dependentEntityLongId"":null,""dimensionContext"":false}";;;None;;true;"{""storageType"":""PLANAR"",""recalculateAll"":true}";"'1Коммерческие собственные'";49;3.6507844924927E-7;;129000000037;true;;;;;
"АУП собственные";;"{""dataType"":""ENTITY"",""hierarchyEntityLongId"":101000000034,""horizontalAlign"":""LEFT"",""verticalAlign"":""CENTER"",""selectiveAccessApplied"":false,""dependentApplied"":false,""dependentEntityLongId"":null,""dimensionContext"":false}";;;None;;true;"{""storageType"":""PLANAR"",""recalculateAll"":true}";"'1АУП собственные'";49;3.6507844924927E-7;;129000000038;true;;;;;
"Статья CF";;"{""dataType"":""ENTITY"",""hierarchyEntityLongId"":101000000019,""horizontalAlign"":""LEFT"",""verticalAlign"":""CENTER"",""selectiveAccessApplied"":false,""dependentApplied"":false,""dependentEntityLongId"":null,""dimensionContext"":false}";;;None;;true;"{""storageType"":""PLANAR"",""recalculateAll"":true}";;49;3.6507844924927E-7;;129000000087;true;;;;;
"Статья CF доп";;"{""dataType"":""ENTITY"",""hierarchyEntityLongId"":101000000019,""horizontalAlign"":""LEFT"",""verticalAlign"":""CENTER"",""selectiveAccessApplied"":false,""dependentApplied"":false,""dependentEntityLongId"":null,""dimensionContext"":false}";;;None;;true;"{""storageType"":""PLANAR"",""recalculateAll"":true}";;49;3.6507844924927E-7;;129000000088;true;;;;;
"ВТБ субаренда";;"{""dataType"":""ENTITY"",""hierarchyEntityLongId"":101000000034,""horizontalAlign"":""LEFT"",""verticalAlign"":""CENTER"",""selectiveAccessApplied"":false,""dependentApplied"":false,""dependentEntityLongId"":null,""dimensionContext"":false}";;;None;;true;"{""storageType"":""PLANAR"",""recalculateAll"":true}";"'1ВТБ субаренда', '1PL (ВТБ АП)'";49;3.6507844924927E-7;;129000000123;true;;;;;
"PL (ВТБ сименс)";;"{""dataType"":""ENTITY"",""hierarchyEntityLongId"":101000000034,""horizontalAlign"":""LEFT"",""verticalAlign"":""CENTER"",""selectiveAccessApplied"":false,""dependentApplied"":false,""dependentEntityLongId"":null,""dimensionContext"":false}";;;None;;true;"{""storageType"":""PLANAR"",""recalculateAll"":true}";"'1PL (ВТБ сименс)'";49;3.6507844924927E-7;;129000000111;true;;;;;
"PL (ВТБ АП)";;"{""dataType"":""ENTITY"",""hierarchyEntityLongId"":101000000034,""horizontalAlign"":""LEFT"",""verticalAlign"":""CENTER"",""selectiveAccessApplied"":false,""dependentApplied"":false,""dependentEntityLongId"":null,""dimensionContext"":false}";;;None;;true;"{""storageType"":""PLANAR"",""recalculateAll"":true}";;49;3.6507844924927E-7;;129000000112;true;;;;;
PL11;;"{""dataType"":""ENTITY"",""hierarchyEntityLongId"":101000000034,""horizontalAlign"":""LEFT"",""verticalAlign"":""CENTER"",""selectiveAccessApplied"":false,""dependentApplied"":false,""dependentEntityLongId"":null,""dimensionContext"":false}";;;None;;true;"{""storageType"":""PLANAR"",""recalculateAll"":true}";;49;3.6507844924927E-7;;129000000122;true;;;;;
PL15;;"{""dataType"":""ENTITY"",""hierarchyEntityLongId"":101000000034,""horizontalAlign"":""LEFT"",""verticalAlign"":""CENTER"",""selectiveAccessApplied"":false,""dependentApplied"":false,""dependentEntityLongId"":null,""dimensionContext"":false}";;;None;;true;"{""storageType"":""PLANAR"",""recalculateAll"":true}";;49;3.6507844924927E-7;;129000000126;true;;;;;
"Новые статьи";;"{""dataType"":""NONE""}";;;None;;true;"{""storageType"":""PLANAR"",""recalculateAll"":true}";;49;0;;129000000363;true;;;;;
"1Прямые перевыставляемые";"FINDITEM('L PL конс', CODE('Прямые перевыставляемые'))";"{""dataType"":""ENTITY"",""hierarchyEntityLongId"":101000000052,""horizontalAlign"":""LEFT"",""verticalAlign"":""CENTER"",""selectiveAccessApplied"":false,""dependentApplied"":false,""dependentEntityLongId"":null,""dimensionContext"":false}";;;None;;true;"{""storageType"":""PLANAR"",""recalculateAll"":true}";;49;3.6507844924927E-7;;129000000364;true;;;"FINDITEM('101000000052', CODE('129000000034'))";"FINDITEM('L PL конс', CODE('Прямые перевыставляемые'))";
"1Прямые собственные";"FINDITEM('L PL конс', CODE('Прямые собственные'))";"{""dataType"":""ENTITY"",""hierarchyEntityLongId"":101000000052,""horizontalAlign"":""LEFT"",""verticalAlign"":""CENTER"",""selectiveAccessApplied"":false,""dependentApplied"":false,""dependentEntityLongId"":null,""dimensionContext"":false}";;;None;;true;"{""storageType"":""PLANAR"",""recalculateAll"":true}";;49;3.6507844924927E-7;;129000000365;true;;;"FINDITEM('101000000052', CODE('129000000035'))";"FINDITEM('L PL конс', CODE('Прямые собственные'))";
"1Неутиль.собственные (сименс)";"FINDITEM('L PL конс', CODE('Неутиль.собственные (сименс)'))";"{""dataType"":""ENTITY"",""hierarchyEntityLongId"":101000000052,""horizontalAlign"":""LEFT"",""verticalAlign"":""CENTER"",""selectiveAccessApplied"":false,""dependentApplied"":false,""dependentEntityLongId"":null,""dimensionContext"":false}";;;None;;true;"{""storageType"":""PLANAR"",""recalculateAll"":true}";;49;3.6507844924927E-7;;129000000366;true;;;"FINDITEM('101000000052', CODE('129000000036'))";"FINDITEM('L PL конс', CODE('Неутиль.собственные (сименс)'))";
"1Коммерческие собственные";"FINDITEM('L PL конс', CODE('Коммерческие собственные'))";"{""dataType"":""ENTITY"",""hierarchyEntityLongId"":101000000052,""horizontalAlign"":""LEFT"",""verticalAlign"":""CENTER"",""selectiveAccessApplied"":false,""dependentApplied"":false,""dependentEntityLongId"":null,""dimensionContext"":false}";;;None;;true;"{""storageType"":""PLANAR"",""recalculateAll"":true}";;49;3.6507844924927E-7;;129000000367;true;;;"FINDITEM('101000000052', CODE('129000000037'))";"FINDITEM('L PL конс', CODE('Коммерческие собственные'))";
"1АУП собственные";"FINDITEM('L PL конс', CODE('АУП собственные'))";"{""dataType"":""ENTITY"",""hierarchyEntityLongId"":101000000052,""horizontalAlign"":""LEFT"",""verticalAlign"":""CENTER"",""selectiveAccessApplied"":false,""dependentApplied"":false,""dependentEntityLongId"":null,""dimensionContext"":false}";;;None;;true;"{""storageType"":""PLANAR"",""recalculateAll"":true}";;49;3.6507844924927E-7;;129000000368;true;;;"FINDITEM('101000000052', CODE('129000000038'))";"FINDITEM('L PL конс', CODE('АУП собственные'))";
"1ВТБ субаренда";"SELECT('L PL (ЕКДР)'.'PL конс', 'L PL (ЕКДР)':'ВТБ субаренда')";"{""dataType"":""ENTITY"",""hierarchyEntityLongId"":101000000052,""horizontalAlign"":""LEFT"",""verticalAlign"":""CENTER"",""selectiveAccessApplied"":false,""dependentApplied"":false,""dependentEntityLongId"":null,""dimensionContext"":false}";;;None;;true;"{""storageType"":""PLANAR"",""recalculateAll"":true}";;49;3.6507844924927E-7;;129000000369;true;;;"SELECT('129000000176', '101000000034':'129000000123')";"SELECT('L PL (ЕКДР)'.'PL конс', 'L PL (ЕКДР)':'ВТБ субаренда')";
"1PL (ВТБ сименс)";"SELECT('L PL (ЕКДР)'.'PL конс', 'L PL (ЕКДР)':'PL (ВТБ сименс)')";"{""dataType"":""ENTITY"",""hierarchyEntityLongId"":101000000052,""horizontalAlign"":""LEFT"",""verticalAlign"":""CENTER"",""selectiveAccessApplied"":false,""dependentApplied"":false,""dependentEntityLongId"":null,""dimensionContext"":false}";;;None;;true;"{""storageType"":""PLANAR"",""recalculateAll"":true}";;49;3.6507844924927E-7;;129000000370;true;;;"SELECT('129000000176', '101000000034':'129000000111')";"SELECT('L PL (ЕКДР)'.'PL конс', 'L PL (ЕКДР)':'PL (ВТБ сименс)')";
"1PL (ВТБ АП)";"FINDITEM('L PL конс', CODE('ВТБ субаренда'))";"{""dataType"":""ENTITY"",""hierarchyEntityLongId"":101000000052,""horizontalAlign"":""LEFT"",""verticalAlign"":""CENTER"",""selectiveAccessApplied"":false,""dependentApplied"":false,""dependentEntityLongId"":null,""dimensionContext"":false}";;;None;;true;"{""storageType"":""PLANAR"",""recalculateAll"":true}";;49;3.6507844924927E-7;;129000000371;true;;;"FINDITEM('101000000052', CODE('129000000123'))";"FINDITEM('L PL конс', CODE('ВТБ субаренда'))";
"L Виды работ";;;;;;;;;;5;9.3132257461548E-9;;101000000049;;;;;;
Собственные?;;"{""dataType"":""BOOLEAN"",""horizontalAlign"":""CENTER"",""verticalAlign"":""CENTER""}";;;None;;true;"{""storageType"":""PLANAR"",""recalculateAll"":true}";;5;9.3132257461548E-9;;129000000453;true;;;;;
"L1 Блок PL HR";;;;;;;;;;0;0;;101000000064;;;;;;
"L1 ЦСП";;;;;;;;;;336;9.387731552124E-7;;101000000056;;;;;;
АХО?;;"{""dataType"":""BOOLEAN"",""horizontalAlign"":""CENTER"",""verticalAlign"":""CENTER""}";;;None;;true;"{""storageType"":""PLANAR"",""recalculateAll"":true}";"'Детализация Capex'.'АХО?', 'Импорт Расходы ЦСП (корректировки)'.'АХО?', 'Импорт Расходы ЦСП (корректировки)'.'Тип затрат'";28;5.2154064178467E-8;;129000000411;true;;;;;
"Display name";;"{""dataType"":""TEXT"",""textType"":""GENERAL"",""maxLength"":0,""lineBreak"":true,""wordWrap"":false,""ignoreTextIndent"":false,""horizontalAlign"":""LEFT"",""verticalAlign"":""TOP""}";;;None;;true;"{""storageType"":""PLANAR"",""recalculateAll"":true}";;28;0;;129000000755;true;;;;;
item;"ITEM('L1 ЦСП')";"{""dataType"":""ENTITY"",""hierarchyEntityLongId"":101000000056,""horizontalAlign"":""LEFT"",""verticalAlign"":""CENTER"",""selectiveAccessApplied"":false,""dependentApplied"":false,""dependentEntityLongId"":null,""dimensionContext"":false}";;;Formula;;true;"{""storageType"":""PLANAR"",""recalculateAll"":true}";"code, 'text item', parent";28;2.0861625671387E-7;;129000000281;true;;;ITEM('101000000056');"ITEM('L1 ЦСП')";
code;CODE('item');"{""dataType"":""TEXT"",""textType"":""GENERAL"",""maxLength"":0,""lineBreak"":true,""wordWrap"":false,""ignoreTextIndent"":false,""horizontalAlign"":""LEFT"",""verticalAlign"":""TOP""}";;;Formula;;true;"{""storageType"":""PLANAR"",""recalculateAll"":true}";;28;0;;129000000282;true;;;CODE('129000000281');CODE('item');
"text item";NAME('item');"{""dataType"":""TEXT"",""textType"":""GENERAL"",""maxLength"":0,""lineBreak"":true,""wordWrap"":false,""ignoreTextIndent"":false,""horizontalAlign"":""LEFT"",""verticalAlign"":""TOP""}";;;Formula;;true;"{""storageType"":""PLANAR"",""recalculateAll"":true}";"'Есть расхождения', 'ЦСПРаспределение АХО по блокам PL'.csp";28;0;;129000000283;true;;;NAME('129000000281');NAME('item');
parent;PARENT('item');"{""dataType"":""ENTITY"",""hierarchyEntityLongId"":101000000056,""horizontalAlign"":""LEFT"",""verticalAlign"":""CENTER"",""selectiveAccessApplied"":false,""dependentApplied"":false,""dependentEntityLongId"":null,""dimensionContext"":false}";;;Formula;;true;"{""storageType"":""PLANAR"",""recalculateAll"":true}";"'parent text'";28;2.0861625671387E-7;;129000000284;true;;;PARENT('129000000281');PARENT('item');
"parent text";NAME('parent');"{""dataType"":""TEXT"",""textType"":""GENERAL"",""maxLength"":0,""lineBreak"":true,""wordWrap"":false,""ignoreTextIndent"":false,""horizontalAlign"":""LEFT"",""verticalAlign"":""TOP""}";;;Formula;;true;"{""storageType"":""PLANAR"",""recalculateAll"":true}";"'Есть расхождения'";28;0;;129000000285;true;;;NAME('129000000284');NAME('parent');
"Номер в импорте";"SUM('Импорт справочников'.'Номер NUM', 'Импорт справочников'.'L1 csp item')";"{""dataType"":""NUMBER"",""minimumSignificantDigits"":-1,""decimalPlaces"":0,""decimalSeparator"":""FULL_STOP"",""groupingSeparator"":""SPACE"",""negativeNumberNotation"":""MINUS_SIGN"",""zeroFormat"":""ZERO"",""unitsType"":""NONE"",""unitsDisplayType"":""NONE"",""currencyCode"":null,""customUnits"":null,""comparisonIncrease"":""GOOD"",""nanApplied"":false,""nanDisplayValue"":""NaN""}";;;Formula;;true;"{""storageType"":""PLANAR"",""recalculateAll"":true}";NUM;28;2.0861625671387E-7;;129000000277;true;;;"SUM('455000002721', '455000002719')";"SUM('Импорт справочников'.'Номер NUM', 'Импорт справочников'.'L1 csp item')";
NUM;"FINDITEM('NUM', ""#"" & TEXT('Номер в импорте'))";"{""dataType"":""ENTITY"",""hierarchyEntityLongId"":101000000016,""horizontalAlign"":""LEFT"",""verticalAlign"":""CENTER"",""selectiveAccessApplied"":false,""dependentApplied"":false,""dependentEntityLongId"":null,""dimensionContext"":false}";;;Formula;;true;"{""storageType"":""PLANAR"",""recalculateAll"":true}";"'Name импорт', 'parent импорт'";28;2.0861625671387E-7;;129000000278;true;;;"FINDITEM('101000000016', ""#"" & TEXT('129000000277'))";"FINDITEM('NUM', ""#"" & TEXT('Номер в импорте'))";
"Name импорт";"SELECT('Импорт справочников'.'Имя', 'NUM':'NUM')";"{""dataType"":""TEXT"",""textType"":""GENERAL"",""maxLength"":0,""lineBreak"":true,""wordWrap"":false,""ignoreTextIndent"":false,""horizontalAlign"":""LEFT"",""verticalAlign"":""TOP""}";;;Formula;;true;"{""storageType"":""PLANAR"",""recalculateAll"":true}";"'Есть расхождения'";28;0;;129000000279;true;;;"SELECT('455000002712', '101000000016':'129000000278')";"SELECT('Импорт справочников'.'Имя', 'NUM':'NUM')";
"parent импорт";"SELECT('Импорт справочников'.'Родитель', 'NUM':'NUM')";"{""dataType"":""TEXT"",""textType"":""GENERAL"",""maxLength"":0,""lineBreak"":true,""wordWrap"":false,""ignoreTextIndent"":false,""horizontalAlign"":""LEFT"",""verticalAlign"":""TOP""}";;;Formula;;true;"{""storageType"":""PLANAR"",""recalculateAll"":true}";"'Есть расхождения'";28;0;;129000000286;true;;;"SELECT('455000002714', '101000000016':'129000000278')";"SELECT('Импорт справочников'.'Родитель', 'NUM':'NUM')";
"Есть расхождения";"'text item' <> 'Name импорт' OR 'parent text' <> 'parent импорт'";"{""dataType"":""BOOLEAN"",""horizontalAlign"":""CENTER"",""verticalAlign"":""CENTER""}";;;Formula;;true;"{""storageType"":""PLANAR"",""recalculateAll"":true}";;28;5.2154064178467E-8;;129000000280;true;;;"'129000000283' <> '129000000279' OR '129000000285' <> '129000000286'";"'text item' <> 'Name импорт' OR 'parent text' <> 'parent импорт'";
"L Active";;;;;;;;;;41013;8.7305903434753E-5;;101000000065;;;;;;
Тип;;"{""dataType"":""TEXT"",""textType"":""GENERAL"",""maxLength"":0,""lineBreak"":true,""wordWrap"":false,""ignoreTextIndent"":false,""horizontalAlign"":""LEFT"",""verticalAlign"":""TOP""}";;;None;;true;"{""storageType"":""PLANAR"",""recalculateAll"":true}";;5859;0;;129000000349;true;;;;;
Наименование;;"{""dataType"":""TEXT"",""textType"":""GENERAL"",""maxLength"":0,""lineBreak"":true,""wordWrap"":false,""ignoreTextIndent"":false,""horizontalAlign"":""LEFT"",""verticalAlign"":""TOP""}";;;None;;true;"{""storageType"":""PLANAR"",""recalculateAll"":true}";;5859;0;;129000000350;true;;;;;
ref_ul;;"{""dataType"":""TEXT"",""textType"":""GENERAL"",""maxLength"":0,""lineBreak"":true,""wordWrap"":false,""ignoreTextIndent"":false,""horizontalAlign"":""LEFT"",""verticalAlign"":""TOP""}";;;None;;true;"{""storageType"":""PLANAR"",""recalculateAll"":true}";;5859;0;;129000000688;true;;;;;
СПИ;;"{""dataType"":""NUMBER"",""minimumSignificantDigits"":-1,""decimalPlaces"":-1,""decimalSeparator"":""FULL_STOP"",""groupingSeparator"":""SPACE"",""negativeNumberNotation"":""MINUS_SIGN"",""zeroFormat"":""ZERO"",""unitsType"":""NONE"",""unitsDisplayType"":""NONE"",""currencyCode"":null,""customUnits"":null,""comparisonIncrease"":""GOOD"",""nanApplied"":false,""nanDisplayValue"":""NaN"",""hasRounding"":true,""maximumSignificantAllDigits"":-1,""maximumSignificantIntegerDigits"":-1,""maximumSignificantDecimalDigits"":-1,""horizontalAlign"":""RIGHT"",""verticalAlign"":""CENTER"",""inputFormatSettingApplied"":false,""sendFormatSettingApplied"":false,""insignificantIntegerRanks"":-1,""significantDecimalRanks"":0}";;;None;;true;"{""storageType"":""PLANAR"",""recalculateAll"":true}";"'НИ Параметры амортизации (среднегодовая стоимость)'.'СПИ, мес.'";5859;4.3652951717377E-5;;129000000351;true;;;;;
Стоимость;;"{""dataType"":""NUMBER"",""minimumSignificantDigits"":-1,""decimalPlaces"":0,""decimalSeparator"":""FULL_STOP"",""groupingSeparator"":""SPACE"",""negativeNumberNotation"":""MINUS_SIGN"",""zeroFormat"":""ZERO"",""unitsType"":""NONE"",""unitsDisplayType"":""NONE"",""currencyCode"":null,""customUnits"":null,""comparisonIncrease"":""GOOD"",""nanApplied"":false,""nanDisplayValue"":""NaN""}";;;None;;true;"{""storageType"":""PLANAR"",""recalculateAll"":true}";"'НИ Параметры амортизации (среднегодовая стоимость)'.'Первоначальная стоимость, руб.'";5859;4.3652951717377E-5;;129000000352;true;;;;;
"Дата ввода";;"{""dataType"":""TEXT"",""textType"":""GENERAL"",""maxLength"":0,""lineBreak"":true,""wordWrap"":false,""ignoreTextIndent"":false,""horizontalAlign"":""LEFT"",""verticalAlign"":""TOP""}";;;None;;true;"{""storageType"":""PLANAR"",""recalculateAll"":true}";"'НИ Параметры амортизации (среднегодовая стоимость)'.'accept_date'";5859;0;;129000000353;true;;;;;
"Код УХ";;"{""dataType"":""TEXT"",""textType"":""GENERAL"",""maxLength"":0,""lineBreak"":true,""wordWrap"":false,""ignoreTextIndent"":false,""horizontalAlign"":""LEFT"",""verticalAlign"":""TOP""}";;;None;;true;"{""storageType"":""PLANAR"",""recalculateAll"":true}";;5859;0;;129000000354;true;;;;;
"L Офисы";;;;;;;;;;2862;7.1078538894653E-6;;101000000068;;;;;;
"Display name";"'Номер договора в 1с' & "" "" & 'Адрес'";"{""dataType"":""TEXT"",""textType"":""GENERAL"",""maxLength"":0,""lineBreak"":true,""wordWrap"":false,""ignoreTextIndent"":false,""horizontalAlign"":""LEFT"",""verticalAlign"":""TOP""}";;;None;;true;"{""storageType"":""PLANAR"",""recalculateAll"":true}";;318;0;;129000000400;true;;;"'129000000405' & "" "" & '129000000402'";"'Номер договора в 1с' & "" "" & 'Адрес'";
Город;;"{""dataType"":""TEXT"",""textType"":""GENERAL"",""maxLength"":0,""lineBreak"":true,""wordWrap"":false,""ignoreTextIndent"":false,""horizontalAlign"":""LEFT"",""verticalAlign"":""TOP""}";;;None;;true;"{""storageType"":""PLANAR"",""recalculateAll"":true}";;318;0;;129000000401;true;;;;;
Адрес;;"{""dataType"":""TEXT"",""textType"":""GENERAL"",""maxLength"":0,""lineBreak"":true,""wordWrap"":false,""ignoreTextIndent"":false,""horizontalAlign"":""LEFT"",""verticalAlign"":""TOP""}";;;None;;true;"{""storageType"":""PLANAR"",""recalculateAll"":true}";"'Display name'";318;0;;129000000402;true;;;;;
Арендодатель;;"{""dataType"":""TEXT"",""textType"":""GENERAL"",""maxLength"":0,""lineBreak"":true,""wordWrap"":false,""ignoreTextIndent"":false,""horizontalAlign"":""LEFT"",""verticalAlign"":""TOP""}";;;None;;true;"{""storageType"":""PLANAR"",""recalculateAll"":true}";;318;0;;129000000403;true;;;;;
Арендатор;;"{""dataType"":""ENTITY"",""hierarchyEntityLongId"":101000000062,""horizontalAlign"":""LEFT"",""verticalAlign"":""CENTER"",""selectiveAccessApplied"":false,""dependentApplied"":false,""dependentEntityLongId"":null,""dimensionContext"":false}";;;None;;true;"{""storageType"":""PLANAR"",""recalculateAll"":true}";"'Импорт Расходы ЦСП'.'Организация распознано'";318;2.3692846298218E-6;;129000000404;true;;;;;
"Номер договора в 1с";;"{""dataType"":""TEXT"",""textType"":""GENERAL"",""maxLength"":0,""lineBreak"":true,""wordWrap"":false,""ignoreTextIndent"":false,""horizontalAlign"":""LEFT"",""verticalAlign"":""TOP""}";;;None;;true;"{""storageType"":""PLANAR"",""recalculateAll"":true}";"'Display name'";318;0;;129000000405;true;;;;;
"Номер договора фактический";;"{""dataType"":""TEXT"",""textType"":""GENERAL"",""maxLength"":0,""lineBreak"":true,""wordWrap"":false,""ignoreTextIndent"":false,""horizontalAlign"":""LEFT"",""verticalAlign"":""TOP""}";;;None;;true;"{""storageType"":""PLANAR"",""recalculateAll"":true}";;318;0;;129000000406;true;;;;;
"Сумма в месяц итого, руб., вкл. налоги";;"{""dataType"":""NUMBER"",""minimumSignificantDigits"":-1,""decimalPlaces"":0,""decimalSeparator"":""FULL_STOP"",""groupingSeparator"":""SPACE"",""negativeNumberNotation"":""MINUS_SIGN"",""zeroFormat"":""ZERO"",""unitsType"":""NONE"",""unitsDisplayType"":""NONE"",""currencyCode"":null,""customUnits"":null,""comparisonIncrease"":""GOOD"",""nanApplied"":false,""nanDisplayValue"":""NaN""}";;;None;;true;"{""storageType"":""PLANAR"",""recalculateAll"":true}";;318;2.3692846298218E-6;;129000000407;true;;;;;
НДС;;"{""dataType"":""NUMBER"",""minimumSignificantDigits"":-1,""decimalPlaces"":-1,""decimalSeparator"":""FULL_STOP"",""groupingSeparator"":""SPACE"",""negativeNumberNotation"":""MINUS_SIGN"",""zeroFormat"":""ZERO"",""unitsType"":""PERCENTAGE"",""unitsDisplayType"":""PERCENTAGE_SUFFIX"",""currencyCode"":null,""customUnits"":null,""comparisonIncrease"":""GOOD"",""nanApplied"":false,""nanDisplayValue"":""NaN"",""hasRounding"":true,""maximumSignificantAllDigits"":-1,""maximumSignificantIntegerDigits"":-1,""maximumSignificantDecimalDigits"":-1,""horizontalAlign"":""RIGHT"",""verticalAlign"":""CENTER"",""inputFormatSettingApplied"":false,""sendFormatSettingApplied"":false,""insignificantIntegerRanks"":-1,""significantDecimalRanks"":0,""displayPercentagesInShares"":false,""inputPercentagesInShares"":false}";;;None;;true;"{""storageType"":""PLANAR"",""recalculateAll"":true}";;318;2.3692846298218E-6;;129000000408;true;;;;;
"L Блоки PL";;;;;;;;;;12;4.4703483581543E-8;;101000000069;;;;;;
item;"ITEM('L Блоки PL')";"{""dataType"":""ENTITY"",""hierarchyEntityLongId"":101000000069,""horizontalAlign"":""LEFT"",""verticalAlign"":""CENTER"",""selectiveAccessApplied"":false,""dependentApplied"":false,""dependentEntityLongId"":null,""dimensionContext"":false}";;;None;;true;"{""storageType"":""PLANAR"",""recalculateAll"":true}";"'ЦСПРаспределение АХО по блокам PL'.'Сумма PL'";4;2.9802322387695E-8;;129000000414;true;;;ITEM('101000000069');"ITEM('L Блоки PL')";
"11 блок?";;"{""dataType"":""BOOLEAN"",""horizontalAlign"":""CENTER"",""verticalAlign"":""CENTER""}";;;None;;true;"{""storageType"":""PLANAR"",""recalculateAll"":true}";"'не 11 блок', 'M01.02.02 Распределение офисов по блокам PL'.Код";4;7.4505805969238E-9;;129000000415;true;;;;;
"не 11 блок";"NOT '11 блок?'";"{""dataType"":""BOOLEAN"",""horizontalAlign"":""CENTER"",""verticalAlign"":""CENTER""}";;;None;;true;"{""storageType"":""PLANAR"",""recalculateAll"":true}";"'ЦСПРаспределение АХО по блокам PL'.'В расчет?'";4;7.4505805969238E-9;;129000000416;true;;;"NOT '129000000415'";"NOT '11 блок?'";
"L Тип затрат";;;;;;;;;;46;3.427267074585E-7;;101000000071;;;;;;
item;"ITEM('L Тип затрат')";"{""dataType"":""ENTITY"",""hierarchyEntityLongId"":101000000071,""horizontalAlign"":""LEFT"",""verticalAlign"":""CENTER"",""selectiveAccessApplied"":false,""dependentApplied"":false,""dependentEntityLongId"":null,""dimensionContext"":false}";;;None;;true;"{""storageType"":""PLANAR"",""recalculateAll"":true}";"'M01.04.28 MAP PL - Тип затрат'.'item L Тип затрат'";46;3.427267074585E-7;;129000000409;true;;;ITEM('101000000071');"ITEM('L Тип затрат')";
"L Процесс бюджетирования ком блок";;;;;;;;;;12;2.2351741790771E-8;;101000000077;;;;;;
"Исходные данные?";;"{""dataType"":""BOOLEAN"",""horizontalAlign"":""CENTER"",""verticalAlign"":""CENTER""}";;;None;;true;"{""storageType"":""PLANAR"",""recalculateAll"":true}";"'Процесс бюджет ком блок'.Данные";4;7.4505805969238E-9;;129000000473;true;;;;;
"ExGap Сегменты?";;"{""dataType"":""BOOLEAN"",""horizontalAlign"":""CENTER"",""verticalAlign"":""CENTER""}";;;None;;true;"{""storageType"":""PLANAR"",""recalculateAll"":true}";"'Процесс бюджет ком блок'.Данные";4;7.4505805969238E-9;;129000000474;true;;;;;
"ExGap БК?";;"{""dataType"":""BOOLEAN"",""horizontalAlign"":""CENTER"",""verticalAlign"":""CENTER""}";;;None;;true;"{""storageType"":""PLANAR"",""recalculateAll"":true}";;4;7.4505805969238E-9;;129000000475;true;;;;;
"L Процесс бюджетирования тех блок";;;;;;;;;;9;1.6763806343079E-8;;101000000078;;;;;;
"Исходные данные?";;"{""dataType"":""BOOLEAN"",""horizontalAlign"":""CENTER"",""verticalAlign"":""CENTER""}";;;None;;true;"{""storageType"":""PLANAR"",""recalculateAll"":true}";"'Процесс бюджет тех блок'.Данные";3;5.5879354476929E-9;;129000000585;true;;;;;
ExGap?;;"{""dataType"":""BOOLEAN"",""horizontalAlign"":""CENTER"",""verticalAlign"":""CENTER""}";;;None;;true;"{""storageType"":""PLANAR"",""recalculateAll"":true}";"'Процесс бюджет тех блок'.Данные";3;5.5879354476929E-9;;129000000586;true;;;;;
"Завершение процесса?";;"{""dataType"":""BOOLEAN"",""horizontalAlign"":""CENTER"",""verticalAlign"":""CENTER""}";;;None;;true;"{""storageType"":""PLANAR"",""recalculateAll"":true}";;3;5.5879354476929E-9;;129000000587;true;;;;;
"List Scripts";;;;;;;;;;8550;1.8579885363579E-5;;101000000067;;;;;;
item;"ITEM('List Scripts')";"{""dataType"":""ENTITY"",""hierarchyEntityLongId"":101000000067,""horizontalAlign"":""LEFT"",""verticalAlign"":""CENTER"",""selectiveAccessApplied"":false,""dependentApplied"":false,""dependentEntityLongId"":null,""dimensionContext"":false}";;;None;;true;"{""storageType"":""PLANAR"",""recalculateAll"":true}";"'REPORT Script Log'.'Определение последнего детализация PL', 'REPORT Script Log'.'Определение последнего детализация CF', 'REPORT Script Log'.'Определение последнего выгрузка PL', 'REPORT Script Log'.'Определение последнего выгрузка CF', 'ML01.03.01 Scripts'.Script";475;3.5390257835388E-6;;129000000454;true;;;ITEM('101000000067');"ITEM('List Scripts')";
"Export DWH";;"{""dataType"":""BOOLEAN"",""horizontalAlign"":""CENTER"",""verticalAlign"":""CENTER""}";;;None;;true;"{""storageType"":""PLANAR"",""recalculateAll"":true}";"'ML01.03.01 Scripts'.ENV";475;8.847564458847E-7;;129000000706;true;;;;;
"Детализация общая";;"{""dataType"":""BOOLEAN"",""horizontalAlign"":""CENTER"",""verticalAlign"":""CENTER""}";;;None;;true;"{""storageType"":""PLANAR"",""recalculateAll"":true}";;475;8.847564458847E-7;;129000000423;true;;;;;
"Детализация PL";;"{""dataType"":""BOOLEAN"",""horizontalAlign"":""CENTER"",""verticalAlign"":""CENTER""}";;;None;;true;"{""storageType"":""PLANAR"",""recalculateAll"":true}";"'REPORT Script Log'.'Выгрузка PL', 'ML01.03.01 Scripts'.'DWH_receiver'";475;8.847564458847E-7;;129000000424;true;;;;;
"Детализация CF";;"{""dataType"":""BOOLEAN"",""horizontalAlign"":""CENTER"",""verticalAlign"":""CENTER""}";;;None;;true;"{""storageType"":""PLANAR"",""recalculateAll"":true}";"'REPORT Script Log'.'Выгрузка CF', 'ML01.03.01 Scripts'.'DWH_receiver'";475;8.847564458847E-7;;129000000425;true;;;;;
"Экспорт PL УК";;"{""dataType"":""BOOLEAN"",""horizontalAlign"":""CENTER"",""verticalAlign"":""CENTER""}";;;None;;true;"{""storageType"":""PLANAR"",""recalculateAll"":true}";"'REPORT Script Log'.'Выгрузка для консо PL'";475;8.847564458847E-7;;129000000455;true;;;;;
"Экспорт CF УК";;"{""dataType"":""BOOLEAN"",""horizontalAlign"":""CENTER"",""verticalAlign"":""CENTER""}";;;None;;true;"{""storageType"":""PLANAR"",""recalculateAll"":true}";"'REPORT Script Log'.'Выгрузка для консо CF'";475;8.847564458847E-7;;129000000456;true;;;;;
"Создание сущностей";;"{""dataType"":""BOOLEAN"",""horizontalAlign"":""CENTER"",""verticalAlign"":""CENTER""}";;;None;;true;"{""storageType"":""PLANAR"",""recalculateAll"":true}";;475;8.847564458847E-7;;129000000426;true;;;;;
Воронка;;"{""dataType"":""BOOLEAN"",""horizontalAlign"":""CENTER"",""verticalAlign"":""CENTER""}";;;None;;true;"{""storageType"":""PLANAR"",""recalculateAll"":true}";;475;8.847564458847E-7;;129000000427;true;;;;;
ЦСП;;"{""dataType"":""BOOLEAN"",""horizontalAlign"":""CENTER"",""verticalAlign"":""CENTER""}";;;None;;true;"{""storageType"":""PLANAR"",""recalculateAll"":true}";;475;8.847564458847E-7;;129000000428;true;;;;;
HR;;"{""dataType"":""BOOLEAN"",""horizontalAlign"":""CENTER"",""verticalAlign"":""CENTER""}";;;None;;true;"{""storageType"":""PLANAR"",""recalculateAll"":true}";;475;8.847564458847E-7;;129000000429;true;;;;;
"Обновление ЦФО";;"{""dataType"":""BOOLEAN"",""horizontalAlign"":""CENTER"",""verticalAlign"":""CENTER""}";;;None;;true;"{""storageType"":""PLANAR"",""recalculateAll"":true}";;475;8.847564458847E-7;;129000000482;true;;;;;
Drill_;;"{""dataType"":""BOOLEAN"",""horizontalAlign"":""CENTER"",""verticalAlign"":""CENTER""}";;;None;;true;"{""storageType"":""PLANAR"",""recalculateAll"":true}";;475;8.847564458847E-7;;129000000430;true;;;;;
"Drill PL_";;"{""dataType"":""BOOLEAN"",""horizontalAlign"":""CENTER"",""verticalAlign"":""CENTER""}";;;None;;true;"{""storageType"":""PLANAR"",""recalculateAll"":true}";;475;8.847564458847E-7;;129000000431;true;;;;;
"Drill CF_";;"{""dataType"":""BOOLEAN"",""horizontalAlign"":""CENTER"",""verticalAlign"":""CENTER""}";;;None;;true;"{""storageType"":""PLANAR"",""recalculateAll"":true}";;475;8.847564458847E-7;;129000000432;true;;;;;
"fix PL";;"{""dataType"":""BOOLEAN"",""horizontalAlign"":""CENTER"",""verticalAlign"":""CENTER""}";;;None;;true;"{""storageType"":""PLANAR"",""recalculateAll"":true}";;475;8.847564458847E-7;;129000000477;true;;;;;
"fix CF";;"{""dataType"":""BOOLEAN"",""horizontalAlign"":""CENTER"",""verticalAlign"":""CENTER""}";;;None;;true;"{""storageType"":""PLANAR"",""recalculateAll"":true}";;475;8.847564458847E-7;;129000000478;true;;;;;
Согласование?;;"{""dataType"":""BOOLEAN"",""horizontalAlign"":""CENTER"",""verticalAlign"":""CENTER""}";;;None;;true;"{""storageType"":""PLANAR"",""recalculateAll"":true}";;475;8.847564458847E-7;;129000000816;true;;;;;
"x_List Scripts по БЕ";;;;;;;;;;0;0;;101000000123;;;;;;
"L Custom Months";;;;;;;;;;0;0;;101000000074;;;;;;
"L Проект 1С УХ";;;;;;;;;;1230150;0.002138577401638;;101000000082;;;;;;
num;1;"{""dataType"":""NUMBER"",""minimumSignificantDigits"":-1,""decimalPlaces"":0,""decimalSeparator"":""FULL_STOP"",""groupingSeparator"":""SPACE"",""negativeNumberNotation"":""MINUS_SIGN"",""zeroFormat"":""ZERO"",""unitsType"":""NONE"",""unitsDisplayType"":""NONE"",""currencyCode"":null,""customUnits"":null,""comparisonIncrease"":""GOOD"",""nanApplied"":false,""nanDisplayValue"":""NaN"",""horizontalAlign"":""RIGHT"",""verticalAlign"":""CENTER""}";"IF 'Del?' THEN SELF('L Проект 1С УХ':-1) + 1 ELSE 0";;Sum;;true;"{""storageType"":""PLANAR"",""recalculateAll"":true}";;41005;0.00030551105737686;;129000000741;true;;;1;1;
Del2;"NOT 'Есть в детализации?' AND LEFT(NAME(ITEM('L Проект 1С УХ')), 1) = ""#"" AND NOT IS_PARENT()";"{""dataType"":""BOOLEAN"",""horizontalAlign"":""CENTER"",""verticalAlign"":""CENTER""}";;;Formula;;true;"{""storageType"":""PLANAR"",""recalculateAll"":true}";;41005;7.6377764344215E-5;;129000000739;true;;;"NOT '129000000715' AND LEFT(NAME(ITEM('101000000082')), 1) = ""#"" and not is_parent()";"NOT 'Есть в детализации?' AND LEFT(NAME(ITEM('L Проект 1С УХ')), 1) = ""#"" AND NOT IS_PARENT()";
"hand del";;"{""dataType"":""BOOLEAN"",""horizontalAlign"":""CENTER"",""verticalAlign"":""CENTER""}";;;Input;;true;"{""storageType"":""PLANAR"",""recalculateAll"":true}";;41005;7.6377764344215E-5;;129000000740;true;;;;;
"parent с косячными элементами, где есть данные";;"{""dataType"":""BOOLEAN"",""horizontalAlign"":""CENTER"",""verticalAlign"":""CENTER""}";;;None;;true;"{""storageType"":""PLANAR"",""recalculateAll"":true}";;41005;7.6377764344215E-5;;129000000738;true;;;;;
Del?;"NOT 'Есть в детализации?' AND (CODE(ITEM('L Проект 1С УХ')) = """" OR LEFT(NAME(ITEM('L Проект 1С УХ')), 1) = ""#"")";"{""dataType"":""BOOLEAN"",""horizontalAlign"":""CENTER"",""verticalAlign"":""CENTER""}";;;And;;true;"{""storageType"":""PLANAR"",""recalculateAll"":true}";;41005;7.6377764344215E-5;;129000000699;true;;;"NOT '129000000715' AND (CODE(ITEM('101000000082')) = """" OR LEFT(NAME(ITEM('101000000082')), 1) = ""#"")";"NOT 'Есть в детализации?' AND (CODE(ITEM('L Проект 1С УХ')) = """" OR LEFT(NAME(ITEM('L Проект 1С УХ')), 1) = ""#"")";
"Есть в детализации?";"SUM('M05.02.08 REPORT Детализация PL с версиями'.'Сумма', 'M05.02.08 REPORT Детализация PL с версиями'.'Проект 1С УХ') + SUM('Исходные данные CRM'.'1', 'Исходные данные CRM'.'Проект 1С УХ') + SUM('План расходов ТД'.'1', 'План расходов ТД'.'Проект 1С УХ') <> 0";"{""dataType"":""BOOLEAN"",""horizontalAlign"":""CENTER"",""verticalAlign"":""CENTER""}";;;None;;true;"{""storageType"":""PLANAR"",""recalculateAll"":true}";"'Del?', 'Пустой код или решетка?', 'Del2'";41005;7.6377764344215E-5;;129000000715;true;;;"SUM('401000001765', '401000008239') + sum( '217000000786' , '217000008112' ) + sum( '316000002784' , '316000006023' ) <> 0";"SUM('M05.02.08 REPORT Детализация PL с версиями'.'Сумма', 'M05.02.08 REPORT Детализация PL с версиями'.'Проект 1С УХ') + SUM('Исходные данные CRM'.'1', 'Исходные данные CRM'.'Проект 1С УХ') + SUM('План расходов ТД'.'1', 'План расходов ТД'.'Проект 1С УХ') <> 0";
"List Property #718";"NAME(ITEM('L Проект 1С УХ')) = ""ИТ-2025-000034695"" OR CODE(ITEM('L Проект 1С УХ')) = ""ИТ-2025-000034695""";"{""dataType"":""BOOLEAN"",""horizontalAlign"":""CENTER"",""verticalAlign"":""CENTER""}";;;None;;true;"{""storageType"":""PLANAR"",""recalculateAll"":true}";;41005;7.6377764344215E-5;;129000000718;true;;;"NAME(ITEM('101000000082')) = ""ИТ-2025-000034695"" OR CODE(ITEM('101000000082')) = ""ИТ-2025-000034695""";"NAME(ITEM('L Проект 1С УХ')) = ""ИТ-2025-000034695"" OR CODE(ITEM('L Проект 1С УХ')) = ""ИТ-2025-000034695""";
"Пустой код или решетка?";"'Есть в детализации?' AND (CODE(ITEM('L Проект 1С УХ')) = """" OR LEFT(NAME(ITEM('L Проект 1С УХ')), 1) = ""#"")";"{""dataType"":""BOOLEAN"",""horizontalAlign"":""CENTER"",""verticalAlign"":""CENTER""}";;;Or;;true;"{""storageType"":""PLANAR"",""recalculateAll"":true}";;41005;7.6377764344215E-5;;129000000716;true;;;"'129000000715' AND (CODE(ITEM('101000000082')) = """" OR LEFT(NAME(ITEM('101000000082')), 1) = ""#"")";"'Есть в детализации?' AND (CODE(ITEM('L Проект 1С УХ')) = """" OR LEFT(NAME(ITEM('L Проект 1С УХ')), 1) = ""#"")";
full_code;;"{""dataType"":""TEXT"",""textType"":""GENERAL"",""maxLength"":0,""lineBreak"":true,""wordWrap"":false,""ignoreTextIndent"":false,""horizontalAlign"":""LEFT"",""verticalAlign"":""TOP""}";;;Input;;true;"{""storageType"":""PLANAR"",""recalculateAll"":true}";"'Есть расхождения', 'Обновить Code'";41005;0;;129000000674;true;;;;;
ref_key;;"{""dataType"":""TEXT"",""textType"":""GENERAL"",""maxLength"":0,""lineBreak"":true,""wordWrap"":false,""ignoreTextIndent"":false,""horizontalAlign"":""LEFT"",""verticalAlign"":""TOP""}";;;Input;;true;"{""storageType"":""PLANAR"",""recalculateAll"":true}";"'Есть расхождения', 'Обновить Item Name', 'M05.02.08 REPORT Детализация PL с версиями'.'Проект ref', 'M05.03.05 REPORT Детализация CF с версиями'.'Проект ref', 'ML01.03.14 Проект 1С УХ'.'ref_key'";41005;0;;129000000675;true;;;;;
"Обновить Item Name";"BOOLEAN('ref_key') AND 'ref_key' <> NAME(ITEM('L Проект 1С УХ'))";"{""dataType"":""BOOLEAN"",""horizontalAlign"":""CENTER"",""verticalAlign"":""CENTER""}";;;Formula;;true;"{""storageType"":""PLANAR"",""recalculateAll"":true}";;41005;7.6377764344215E-5;;129000000787;true;;;"BOOLEAN('129000000675') AND '129000000675' <> NAME(ITEM('101000000082'))";"BOOLEAN('ref_key') AND 'ref_key' <> NAME(ITEM('L Проект 1С УХ'))";
"Обновить Code";"BOOLEAN('full_code') AND 'full_code' <> CODE(ITEM('L Проект 1С УХ'))";"{""dataType"":""BOOLEAN"",""horizontalAlign"":""CENTER"",""verticalAlign"":""CENTER""}";;;Formula;;true;"{""storageType"":""PLANAR"",""recalculateAll"":true}";;41005;7.6377764344215E-5;;129000000788;true;;;"BOOLEAN('129000000674') AND '129000000674' <> CODE(ITEM('101000000082'))";"BOOLEAN('full_code') AND 'full_code' <> CODE(ITEM('L Проект 1С УХ'))";
"Есть расхождения";"BOOLEAN('ref_key') AND 'ref_key' <> NAME(ITEM('L Проект 1С УХ')) OR BOOLEAN('full_code') AND 'full_code' <> CODE(ITEM('L Проект 1С УХ'))";"{""dataType"":""BOOLEAN"",""horizontalAlign"":""CENTER"",""verticalAlign"":""CENTER""}";;;Formula;;true;"{""storageType"":""PLANAR"",""recalculateAll"":true}";;41005;7.6377764344215E-5;;129000000676;true;;;"(BOOLEAN('129000000675') AND '129000000675' <> NAME(ITEM('101000000082'))) OR (BOOLEAN('129000000674') AND '129000000674' <> CODE(ITEM('101000000082')))";"BOOLEAN('ref_key') AND 'ref_key' <> NAME(ITEM('L Проект 1С УХ')) OR BOOLEAN('full_code') AND 'full_code' <> CODE(ITEM('L Проект 1С УХ'))";
el_code;;"{""dataType"":""TEXT"",""textType"":""GENERAL"",""maxLength"":0,""lineBreak"":true,""wordWrap"":false,""ignoreTextIndent"":false,""horizontalAlign"":""LEFT"",""verticalAlign"":""TOP""}";;;Input;;true;"{""storageType"":""PLANAR"",""recalculateAll"":true}";;41005;0;;129000000551;true;;;;;
deletionmark;;"{""dataType"":""BOOLEAN"",""horizontalAlign"":""CENTER"",""verticalAlign"":""CENTER""}";;;Input;;true;"{""storageType"":""PLANAR"",""recalculateAll"":true}";;41005;7.6377764344215E-5;;129000000552;true;;;;;
proekt;;"{""dataType"":""BOOLEAN"",""horizontalAlign"":""CENTER"",""verticalAlign"":""CENTER""}";;;Input;;true;"{""storageType"":""PLANAR"",""recalculateAll"":true}";"'M05.02.08 REPORT Детализация PL с версиями'.'Выбран проект вместо этапа', 'ML01.03.14 Проект 1С УХ'.'Проект?'";41005;7.6377764344215E-5;;129000000553;true;;;;;
t1_idsdelki;;"{""dataType"":""TEXT"",""textType"":""GENERAL"",""maxLength"":0,""lineBreak"":true,""wordWrap"":false,""ignoreTextIndent"":false,""horizontalAlign"":""LEFT"",""verticalAlign"":""TOP""}";;;Input;;true;"{""storageType"":""PLANAR"",""recalculateAll"":true}";"'id_сделки?', 'Импорт факта УК PL'.'ID Сделки', 'M05.02.08 REPORT Детализация PL с версиями'.'id Сделки', 'ML01.03.14 Проект 1С УХ'.'Сделка 1'";41005;0;;129000000554;true;;;;;
id_сделки?;"'t1_idsdelki' <> """"";"{""dataType"":""BOOLEAN"",""horizontalAlign"":""CENTER"",""verticalAlign"":""CENTER""}";;;None;;true;"{""storageType"":""PLANAR"",""recalculateAll"":true}";;41005;7.6377764344215E-5;;129000000694;true;;;"'129000000554' <> """"";"'t1_idsdelki' <> """"";
rassh1_tsi_identifikacionnyjnomersdelki;;"{""dataType"":""TEXT"",""textType"":""GENERAL"",""maxLength"":0,""lineBreak"":true,""wordWrap"":false,""ignoreTextIndent"":false,""horizontalAlign"":""LEFT"",""verticalAlign"":""TOP""}";;;Input;;true;"{""storageType"":""PLANAR"",""recalculateAll"":true}";"'ML01.03.14 Проект 1С УХ'.'Сделка 2'";41005;0;;129000000555;true;;;;;
proektetapa_key;;"{""dataType"":""TEXT"",""textType"":""GENERAL"",""maxLength"":0,""lineBreak"":true,""wordWrap"":false,""ignoreTextIndent"":false,""horizontalAlign"":""LEFT"",""verticalAlign"":""TOP""}";;;Input;;true;"{""storageType"":""PLANAR"",""recalculateAll"":true}";;41005;0;;129000000556;true;;;;;
org_key;;"{""dataType"":""TEXT"",""textType"":""GENERAL"",""maxLength"":0,""lineBreak"":true,""wordWrap"":false,""ignoreTextIndent"":false,""horizontalAlign"":""LEFT"",""verticalAlign"":""TOP""}";;;Input;;true;"{""storageType"":""PLANAR"",""recalculateAll"":true}";"'ML01.03.14 Проект 1С УХ'.Организация";41005;0;;129000000588;true;;;;;
description;;"{""dataType"":""TEXT"",""textType"":""GENERAL"",""maxLength"":0,""lineBreak"":true,""wordWrap"":false,""ignoreTextIndent"":false,""horizontalAlign"":""LEFT"",""verticalAlign"":""TOP""}";"'ML Проект 1С УХ'.'description'";;Input;;true;"{""storageType"":""PLANAR"",""recalculateAll"":true}";"'disply name'";41005;0;;129000000557;true;;;;;
"disply name";"IF BOOLEAN('ML01.03.14 Проект 1С УХ'.'description') THEN 'ML01.03.14 Проект 1С УХ'.'description' ELSE IF BOOLEAN('ML01.03.14 Проект 1С УХ'.'DN') THEN 'ML01.03.14 Проект 1С УХ'.'DN' ELSE 'description'";"{""dataType"":""TEXT"",""textType"":""GENERAL"",""maxLength"":0,""lineBreak"":true,""wordWrap"":false,""ignoreTextIndent"":false,""horizontalAlign"":""LEFT"",""verticalAlign"":""TOP""}";"IF BOOLEAN('description') THEN 'description' ELSE IF BOOLEAN('ML Проект 1С УХ'.'DN') THEN 'ML Проект 1С УХ'.'DN' ELSE 'ML Проект 1С УХ'.'description'";;Formula;;true;"{""storageType"":""PLANAR"",""recalculateAll"":true}";"'M05.02.08 REPORT Детализация PL с версиями'.'Проект CRM', 'M05.02.08 REPORT Детализация PL с версиями'.Проект, 'M05.03.05 REPORT Детализация CF с версиями'.Проект, 'ML01.03.14 Проект 1С УХ'.name, 'Импорт Расходы ЦСП'.'Проект 1С УХ наименование', 'M02.02.06 IMPORT 1С:УХ ручной слой'.'Проект 1С:УХ справочно', 'M03.01.01 Свод по выручке'.Проект, 'M02.01.02 Импорт факта (ручной)'.'Проект распознано'";41005;0;;129000000705;true;;;"IF BOOLEAN('644000007992') THEN '644000007992' ELSE IF BOOLEAN('644000008782') THEN '644000008782' ELSE '129000000557'";"IF BOOLEAN('ML01.03.14 Проект 1С УХ'.'description') THEN 'ML01.03.14 Проект 1С УХ'.'description' ELSE IF BOOLEAN('ML01.03.14 Проект 1С УХ'.'DN') THEN 'ML01.03.14 Проект 1С УХ'.'DN' ELSE 'description'";
item;"ITEM('L Проект 1С УХ')";"{""dataType"":""ENTITY"",""hierarchyEntityLongId"":101000000082,""horizontalAlign"":""LEFT"",""verticalAlign"":""CENTER"",""selectiveAccessApplied"":false,""dependentApplied"":false,""dependentEntityLongId"":null,""dimensionContext"":false}";;;None;;true;"{""storageType"":""PLANAR"",""recalculateAll"":true}";"name, code, 'M01.04.31 MAP Сделки - Проекты'.Проект";41005;0.00030551105737686;;129000000592;true;;;ITEM('101000000082');"ITEM('L Проект 1С УХ')";
name;NAME('item');"{""dataType"":""TEXT"",""textType"":""GENERAL"",""maxLength"":0,""lineBreak"":true,""wordWrap"":false,""ignoreTextIndent"":false,""horizontalAlign"":""LEFT"",""verticalAlign"":""TOP""}";;;None;;true;"{""storageType"":""PLANAR"",""recalculateAll"":true}";"'Имя в виде числа'";41005;0;;129000000590;true;;;NAME('129000000592');NAME('item');
code;CODE('item');"{""dataType"":""TEXT"",""textType"":""GENERAL"",""maxLength"":0,""lineBreak"":true,""wordWrap"":false,""ignoreTextIndent"":false,""horizontalAlign"":""LEFT"",""verticalAlign"":""TOP""}";;;None;;true;"{""storageType"":""PLANAR"",""recalculateAll"":true}";"'Импорт Расходы ЦСП'.'Проект 1С УХ код'";41005;0;;129000000789;true;;;CODE('129000000592');CODE('item');
"Имя в виде числа";"NUMBER(LOOKUPTEXT('name', 1, 10))";"{""dataType"":""NUMBER"",""minimumSignificantDigits"":-1,""decimalPlaces"":0,""decimalSeparator"":""FULL_STOP"",""groupingSeparator"":""SPACE"",""negativeNumberNotation"":""MINUS_SIGN"",""zeroFormat"":""ZERO"",""unitsType"":""NONE"",""unitsDisplayType"":""NONE"",""currencyCode"":null,""customUnits"":null,""comparisonIncrease"":""GOOD"",""nanApplied"":false,""nanDisplayValue"":""NaN""}";;;None;;true;"{""storageType"":""PLANAR"",""recalculateAll"":true}";"'ML01.03.14 Проект 1С УХ'.'Имя в виде числа'";41005;0.00030551105737686;;129000000591;true;;;"NUMBER(LOOKUPTEXT('129000000590', 1, 10))";"NUMBER(LOOKUPTEXT('name', 1, 10))";
"Не парент";TRUE;"{""dataType"":""BOOLEAN"",""horizontalAlign"":""CENTER"",""verticalAlign"":""CENTER""}";;;None;;true;"{""storageType"":""PLANAR"",""recalculateAll"":true}";;41005;7.6377764344215E-5;;129000000589;true;;;TRUE;TRUE;
"Есть в импорте проектов";"SUM('M Импорт проектов'.'1', 'M Импорт проектов'.'Элемент справочника') <> 0";"{""dataType"":""BOOLEAN"",""horizontalAlign"":""CENTER"",""verticalAlign"":""CENTER""}";;;None;;true;"{""storageType"":""PLANAR"",""recalculateAll"":true}";;41005;7.6377764344215E-5;;129000000967;true;;;"SUM( '863000010055',  '863000009379') <> 0";"SUM('M Импорт проектов'.'1', 'M Импорт проектов'.'Элемент справочника') <> 0";
"Del из импорта проектов";"SUM('M Импорт проектов'.'deletionmark_num', 'M Импорт проектов'.'Элемент справочника') <> 0";"{""dataType"":""BOOLEAN"",""horizontalAlign"":""CENTER"",""verticalAlign"":""CENTER""}";;;None;;true;"{""storageType"":""PLANAR"",""recalculateAll"":true}";;41005;7.6377764344215E-5;;129000000968;true;;;"SUM( '863000018019',  '863000009379') <> 0";"SUM('M Импорт проектов'.'deletionmark_num', 'M Импорт проектов'.'Элемент справочника') <> 0";
"L ЕКДР";;;;;;;;;;4648;2.4735927581787E-6;;101000000105;;;;;;
pravilaobrabotki;;"{""dataType"":""TEXT"",""textType"":""GENERAL"",""maxLength"":0,""lineBreak"":true,""wordWrap"":false,""ignoreTextIndent"":false,""horizontalAlign"":""LEFT"",""verticalAlign"":""TOP""}";;;None;;true;"{""storageType"":""PLANAR"",""recalculateAll"":true}";;664;0;;129000000908;true;;;;;
"Используется в M01.04.33 MAP PL - ЕКДР";"PROPERTY('M01.04.33 MAP PL - ЕКДР'.'Используется', ITEM('L ЕКДР'))";"{""dataType"":""BOOLEAN"",""horizontalAlign"":""CENTER"",""verticalAlign"":""CENTER""}";;;None;;true;"{""storageType"":""PLANAR"",""recalculateAll"":true}";;664;1.2367963790894E-6;;129000000909;true;;;"PROPERTY(  '821000017466' , ITEM('101000000105')  )";"PROPERTY('M01.04.33 MAP PL - ЕКДР'.'Используется', ITEM('L ЕКДР'))";
"Наименование статьи";;"{""dataType"":""TEXT"",""textType"":""GENERAL"",""maxLength"":0,""lineBreak"":true,""wordWrap"":false,""ignoreTextIndent"":false,""horizontalAlign"":""LEFT"",""verticalAlign"":""TOP""}";"ДС обновляется скриптом";;None;;true;"{""storageType"":""PLANAR"",""recalculateAll"":true}";;664;0;;129000000697;true;;;;;
Display_name;;"{""dataType"":""TEXT"",""textType"":""GENERAL"",""maxLength"":0,""lineBreak"":true,""wordWrap"":false,""ignoreTextIndent"":false,""horizontalAlign"":""LEFT"",""verticalAlign"":""TOP""}";"ДС обновляется скриптом. Ранее 'Код ЕКДР' & ""|"" & 'Наименование статьи'";;None;;true;"{""storageType"":""PLANAR"",""recalculateAll"":true}";"'M05.02.08 REPORT Детализация PL с версиями'.'Наименование ЕКДР', 'ML01.03.18 L ЕКДР'.'ЕКДР 16 ПРЕСЕЙЛ', 'ML01.03.18 L ЕКДР'.'ЕКДР 16 БЭНЧ', 'M02.01.02 Импорт факта (ручной)'.'Код ЕКДР распознано'";664;0;;129000000696;true;;;;;
ekdr_ref;;"{""dataType"":""TEXT"",""textType"":""GENERAL"",""maxLength"":0,""lineBreak"":true,""wordWrap"":false,""ignoreTextIndent"":false,""horizontalAlign"":""LEFT"",""verticalAlign"":""TOP""}";"ДС обновляется скриптом";;None;;true;"{""storageType"":""PLANAR"",""recalculateAll"":true}";;664;0;;129000000742;true;;;;;
"Код ЕКДР";"IF BOOLEAN(CODE(ITEM('L ЕКДР'))) THEN CODE(ITEM('L ЕКДР')) ELSE TEXT(ITEM('L ЕКДР'))";"{""dataType"":""TEXT"",""textType"":""GENERAL"",""maxLength"":0,""lineBreak"":true,""wordWrap"":false,""ignoreTextIndent"":false,""horizontalAlign"":""LEFT"",""verticalAlign"":""TOP""}";;;None;;true;"{""storageType"":""PLANAR"",""recalculateAll"":true}";"'M01.04.38 MAP БК - статьи ЕКДР, PL и CF (Выручка и Себест)'.'Код ЕКДР выручка', 'M01.04.33 MAP PL - ЕКДР'.'code_ekdr', 'M01.04.39 MAP БК - Вид Работ - статьи ЕКДР, PL и CF (Себест в импорте ТД)'.'Код ЕКДР выручка', 'M01.04.42 MAP Продукт CRM - статьи ЕКДР, PL и CF (Выручка и Себест)'.'Код ЕКДР выручка'";664;0;;129000000695;true;;;"IF BOOLEAN( CODE(ITEM( '101000000105' ))) THEN CODE(ITEM( '101000000105' )) ELSE TEXT(ITEM( '101000000105' ))";"IF BOOLEAN(CODE(ITEM('L ЕКДР'))) THEN CODE(ITEM('L ЕКДР')) ELSE TEXT(ITEM('L ЕКДР'))";
"Отсутствует в БД";;"{""dataType"":""BOOLEAN"",""horizontalAlign"":""CENTER"",""verticalAlign"":""CENTER""}";"ДC 22.07.2025 - отметил элементы, которых нет в БД (вручную, признак не обновляется, остается для истории)";;None;;true;"{""storageType"":""PLANAR"",""recalculateAll"":true}";;664;1.2367963790894E-6;;129000000743;true;;;;;
"L Банки";;;;;;;;;;207;1.0281801223755E-6;;101000000134;;;;;;
ИНН;;"{""dataType"":""TEXT"",""textType"":""GENERAL"",""maxLength"":0,""lineBreak"":true,""wordWrap"":false,""ignoreTextIndent"":false,""horizontalAlign"":""LEFT"",""verticalAlign"":""TOP""}";;;None;;true;"{""storageType"":""PLANAR"",""recalculateAll"":true}";"'L Договоры_Биллинг (МК)'.'pL ИНН', 'ML01.03.27 Банки - Направления'.ИНН";69;0;;129000000842;true;;;;;
Направление;"FINDBYNAME('L Направления', TEXTSUM('ML01.03.27 Банки - Направления'.'text_Направление'))";"{""dataType"":""ENTITY"",""hierarchyEntityLongId"":101000000084,""horizontalAlign"":""LEFT"",""verticalAlign"":""CENTER"",""selectiveAccessApplied"":false,""dependentApplied"":false,""dependentEntityLongId"":null,""dimensionContext"":false,""filterType"":""NONE""}";;;None;;true;"{""storageType"":""PLANAR"",""recalculateAll"":true}";"'L Договоры_Биллинг (МК)'.'pL Направление'";69;5.1409006118774E-7;;129000000843;true;;;"FINDBYNAME('101000000084', TEXTSUM('1130000015805'))";"FINDBYNAME('L Направления', TEXTSUM('ML01.03.27 Банки - Направления'.'text_Направление'))";
Проект;"'L Проект 1С УХ'.'690ecc48-0ba6-11ef-beef-e43d1aa1a7a7'";"{""dataType"":""ENTITY"",""hierarchyEntityLongId"":101000000082,""horizontalAlign"":""LEFT"",""verticalAlign"":""CENTER"",""selectiveAccessApplied"":false,""dependentApplied"":false,""dependentEntityLongId"":null,""dimensionContext"":false,""filterType"":""NONE""}";;;None;;true;"{""storageType"":""PLANAR"",""recalculateAll"":true}";"'L Договоры_Биллинг (МК)'.Проект";69;5.1409006118774E-7;;129000000844;true;;;'101000000082'.'643000055868';"'L Проект 1С УХ'.'690ecc48-0ba6-11ef-beef-e43d1aa1a7a7'";
"L Договоры_Биллинг (МК)";;;;;;;;;;1440;4.4703483581543E-6;;101000000130;;;;;;
Основной;;"{""dataType"":""BOOLEAN"",""horizontalAlign"":""CENTER"",""verticalAlign"":""CENTER""}";;;None;;true;"{""storageType"":""PLANAR"",""recalculateAll"":true}";;120;2.2351741790771E-7;;129000000834;true;;;;;
"pL Заказчик";;"{""dataType"":""ENTITY"",""hierarchyEntityLongId"":101000000134,""horizontalAlign"":""LEFT"",""verticalAlign"":""CENTER"",""selectiveAccessApplied"":false,""dependentApplied"":false,""dependentEntityLongId"":null,""dimensionContext"":false,""filterType"":""NONE""}";;;None;;true;"{""storageType"":""PLANAR"",""recalculateAll"":true}";"'pL ИНН', 'pL Направление', Проект, 'M03.02.03a Планируемый объем выручки. Аналитики'.Заказчик";120;8.9406967163086E-7;;129000000835;true;;;;;
"pL ИНН";"PROPERTY('L Банки'.'ИНН', 'pL Заказчик')";"{""dataType"":""TEXT"",""textType"":""GENERAL"",""maxLength"":0,""lineBreak"":true,""wordWrap"":false,""ignoreTextIndent"":false,""horizontalAlign"":""LEFT"",""verticalAlign"":""TOP""}";;;None;;true;"{""storageType"":""PLANAR"",""recalculateAll"":true}";;120;0;;129000000836;true;;;"PROPERTY( '129000000842' , '129000000835' )";"PROPERTY('L Банки'.'ИНН', 'pL Заказчик')";
"pL Направление";"PROPERTY('L Банки'.'Направление', 'pL Заказчик')";"{""dataType"":""ENTITY"",""hierarchyEntityLongId"":101000000084,""horizontalAlign"":""LEFT"",""verticalAlign"":""CENTER"",""selectiveAccessApplied"":false,""dependentApplied"":false,""dependentEntityLongId"":null,""dimensionContext"":false,""filterType"":""NONE""}";;;None;;true;"{""storageType"":""PLANAR"",""recalculateAll"":true}";"'pL Договора Банка'";120;8.9406967163086E-7;;129000000837;true;;;"PROPERTY(  '129000000843' , '129000000835' )";"PROPERTY('L Банки'.'Направление', 'pL Заказчик')";
"pL Код договора";;"{""dataType"":""TEXT"",""textType"":""GENERAL"",""maxLength"":0,""lineBreak"":true,""wordWrap"":false,""ignoreTextIndent"":false,""horizontalAlign"":""LEFT"",""verticalAlign"":""TOP""}";;;None;;true;"{""storageType"":""PLANAR"",""recalculateAll"":true}";"'Display_name', 'ML01.03.25 Этапы договоров'.'Код договора', 'M03.02.03a Планируемый объем выручки. Аналитики'.'ID договора'";120;0;;129000000838;true;;;;;
"pL Договор 1С";;"{""dataType"":""TEXT"",""textType"":""GENERAL"",""maxLength"":0,""lineBreak"":true,""wordWrap"":false,""ignoreTextIndent"":false,""horizontalAlign"":""LEFT"",""verticalAlign"":""TOP""}";;;None;;true;"{""storageType"":""PLANAR"",""recalculateAll"":true}";'Display_name';120;0;;129000000839;true;;;;;
Display_name;"IF BOOLEAN('pL Договор 1С') THEN TEXT('pL Договор 1С') ELSE 'pL Код договора'";"{""dataType"":""TEXT"",""textType"":""GENERAL"",""maxLength"":0,""lineBreak"":true,""wordWrap"":false,""ignoreTextIndent"":false,""horizontalAlign"":""LEFT"",""verticalAlign"":""TOP""}";;;None;;true;"{""storageType"":""PLANAR"",""recalculateAll"":true}";"'ML01.03.30 L Договоры'.'Display_name'";120;0;;129000000840;true;;;"IF BOOLEAN('129000000839') THEN TEXT('129000000839') ELSE '129000000838'";"IF BOOLEAN('pL Договор 1С') THEN TEXT('pL Договор 1С') ELSE 'pL Код договора'";
"pL Проект 1С:УХ";;"{""dataType"":""ENTITY"",""hierarchyEntityLongId"":101000000082,""horizontalAlign"":""LEFT"",""verticalAlign"":""CENTER"",""selectiveAccessApplied"":false,""dependentApplied"":false,""dependentEntityLongId"":null,""dimensionContext"":false,""filterType"":""NONE""}";;;None;;true;"{""storageType"":""PLANAR"",""recalculateAll"":true}";;120;8.9406967163086E-7;;129000000901;true;;;;;
Проект;"PROPERTY('L Банки'.'Проект', 'pL Заказчик')";"{""dataType"":""ENTITY"",""hierarchyEntityLongId"":101000000082,""horizontalAlign"":""LEFT"",""verticalAlign"":""CENTER"",""selectiveAccessApplied"":false,""dependentApplied"":false,""dependentEntityLongId"":null,""dimensionContext"":false,""filterType"":""NONE""}";;;None;;true;"{""storageType"":""PLANAR"",""recalculateAll"":true}";;120;8.9406967163086E-7;;129000000841;true;;;"PROPERTY( '129000000844' , '129000000835' )";"PROPERTY('L Банки'.'Проект', 'pL Заказчик')";
"pL Договора Банка";"'pL Направление' = 'M01.02.23 Настройки для Мультикарты'.'Банк'";"{""dataType"":""BOOLEAN"",""horizontalAlign"":""CENTER"",""verticalAlign"":""CENTER""}";;;None;;true;"{""storageType"":""PLANAR"",""recalculateAll"":true}";;120;2.2351741790771E-7;;129000000902;true;;;"'129000000837'= '1158000017471'";"'pL Направление' = 'M01.02.23 Настройки для Мультикарты'.'Банк'";
"4scr создать s для M10.03";"IF SUM('M10.01 Настройка Тарифов для Договоров (стойки)'.'Единичка, если есть данные') > 0 THEN TRUE ELSE FALSE";"{""dataType"":""BOOLEAN"",""horizontalAlign"":""CENTER"",""verticalAlign"":""CENTER""}";;;None;;true;"{""storageType"":""PLANAR"",""recalculateAll"":true}";;120;2.2351741790771E-7;;129000000898;true;;;"IF sum( '1172000017185'  ) > 0 then true else false";"IF SUM('M10.01 Настройка Тарифов для Договоров (стойки)'.'Единичка, если есть данные') > 0 THEN TRUE ELSE FALSE";
"4scr создать s для M10.06";"IF SUM('M10.05 Настройка Тарифов для Участков (аренда каналов)'.'Единица, есть данные?') > 0 THEN TRUE ELSE FALSE";"{""dataType"":""BOOLEAN"",""horizontalAlign"":""CENTER"",""verticalAlign"":""CENTER""}";;;None;;true;"{""storageType"":""PLANAR"",""recalculateAll"":true}";;120;2.2351741790771E-7;;129000000899;true;;;"IF SUM( '1198000017192' ) > 0 THEN TRUE ELSE FALSE";"IF SUM('M10.05 Настройка Тарифов для Участков (аренда каналов)'.'Единица, есть данные?') > 0 THEN TRUE ELSE FALSE";
"L Этапы договоров";;;;;;;;;;12186;3.5308301448822E-5;;101000000131;;;;;;
level;"LEVEL(ITEM('L Этапы договоров'))";"{""dataType"":""NUMBER"",""minimumSignificantDigits"":-1,""decimalPlaces"":-1,""decimalSeparator"":""FULL_STOP"",""groupingSeparator"":""SPACE"",""negativeNumberNotation"":""MINUS_SIGN"",""zeroFormat"":""ZERO"",""unitsType"":""NONE"",""unitsDisplayType"":""NONE"",""currencyCode"":null,""customUnits"":null,""comparisonIncrease"":""GOOD"",""nanApplied"":false,""nanDisplayValue"":""NaN"",""hasRounding"":true,""maximumSignificantAllDigits"":-1,""maximumSignificantIntegerDigits"":-1,""maximumSignificantDecimalDigits"":-1,""horizontalAlign"":""RIGHT"",""verticalAlign"":""CENTER"",""inputFormatSettingApplied"":false,""sendFormatSettingApplied"":false,""insignificantIntegerRanks"":-1,""significantDecimalRanks"":0,""savingFormatSettingApplied"":false,""savingFormatSettings"":{""decimalPlaces"":15}}";;;Sum;;true;"{""storageType"":""PLANAR"",""recalculateAll"":true}";;1354;1.0088086128235E-5;;129000000846;true;;;LEVEL(ITEM('101000000131'));"LEVEL(ITEM('L Этапы договоров'))";
agreement_num_point;;"{""dataType"":""TEXT"",""textType"":""GENERAL"",""maxLength"":0,""lineBreak"":true,""wordWrap"":false,""ignoreTextIndent"":false,""horizontalAlign"":""LEFT"",""verticalAlign"":""TOP""}";;;None;;true;"{""storageType"":""PLANAR"",""recalculateAll"":true}";'Display_name';1354;0;;129000000878;true;;;;;
"Пункт договора";;"{""dataType"":""TEXT"",""textType"":""GENERAL"",""maxLength"":0,""lineBreak"":true,""wordWrap"":false,""ignoreTextIndent"":false,""horizontalAlign"":""LEFT"",""verticalAlign"":""TOP""}";;;None;;true;"{""storageType"":""PLANAR"",""recalculateAll"":true}";"Сортировка, 'ML01.03.25 Этапы договоров'.'Пункт договора', 'M03.02.03a Планируемый объем выручки. Аналитики'.'Пункт договора'";1354;0;;129000000847;true;;;;;
"Наименование этапа";;"{""dataType"":""TEXT"",""textType"":""GENERAL"",""maxLength"":0,""lineBreak"":true,""wordWrap"":false,""ignoreTextIndent"":false,""horizontalAlign"":""LEFT"",""verticalAlign"":""TOP""}";;;None;;true;"{""storageType"":""PLANAR"",""recalculateAll"":true}";"'Display_name', 'M03.02.03a Планируемый объем выручки. Аналитики'.'Наименование услуги'";1354;0;;129000000848;true;;;;;
Display_name;"'agreement_num_point' & "". "" & 'Наименование этапа'";"{""dataType"":""TEXT"",""textType"":""GENERAL"",""maxLength"":0,""lineBreak"":true,""wordWrap"":false,""ignoreTextIndent"":false,""horizontalAlign"":""LEFT"",""verticalAlign"":""TOP""}";;;None;;true;"{""storageType"":""PLANAR"",""recalculateAll"":true}";;1354;0;;129000000849;true;;;"'129000000878'  & "". "" & '129000000848'";"'agreement_num_point' & "". "" & 'Наименование этапа'";
Договор;"IF BOOLEAN(FINDITEM('L Договоры_Биллинг (МК)', NAME(ITEM('L Этапы договоров')))) THEN FINDITEM('L Договоры_Биллинг (МК)', NAME(ITEM('L Этапы договоров'))) ELSE IF BOOLEAN(FINDITEM('L Договоры_Биллинг (МК)', NAME(PARENT(ITEM('L Этапы договоров'))))) THEN FINDITEM('L Договоры_Биллинг (МК)', NAME(PARENT(ITEM('L Этапы договоров')))) ELSE IF BOOLEAN(FINDITEM('L Договоры_Биллинг (МК)', NAME(PARENT(PARENT(ITEM('L Этапы договоров')))))) THEN FINDITEM('L Договоры_Биллинг (МК)', NAME(PARENT(PARENT(ITEM('L Этапы договоров'))))) ELSE IF BOOLEAN(FINDITEM('L Договоры_Биллинг (МК)', NAME(PARENT(PARENT(PARENT(ITEM('L Этапы договоров'))))))) THEN FINDITEM('L Договоры_Биллинг (МК)', NAME(PARENT(PARENT(PARENT(ITEM('L Этапы договоров')))))) ELSE """"";"{""dataType"":""ENTITY"",""hierarchyEntityLongId"":101000000130,""horizontalAlign"":""LEFT"",""verticalAlign"":""CENTER"",""selectiveAccessApplied"":false,""dependentApplied"":false,""dependentEntityLongId"":null,""dimensionContext"":false,""filterType"":""NONE""}";;;None;;true;"{""storageType"":""PLANAR"",""recalculateAll"":true}";;1354;1.0088086128235E-5;;129000000850;true;;;"IF BOOLEAN(FINDITEM('101000000130', NAME(ITEM('101000000131'))))  THEN FINDITEM('101000000130', NAME(ITEM('101000000131')))  ELSE IF BOOLEAN(FINDITEM('101000000130', NAME(PARENT(ITEM('101000000131'))))) THEN FINDITEM('101000000130', NAME(PARENT(ITEM('101000000131')))) ELSE IF BOOLEAN(FINDITEM('101000000130', NAME(PARENT(PARENT(ITEM('101000000131')))))) THEN FINDITEM('101000000130', NAME(PARENT(PARENT(ITEM('101000000131'))))) ELSE IF BOOLEAN(FINDITEM('101000000130', NAME(PARENT(PARENT(PARENT(ITEM('101000000131'))))))) THEN FINDITEM('101000000130', NAME(PARENT(PARENT(PARENT(ITEM('101000000131')))))) ELSE """"";"IF BOOLEAN(FINDITEM('L Договоры_Биллинг (МК)', NAME(ITEM('L Этапы договоров')))) THEN FINDITEM('L Договоры_Биллинг (МК)', NAME(ITEM('L Этапы договоров'))) ELSE IF BOOLEAN(FINDITEM('L Договоры_Биллинг (МК)', NAME(PARENT(ITEM('L Этапы договоров'))))) THEN FINDITEM('L Договоры_Биллинг (МК)', NAME(PARENT(ITEM('L Этапы договоров')))) ELSE IF BOOLEAN(FINDITEM('L Договоры_Биллинг (МК)', NAME(PARENT(PARENT(ITEM('L Этапы договоров')))))) THEN FINDITEM('L Договоры_Биллинг (МК)', NAME(PARENT(PARENT(ITEM('L Этапы договоров'))))) ELSE IF BOOLEAN(FINDITEM('L Договоры_Биллинг (МК)', NAME(PARENT(PARENT(PARENT(ITEM('L Этапы договоров'))))))) THEN FINDITEM('L Договоры_Биллинг (МК)', NAME(PARENT(PARENT(PARENT(ITEM('L Этапы договоров')))))) ELSE """"";
Сортировка;"NUMBER('Пункт договора')";"{""dataType"":""NUMBER"",""minimumSignificantDigits"":-1,""decimalPlaces"":-1,""decimalSeparator"":""FULL_STOP"",""groupingSeparator"":""SPACE"",""negativeNumberNotation"":""MINUS_SIGN"",""zeroFormat"":""ZERO"",""unitsType"":""NONE"",""unitsDisplayType"":""NONE"",""currencyCode"":null,""customUnits"":null,""comparisonIncrease"":""GOOD"",""nanApplied"":false,""nanDisplayValue"":""NaN"",""hasRounding"":true,""maximumSignificantAllDigits"":-1,""maximumSignificantIntegerDigits"":-1,""maximumSignificantDecimalDigits"":-1,""horizontalAlign"":""RIGHT"",""verticalAlign"":""CENTER"",""inputFormatSettingApplied"":false,""sendFormatSettingApplied"":false,""insignificantIntegerRanks"":-1,""significantDecimalRanks"":3,""savingFormatSettingApplied"":false,""savingFormatSettings"":{""decimalPlaces"":15}}";;;None;;true;"{""storageType"":""PLANAR"",""recalculateAll"":true}";;1354;1.0088086128235E-5;;129000000851;true;;;NUMBER('129000000847');"NUMBER('Пункт договора')";
"По тарифу?";"'L Тарифы'.'По тарифу?'";"{""dataType"":""BOOLEAN"",""horizontalAlign"":""CENTER"",""verticalAlign"":""CENTER""}";;;None;;true;"{""storageType"":""PLANAR"",""recalculateAll"":true}";;1354;2.5220215320587E-6;;129000000852;true;;;'129000000862';"'L Тарифы'.'По тарифу?'";
"Без тарифа?";"'L Тарифы'.'Без тарифа?'";"{""dataType"":""BOOLEAN"",""horizontalAlign"":""CENTER"",""verticalAlign"":""CENTER""}";;;None;;true;"{""storageType"":""PLANAR"",""recalculateAll"":true}";;1354;2.5220215320587E-6;;129000000853;true;;;'129000000863';"'L Тарифы'.'Без тарифа?'";
"L Договоры 1С:УХ (Клауд_С поставщиками)";;;;;;;;;;67350;7.5269490480423E-5;;101000000148;;;;;;
"Display Name";'DogovorName';"{""dataType"":""TEXT"",""textType"":""GENERAL"",""maxLength"":0,""lineBreak"":true,""wordWrap"":false,""ignoreTextIndent"":false,""horizontalAlign"":""LEFT"",""verticalAlign"":""TOP""}";;;None;;true;"{""storageType"":""PLANAR"",""recalculateAll"":true}";;2694;0;;129000000965;true;;;'129000000951';'DogovorName';
OrganizationName;;"{""dataType"":""TEXT"",""textType"":""GENERAL"",""maxLength"":0,""lineBreak"":true,""wordWrap"":false,""ignoreTextIndent"":false,""horizontalAlign"":""LEFT"",""verticalAlign"":""TOP""}";;;None;;true;"{""storageType"":""PLANAR"",""recalculateAll"":true}";;2694;0;;129000000942;true;;;;;
OrganizationKey;;"{""dataType"":""TEXT"",""textType"":""GENERAL"",""maxLength"":0,""lineBreak"":true,""wordWrap"":false,""ignoreTextIndent"":false,""horizontalAlign"":""LEFT"",""verticalAlign"":""TOP""}";;;None;;true;"{""storageType"":""PLANAR"",""recalculateAll"":true}";;2694;0;;129000000943;true;;;;;
CounterpartyName;;"{""dataType"":""TEXT"",""textType"":""GENERAL"",""maxLength"":0,""lineBreak"":true,""wordWrap"":false,""ignoreTextIndent"":false,""horizontalAlign"":""LEFT"",""verticalAlign"":""TOP""}";;;None;;true;"{""storageType"":""PLANAR"",""recalculateAll"":true}";;2694;0;;129000000944;true;;;;;
RefKey;;"{""dataType"":""TEXT"",""textType"":""GENERAL"",""maxLength"":0,""lineBreak"":true,""wordWrap"":false,""ignoreTextIndent"":false,""horizontalAlign"":""LEFT"",""verticalAlign"":""TOP""}";;;None;;true;"{""storageType"":""PLANAR"",""recalculateAll"":true}";;2694;0;;129000000945;true;;;;;
Code;;"{""dataType"":""TEXT"",""textType"":""GENERAL"",""maxLength"":0,""lineBreak"":true,""wordWrap"":false,""ignoreTextIndent"":false,""horizontalAlign"":""LEFT"",""verticalAlign"":""TOP""}";;;None;;true;"{""storageType"":""PLANAR"",""recalculateAll"":true}";;2694;0;;129000000946;true;;;;;
DateField;;"{""dataType"":""DATE"",""format"":""EUROPA"",""horizontalAlign"":""LEFT"",""verticalAlign"":""CENTER"",""precision"":""DAYS""}";;;None;;true;"{""storageType"":""PLANAR"",""recalculateAll"":true}";;2694;3.0107796192169E-5;;129000000947;true;;;;;
DateStartAction;;"{""dataType"":""DATE"",""format"":""EUROPA"",""horizontalAlign"":""LEFT"",""verticalAlign"":""CENTER"",""precision"":""DAYS""}";;;None;;true;"{""storageType"":""PLANAR"",""recalculateAll"":true}";;2694;3.0107796192169E-5;;129000000948;true;;;;;
ValidityPeriod;;"{""dataType"":""TEXT"",""textType"":""GENERAL"",""maxLength"":0,""lineBreak"":true,""wordWrap"":false,""ignoreTextIndent"":false,""horizontalAlign"":""LEFT"",""verticalAlign"":""TOP""}";;;None;;true;"{""storageType"":""PLANAR"",""recalculateAll"":true}";;2694;0;;129000000949;true;;;;;
Number;;"{""dataType"":""TEXT"",""textType"":""GENERAL"",""maxLength"":0,""lineBreak"":true,""wordWrap"":false,""ignoreTextIndent"":false,""horizontalAlign"":""LEFT"",""verticalAlign"":""TOP""}";;;None;;true;"{""storageType"":""PLANAR"",""recalculateAll"":true}";;2694;0;;129000000950;true;;;;;
DogovorName;;"{""dataType"":""TEXT"",""textType"":""GENERAL"",""maxLength"":0,""lineBreak"":true,""wordWrap"":false,""ignoreTextIndent"":false,""horizontalAlign"":""LEFT"",""verticalAlign"":""TOP""}";;;None;;true;"{""storageType"":""PLANAR"",""recalculateAll"":true}";"'Display Name'";2694;0;;129000000951;true;;;;;
DogovorState;;"{""dataType"":""TEXT"",""textType"":""GENERAL"",""maxLength"":0,""lineBreak"":true,""wordWrap"":false,""ignoreTextIndent"":false,""horizontalAlign"":""LEFT"",""verticalAlign"":""TOP""}";;;None;;true;"{""storageType"":""PLANAR"",""recalculateAll"":true}";;2694;0;;129000000952;true;;;;;
DeletionMark;;"{""dataType"":""BOOLEAN"",""horizontalAlign"":""CENTER"",""verticalAlign"":""CENTER""}";;;None;;true;"{""storageType"":""PLANAR"",""recalculateAll"":true}";;2694;5.0179660320282E-6;;129000000953;true;;;;;
DogovorType;;"{""dataType"":""TEXT"",""textType"":""GENERAL"",""maxLength"":0,""lineBreak"":true,""wordWrap"":false,""ignoreTextIndent"":false,""horizontalAlign"":""LEFT"",""verticalAlign"":""TOP""}";;;None;;true;"{""storageType"":""PLANAR"",""recalculateAll"":true}";;2694;0;;129000000954;true;;;;;
RegistrationNumber;;"{""dataType"":""TEXT"",""textType"":""GENERAL"",""maxLength"":0,""lineBreak"":true,""wordWrap"":false,""ignoreTextIndent"":false,""horizontalAlign"":""LEFT"",""verticalAlign"":""TOP""}";;;None;;true;"{""storageType"":""PLANAR"",""recalculateAll"":true}";;2694;0;;129000000955;true;;;;;
EtapProjectKey;;"{""dataType"":""TEXT"",""textType"":""GENERAL"",""maxLength"":0,""lineBreak"":true,""wordWrap"":false,""ignoreTextIndent"":false,""horizontalAlign"":""LEFT"",""verticalAlign"":""TOP""}";;;None;;true;"{""storageType"":""PLANAR"",""recalculateAll"":true}";;2694;0;;129000000956;true;;;;;
EtapProjectCode;;"{""dataType"":""TEXT"",""textType"":""GENERAL"",""maxLength"":0,""lineBreak"":true,""wordWrap"":false,""ignoreTextIndent"":false,""horizontalAlign"":""LEFT"",""verticalAlign"":""TOP""}";;;None;;true;"{""storageType"":""PLANAR"",""recalculateAll"":true}";;2694;0;;129000000957;true;;;;;
EtapFullCode;;"{""dataType"":""TEXT"",""textType"":""GENERAL"",""maxLength"":0,""lineBreak"":true,""wordWrap"":false,""ignoreTextIndent"":false,""horizontalAlign"":""LEFT"",""verticalAlign"":""TOP""}";;;None;;true;"{""storageType"":""PLANAR"",""recalculateAll"":true}";;2694;0;;129000000958;true;;;;;
EtapProjectName;;"{""dataType"":""TEXT"",""textType"":""GENERAL"",""maxLength"":0,""lineBreak"":true,""wordWrap"":false,""ignoreTextIndent"":false,""horizontalAlign"":""LEFT"",""verticalAlign"":""TOP""}";;;None;;true;"{""storageType"":""PLANAR"",""recalculateAll"":true}";;2694;0;;129000000959;true;;;;;
ParentProjectKey;;"{""dataType"":""TEXT"",""textType"":""GENERAL"",""maxLength"":0,""lineBreak"":true,""wordWrap"":false,""ignoreTextIndent"":false,""horizontalAlign"":""LEFT"",""verticalAlign"":""TOP""}";;;None;;true;"{""storageType"":""PLANAR"",""recalculateAll"":true}";;2694;0;;129000000960;true;;;;;
MainProjectCode;;"{""dataType"":""TEXT"",""textType"":""GENERAL"",""maxLength"":0,""lineBreak"":true,""wordWrap"":false,""ignoreTextIndent"":false,""horizontalAlign"":""LEFT"",""verticalAlign"":""TOP""}";;;None;;true;"{""storageType"":""PLANAR"",""recalculateAll"":true}";;2694;0;;129000000961;true;;;;;
MainProjectFullCode;;"{""dataType"":""TEXT"",""textType"":""GENERAL"",""maxLength"":0,""lineBreak"":true,""wordWrap"":false,""ignoreTextIndent"":false,""horizontalAlign"":""LEFT"",""verticalAlign"":""TOP""}";;;None;;true;"{""storageType"":""PLANAR"",""recalculateAll"":true}";;2694;0;;129000000962;true;;;;;
MainProjectName;;"{""dataType"":""TEXT"",""textType"":""GENERAL"",""maxLength"":0,""lineBreak"":true,""wordWrap"":false,""ignoreTextIndent"":false,""horizontalAlign"":""LEFT"",""verticalAlign"":""TOP""}";;;None;;true;"{""storageType"":""PLANAR"",""recalculateAll"":true}";;2694;0;;129000000963;true;;;;;
"4scr создать s для M10.03";"IF SUM('M10.01 Настройка Тарифов для Договоров (стойки)'.'Единичка, если есть данные') > 0 THEN TRUE ELSE FALSE";"{""dataType"":""BOOLEAN"",""horizontalAlign"":""CENTER"",""verticalAlign"":""CENTER""}";;;None;;true;"{""storageType"":""PLANAR"",""recalculateAll"":true}";;2694;5.0179660320282E-6;;129000000969;true;;;"IF sum( '1172000017185'  ) > 0 then true else false";"IF SUM('M10.01 Настройка Тарифов для Договоров (стойки)'.'Единичка, если есть данные') > 0 THEN TRUE ELSE FALSE";
"4scr создать s для M10.06";"IF SUM('M10.05 Настройка Тарифов для Участков (аренда каналов)'.'Единица, есть данные?') > 0 THEN TRUE ELSE FALSE";"{""dataType"":""BOOLEAN"",""horizontalAlign"":""CENTER"",""verticalAlign"":""CENTER""}";;;None;;true;"{""storageType"":""PLANAR"",""recalculateAll"":true}";;2694;5.0179660320282E-6;;129000000970;true;;;"IF SUM( '1198000017192' ) > 0 THEN TRUE ELSE FALSE";"IF SUM('M10.05 Настройка Тарифов для Участков (аренда каналов)'.'Единица, есть данные?') > 0 THEN TRUE ELSE FALSE";
"L Тарифы";;;;;;;;;;41530;0.00020112469792366;;101000000132;;;;;;
"Display name";;"{""dataType"":""TEXT"",""textType"":""GENERAL"",""maxLength"":0,""lineBreak"":true,""wordWrap"":false,""ignoreTextIndent"":false,""horizontalAlign"":""LEFT"",""verticalAlign"":""TOP""}";;;None;;true;"{""storageType"":""PLANAR"",""recalculateAll"":true}";;4153;0;;129000000854;true;;;;;
"Нижняя граница";;"{""dataType"":""NUMBER"",""minimumSignificantDigits"":-1,""decimalPlaces"":-1,""decimalSeparator"":""FULL_STOP"",""groupingSeparator"":""SPACE"",""negativeNumberNotation"":""MINUS_SIGN"",""zeroFormat"":""ZERO"",""unitsType"":""NONE"",""unitsDisplayType"":""NONE"",""currencyCode"":null,""customUnits"":null,""comparisonIncrease"":""GOOD"",""nanApplied"":false,""nanDisplayValue"":""NaN"",""hasRounding"":true,""maximumSignificantAllDigits"":-1,""maximumSignificantIntegerDigits"":-1,""maximumSignificantDecimalDigits"":-1,""horizontalAlign"":""RIGHT"",""verticalAlign"":""CENTER"",""inputFormatSettingApplied"":false,""sendFormatSettingApplied"":false,""insignificantIntegerRanks"":-1,""significantDecimalRanks"":0,""savingFormatSettingApplied"":false,""savingFormatSettings"":{""decimalPlaces"":15}}";;;Min;;true;"{""storageType"":""PLANAR"",""recalculateAll"":true}";"'ML01.03.29 L Тарифы'.'Нижняя граница', 'M03.02.02 Расчет тарифа для плана'.'Фиксированный платеж', 'M03.02.02 Расчет тарифа для плана'.'Сумма без НДС план', 'M03.02.02 Расчет тарифа для плана'.Тариф, 'M03.02.02 Расчет тарифа для плана'.'Скорректированный фиксированный платеж', 'M03.02.02 Расчет тарифа для плана'.'Скорректированный тариф', 'M03.02.02 Расчет тарифа для плана'.'Скорректированный объем операций по тарифу'";4153;3.0942261219025E-5;;129000000855;true;;;;;
"Верхняя граница";;"{""dataType"":""NUMBER"",""minimumSignificantDigits"":-1,""decimalPlaces"":-1,""decimalSeparator"":""FULL_STOP"",""groupingSeparator"":""SPACE"",""negativeNumberNotation"":""MINUS_SIGN"",""zeroFormat"":""ZERO"",""unitsType"":""NONE"",""unitsDisplayType"":""NONE"",""currencyCode"":null,""customUnits"":null,""comparisonIncrease"":""GOOD"",""nanApplied"":false,""nanDisplayValue"":""NaN"",""hasRounding"":true,""maximumSignificantAllDigits"":-1,""maximumSignificantIntegerDigits"":-1,""maximumSignificantDecimalDigits"":-1,""horizontalAlign"":""RIGHT"",""verticalAlign"":""CENTER"",""inputFormatSettingApplied"":false,""sendFormatSettingApplied"":false,""insignificantIntegerRanks"":-1,""significantDecimalRanks"":0,""savingFormatSettingApplied"":false,""savingFormatSettings"":{""decimalPlaces"":15}}";;;Max;;true;"{""storageType"":""PLANAR"",""recalculateAll"":true}";"'ML01.03.29 L Тарифы'.'Верхняя граница', 'M03.02.02 Расчет тарифа для плана'.'Фиксированный платеж', 'M03.02.02 Расчет тарифа для плана'.'Сумма без НДС план', 'M03.02.02 Расчет тарифа для плана'.Тариф, 'M03.02.02 Расчет тарифа для плана'.'Скорректированный фиксированный платеж', 'M03.02.02 Расчет тарифа для плана'.'Скорректированный тариф', 'M03.02.02 Расчет тарифа для плана'.'Скорректированный объем операций по тарифу'";4153;3.0942261219025E-5;;129000000856;true;;;;;
Тип;;"{""dataType"":""TEXT"",""textType"":""GENERAL"",""maxLength"":0,""lineBreak"":true,""wordWrap"":false,""ignoreTextIndent"":false,""horizontalAlign"":""LEFT"",""verticalAlign"":""TOP""}";;;None;;true;"{""storageType"":""PLANAR"",""recalculateAll"":true}";;4153;0;;129000000857;true;;;;;
"Фиксированный платеж";;"{""dataType"":""NUMBER"",""minimumSignificantDigits"":-1,""decimalPlaces"":-1,""decimalSeparator"":""FULL_STOP"",""groupingSeparator"":""SPACE"",""negativeNumberNotation"":""MINUS_SIGN"",""zeroFormat"":""ZERO"",""unitsType"":""NONE"",""unitsDisplayType"":""NONE"",""currencyCode"":null,""customUnits"":null,""comparisonIncrease"":""GOOD"",""nanApplied"":false,""nanDisplayValue"":""NaN"",""hasRounding"":true,""maximumSignificantAllDigits"":-1,""maximumSignificantIntegerDigits"":-1,""maximumSignificantDecimalDigits"":-1,""horizontalAlign"":""RIGHT"",""verticalAlign"":""CENTER"",""inputFormatSettingApplied"":false,""sendFormatSettingApplied"":false,""insignificantIntegerRanks"":-1,""significantDecimalRanks"":0,""savingFormatSettingApplied"":false,""savingFormatSettings"":{""decimalPlaces"":15}}";;;Sum;;true;"{""storageType"":""PLANAR"",""recalculateAll"":true}";"'ML01.03.29 L Тарифы'.'Фиксированный платеж', 'M03.02.02 Расчет тарифа для плана'.'Фиксированный платеж', 'M03.02.02 Расчет тарифа для плана'.'Скорректированный фиксированный платеж'";4153;3.0942261219025E-5;;129000000858;true;;;;;
"Платеж по тарифу";;"{""dataType"":""NUMBER"",""minimumSignificantDigits"":-1,""decimalPlaces"":-1,""decimalSeparator"":""FULL_STOP"",""groupingSeparator"":""SPACE"",""negativeNumberNotation"":""MINUS_SIGN"",""zeroFormat"":""ZERO"",""unitsType"":""NONE"",""unitsDisplayType"":""NONE"",""currencyCode"":null,""customUnits"":null,""comparisonIncrease"":""GOOD"",""nanApplied"":false,""nanDisplayValue"":""NaN"",""hasRounding"":true,""maximumSignificantAllDigits"":-1,""maximumSignificantIntegerDigits"":-1,""maximumSignificantDecimalDigits"":2,""horizontalAlign"":""RIGHT"",""verticalAlign"":""CENTER"",""inputFormatSettingApplied"":false,""sendFormatSettingApplied"":false,""insignificantIntegerRanks"":-1,""significantDecimalRanks"":-1,""savingFormatSettingApplied"":false,""savingFormatSettings"":{""decimalPlaces"":15}}";;;Sum;;true;"{""storageType"":""PLANAR"",""recalculateAll"":true}";"'По тарифу?', 'ML01.03.29 L Тарифы'.'Платеж по тарифу', 'M03.02.02 Расчет тарифа для плана'.'Сумма без НДС план', 'M03.02.02 Расчет тарифа для плана'.Тариф, 'M03.02.02 Расчет тарифа для плана'.'Скорректированный тариф'";4153;3.0942261219025E-5;;129000000859;true;;;;;
НДС;;"{""dataType"":""NUMBER"",""minimumSignificantDigits"":-1,""decimalPlaces"":-1,""decimalSeparator"":""FULL_STOP"",""groupingSeparator"":""SPACE"",""negativeNumberNotation"":""MINUS_SIGN"",""zeroFormat"":""ZERO"",""unitsType"":""NONE"",""unitsDisplayType"":""NONE"",""currencyCode"":null,""customUnits"":null,""comparisonIncrease"":""GOOD"",""nanApplied"":false,""nanDisplayValue"":""NaN"",""hasRounding"":true,""maximumSignificantAllDigits"":-1,""maximumSignificantIntegerDigits"":-1,""maximumSignificantDecimalDigits"":2,""horizontalAlign"":""RIGHT"",""verticalAlign"":""CENTER"",""inputFormatSettingApplied"":false,""sendFormatSettingApplied"":false,""insignificantIntegerRanks"":-1,""significantDecimalRanks"":-1,""savingFormatSettingApplied"":false,""savingFormatSettings"":{""decimalPlaces"":15}}";;;Average;;true;"{""storageType"":""PLANAR"",""recalculateAll"":true}";"'M03.02.03a Планируемый объем выручки. Аналитики'.НДС";4153;3.0942261219025E-5;;129000000860;true;;;;;
"Этап договора";"PARENT(ITEM('L Тарифы'))";"{""dataType"":""ENTITY"",""hierarchyEntityLongId"":101000000131,""horizontalAlign"":""LEFT"",""verticalAlign"":""CENTER"",""selectiveAccessApplied"":false,""dependentApplied"":false,""dependentEntityLongId"":null,""dimensionContext"":false,""filterType"":""NONE""}";;;None;;true;"{""storageType"":""PLANAR"",""recalculateAll"":true}";"'M03.02.02 Расчет тарифа для плана'.'Объем операций план', 'M03.02.02 Расчет тарифа для плана'.'Скорректированный объем операций план'";4153;3.0942261219025E-5;;129000000861;true;;;PARENT(ITEM('101000000132'));"PARENT(ITEM('L Тарифы'))";
"По тарифу?";"BOOLEAN('Платеж по тарифу')";"{""dataType"":""BOOLEAN"",""horizontalAlign"":""CENTER"",""verticalAlign"":""CENTER""}";;;Or;;true;"{""storageType"":""PLANAR"",""recalculateAll"":true}";"'L Этапы договоров'.'По тарифу?', 'Без тарифа?', 'M03.02.02 Расчет тарифа для плана'.'Объем операций план', 'M03.02.02 Расчет тарифа для плана'.'Фиксированный платеж', 'M03.02.02 Расчет тарифа для плана'.'Скорректированный объем операций план', 'M03.02.02 Расчет тарифа для плана'.'Скорректированный фиксированный платеж'";4153;7.7355653047562E-6;;129000000862;true;;;BOOLEAN('129000000859');"BOOLEAN('Платеж по тарифу')";
"Без тарифа?";"NOT 'По тарифу?'";"{""dataType"":""BOOLEAN"",""horizontalAlign"":""CENTER"",""verticalAlign"":""CENTER""}";;;Or;;true;"{""storageType"":""PLANAR"",""recalculateAll"":true}";"'L Этапы договоров'.'Без тарифа?', 'M03.02.02 Расчет тарифа для плана'.'Фиксированный платеж', 'M03.02.02 Расчет тарифа для плана'.'Скорректированный фиксированный платеж'";4153;7.7355653047562E-6;;129000000863;true;;;"NOT '129000000862'";"NOT 'По тарифу?'";
"L Драйвер распределения";;;;;;;;;;0;0;;101000000136;;;;;;
"L Конечное упр подразделение";;;;;;;;;;8224;1.5318393707275E-5;;101000000137;;;;;;
deletionmark;;"{""dataType"":""BOOLEAN"",""horizontalAlign"":""CENTER"",""verticalAlign"":""CENTER""}";;;None;;true;"{""storageType"":""PLANAR"",""recalculateAll"":true}";;4112;7.6591968536377E-6;;129000000887;true;;;;;
in_archive;;"{""dataType"":""BOOLEAN"",""horizontalAlign"":""CENTER"",""verticalAlign"":""CENTER""}";;;None;;true;"{""storageType"":""PLANAR"",""recalculateAll"":true}";;4112;7.6591968536377E-6;;129000000888;true;;;;;
"< - - - Вспомогательные справочники - - - >";;;;;;;;;;0;0;;101000000015;;;;;;
NUM;;;;;;;;;;33972800;0.067001581192017;;101000000016;;;;;;
item;ITEM('NUM');"{""dataType"":""ENTITY"",""hierarchyEntityLongId"":101000000016,""horizontalAlign"":""LEFT"",""verticalAlign"":""CENTER"",""selectiveAccessApplied"":false,""dependentApplied"":false,""dependentEntityLongId"":null,""dimensionContext"":false}";;;None;;true;"{""storageType"":""PLANAR"",""recalculateAll"":true}";;499600;0.0037223100662231;;129000000247;true;;;ITEM('101000000016');ITEM('NUM');
Name;NAME(ITEM('NUM'));"{""dataType"":""TEXT"",""textType"":""GENERAL"",""maxLength"":0,""lineBreak"":true,""wordWrap"":false,""ignoreTextIndent"":false,""horizontalAlign"":""LEFT"",""verticalAlign"":""TOP""}";;;None;;true;"{""storageType"":""PLANAR"",""recalculateAll"":true}";"'Нумератор текст'";499600;0;;129000000004;true;;;NAME(ITEM('101000000016'));NAME(ITEM('NUM'));
"Нумератор текст";"LOOKUPTEXT('Name', 1, LENGTH('Name') - 1)";"{""dataType"":""TEXT"",""textType"":""GENERAL"",""maxLength"":0,""lineBreak"":true,""wordWrap"":false,""ignoreTextIndent"":false,""horizontalAlign"":""LEFT"",""verticalAlign"":""TOP""}";;;None;;true;"{""storageType"":""PLANAR"",""recalculateAll"":true}";"Нумератор, 'M05.02.08 REPORT Детализация PL с версиями'.'custom_key', 'M05.03.05 REPORT Детализация CF с версиями'.'custom_key'";499600;0;;129000000593;true;;;"LOOKUPTEXT('129000000004', 1, LENGTH('129000000004') - 1)";"LOOKUPTEXT('Name', 1, LENGTH('Name') - 1)";
Нумератор;"NUMBER('Нумератор текст')";"{""dataType"":""NUMBER"",""minimumSignificantDigits"":-1,""decimalPlaces"":0,""decimalSeparator"":""FULL_STOP"",""groupingSeparator"":""SPACE"",""negativeNumberNotation"":""MINUS_SIGN"",""zeroFormat"":""ZERO"",""unitsType"":""NONE"",""unitsDisplayType"":""NONE"",""currencyCode"":null,""customUnits"":null,""comparisonIncrease"":""GOOD"",""nanApplied"":false,""nanDisplayValue"":""NaN""}";;;None;;true;"{""storageType"":""PLANAR"",""recalculateAll"":true}";"'p NUM импорт CRM', 'p NUM План расходов ТД', 'p NUM Сегментация прочих', 'p NUM CF Факт', 'p NUM PL Факт', 'p NUM Капитализация', 'p NUM PL Архив', 'p NUM CF Архив', 'p NUM Загрузка справочников', 'p NUM ЦК ТД', 'p NUM HR PL', 'p NUM HR CF', 'p NUM CSP', 'p NUM CSP manual', 'p NUM capex проекты', 'p NUM PL расчет', 'p NUM CF расчет', 'p NUM форма opex', 'p NUM CSP manual ЦФО', 'p NUM Аллокация HR и ТД', 'p NUM ExtraGap', 'p NUM список LAM и KeyClient', 'p NUM импорт 1C UH', 'p NUM импорт CRM NEW', 'p.NUM IMPORT vCPU new', 'p NUM Мультикарта', 'p NUM Тарифы', 'p NUM Мэппинг для определения БК', 'p NUM Контрагенты 1С УХ', 'p NUM Факт по капитализации', 'Исходные данные CRM'.'Номер строки', 'Исходные данные CRM'.'Номер строки NUM', 'План расходов ТД'.'Номер строки', 'ML01.03.03 Versions'.нумератор, 'ML01.03.04 NUM для версий'.Предыдущий, 'ML01.03.04 NUM для версий'.Следующий, 'ML01.03.04 NUM для версий'.Нумератор, 'Импорт факта УК PL'.'Номер строки', 'Импорт факта УК CF'.'Номер строки', 'M05.02.08 REPORT Детализация PL с версиями'.'Номер строки расчетный', 'M05.03.05 REPORT Детализация CF с версиями'.'Номер строки расчетный', 'Импорт HR PL'.Нумератор, 'Импорт HR CF'.Нумератор, 'M96.01 Архивация данных PL'.'Номер строки', 'M96.02 Архивация данных CF'.'Номер строки', 'Импорт справочников'.'Номер NUM', 'Детализация Capex'.Нумератор, 'Нормализация чистой прибыли (Исключаемые данные)'.'Номер строки', 'Импорт Расходы ЦСП'.'Номер строки', 'M02.02.06 IMPORT 1С:УХ ручной слой'.Нумератор, 'M02.02.02 IMPORT CRM все направления, кроме ВГО, ручной слой'.Нумератор, 'M02.02.02 IMPORT CRM все направления, кроме ВГО, ручной слой'.'Номер строки', 'M02.02.04 IMPORT CRM ВГО ручной слой'.Нумератор, 'M02.02.04 IMPORT CRM ВГО ручной слой'.'Номер строки', 'M02.02.01 IMPORT CRM все направления, кроме ВГО, Тех. слой'.Нумератор, 'M02.02.01 IMPORT CRM все направления, кроме ВГО, Тех. слой'.'Номер строки', 'M02.02.03 IMPORT CRM ВГО Тех. слой'.Нумератор, 'M02.02.03 IMPORT CRM ВГО Тех. слой'.'Номер строки', 'M02.02.05 IMPORT 1С:УХ Тех. слой'.Нумератор, 'M02.02.11 IMPORT План расходов ТД CRM и EG'.'Номер строки', 'M02.02.16 IMPORT CRM, общий слой'.'Номер строки', 'M02.02.19 IMPORT vCPU new'.Нумератор";499600;0.0037223100662231;;129000000002;true;;;NUMBER('129000000593');"NUMBER('Нумератор текст')";
"Первый элемент";;"{""dataType"":""BOOLEAN"",""horizontalAlign"":""CENTER"",""verticalAlign"":""CENTER""}";;;None;;true;"{""storageType"":""PLANAR"",""recalculateAll"":true}";;499600;0.00093057751655579;;129000000249;true;;;;;
"p NUM импорт CRM NEW";"'Нумератор' <= 'M01.02.03 Количество строк'.'Количество строк CRM NEW расчетное' + 50";"{""dataType"":""BOOLEAN"",""horizontalAlign"":""CENTER"",""verticalAlign"":""CENTER""}";;;None;;true;"{""storageType"":""PLANAR"",""recalculateAll"":true}";"'Фильтр CRM NEW'";499600;0.00093057751655579;;129000000809;true;;;"'129000000002' <= '310000014542'+50";"'Нумератор' <= 'M01.02.03 Количество строк'.'Количество строк CRM NEW расчетное' + 50";
"p NUM импорт CRM";"'Нумератор' <= 'M01.02.03 Количество строк'.'Количество строк CRM расчетное' + 50";"{""dataType"":""BOOLEAN"",""horizontalAlign"":""CENTER"",""verticalAlign"":""CENTER""}";;;None;;true;"{""storageType"":""PLANAR"",""recalculateAll"":true}";"'Фильтр CRM'";499600;0.00093057751655579;;129000000003;true;;;"'129000000002' <= '310000014543'+50";"'Нумератор' <= 'M01.02.03 Количество строк'.'Количество строк CRM расчетное' + 50";
"p NUM импорт 1C UH";"'Нумератор' <= 'M01.02.03 Количество строк'.'Количество строк 1C UH расчетное' + 50";"{""dataType"":""BOOLEAN"",""horizontalAlign"":""CENTER"",""verticalAlign"":""CENTER""}";;;None;;true;"{""storageType"":""PLANAR"",""recalculateAll"":true}";"'Фильтр 1C UH'";499600;0.00093057751655579;;129000000808;true;;;"'129000000002' <= '310000014544'+50";"'Нумератор' <= 'M01.02.03 Количество строк'.'Количество строк 1C UH расчетное' + 50";
"p NUM План расходов ТД";"'Нумератор' <= 'M01.02.03 Количество строк'.'Количество строк План расходов ТД'";"{""dataType"":""BOOLEAN"",""horizontalAlign"":""CENTER"",""verticalAlign"":""CENTER""}";"'Нумератор' <= 'Количество строк'.'Количество строк План расходов ТД' + 50";;None;;true;"{""storageType"":""PLANAR"",""recalculateAll"":true}";"'Фильтр План расходов ТД'";499600;0.00093057751655579;;129000000062;true;;;"'129000000002' <= '310000000767'";"'Нумератор' <= 'M01.02.03 Количество строк'.'Количество строк План расходов ТД'";
"p NUM Сегментация прочих";"'Нумератор' < 500";"{""dataType"":""BOOLEAN"",""horizontalAlign"":""CENTER"",""verticalAlign"":""CENTER""}";;;None;;true;"{""storageType"":""PLANAR"",""recalculateAll"":true}";;499600;0.00093057751655579;;129000000086;true;;;"'129000000002' < 500";"'Нумератор' < 500";
"p NUM CF Факт";"'Нумератор' <= 'M01.02.03 Количество строк'.'Количество строк УК Факт CF Итог'";"{""dataType"":""BOOLEAN"",""horizontalAlign"":""CENTER"",""verticalAlign"":""CENTER""}";;;None;;true;"{""storageType"":""PLANAR"",""recalculateAll"":true}";"'Фильтр CF Факт'";499600;0.00093057751655579;;129000000203;true;;;"'129000000002' <= '310000005120'";"'Нумератор' <= 'M01.02.03 Количество строк'.'Количество строк УК Факт CF Итог'";
"p NUM PL Факт";"'Нумератор' <= 'M01.02.03 Количество строк'.'Количество строк УК Факт PL Итог'";"{""dataType"":""BOOLEAN"",""horizontalAlign"":""CENTER"",""verticalAlign"":""CENTER""}";;;None;;true;"{""storageType"":""PLANAR"",""recalculateAll"":true}";"'Фильтр PL Факт'";499600;0.00093057751655579;;129000000204;true;;;"'129000000002' <= '310000005119'";"'Нумератор' <= 'M01.02.03 Количество строк'.'Количество строк УК Факт PL Итог'";
"p NUM PL Архив";"'Нумератор' <= 'M01.02.03 Количество строк'.'Количество строк PL Архив (расчетное)'";"{""dataType"":""BOOLEAN"",""horizontalAlign"":""CENTER"",""verticalAlign"":""CENTER""}";;;None;;true;"{""storageType"":""PLANAR"",""recalculateAll"":true}";"'Фильтр PL Архив'";499600;0.00093057751655579;;129000000268;true;;;"'129000000002' <= '310000004884'";"'Нумератор' <= 'M01.02.03 Количество строк'.'Количество строк PL Архив (расчетное)'";
"p NUM CF Архив";"'Нумератор' <= 'M01.02.03 Количество строк'.'Количество строк CF Архив (расчетное)'";"{""dataType"":""BOOLEAN"",""horizontalAlign"":""CENTER"",""verticalAlign"":""CENTER""}";;;None;;true;"{""storageType"":""PLANAR"",""recalculateAll"":true}";"'Фильтр CF Архив'";499600;0.00093057751655579;;129000000271;true;;;"'129000000002' <= '310000004886'";"'Нумератор' <= 'M01.02.03 Количество строк'.'Количество строк CF Архив (расчетное)'";
"p NUM PL расчет";"'Нумератор' <= 'M01.02.03 Количество строк'.'Количество строк PL расчет итог'";"{""dataType"":""BOOLEAN"",""horizontalAlign"":""CENTER"",""verticalAlign"":""CENTER""}";;;None;;true;"{""storageType"":""PLANAR"",""recalculateAll"":true}";"'Фильтр PL расчет'";499600;0.00093057751655579;;129000000383;true;;;"'129000000002' <= '310000003316'";"'Нумератор' <= 'M01.02.03 Количество строк'.'Количество строк PL расчет итог'";
"p NUM CF расчет";"'Нумератор' <= 'M01.02.03 Количество строк'.'Количество строк CF расчет итог'";"{""dataType"":""BOOLEAN"",""horizontalAlign"":""CENTER"",""verticalAlign"":""CENTER""}";;;None;;true;"{""storageType"":""PLANAR"",""recalculateAll"":true}";"'Фильтр CF расчет'";499600;0.00093057751655579;;129000000384;true;;;"'129000000002' <= '310000003317'";"'Нумератор' <= 'M01.02.03 Количество строк'.'Количество строк CF расчет итог'";
"p NUM Капитализация";"'Нумератор' <= 'M01.02.03 Количество строк'.'Количество строк Капитализация'";"{""dataType"":""BOOLEAN"",""horizontalAlign"":""CENTER"",""verticalAlign"":""CENTER""}";;;None;;true;"{""storageType"":""PLANAR"",""recalculateAll"":true}";"'Фильтр Капитализация'";499600;0.00093057751655579;;129000000220;true;;;"'129000000002' <= '310000001624'";"'Нумератор' <= 'M01.02.03 Количество строк'.'Количество строк Капитализация'";
"p NUM Загрузка справочников";"'Нумератор' <= 'M01.02.03 Количество строк'.'Количество строк Загрузка справочников'";"{""dataType"":""BOOLEAN"",""horizontalAlign"":""CENTER"",""verticalAlign"":""CENTER""}";;;None;;true;"{""storageType"":""PLANAR"",""recalculateAll"":true}";"'Фильтр Загрузка справочников'";499600;0.00093057751655579;;129000000275;true;;;"'129000000002' <= '310000002711'";"'Нумератор' <= 'M01.02.03 Количество строк'.'Количество строк Загрузка справочников'";
"p NUM ЦК ТД";"'Нумератор' <= 'M98.02 Селектор для сравнения версия PL/CF'.'Максимум ЦК на сделку в ТД'";"{""dataType"":""BOOLEAN"",""horizontalAlign"":""CENTER"",""verticalAlign"":""CENTER""}";;;None;;true;"{""storageType"":""PLANAR"",""recalculateAll"":true}";"'Фильтр ЦК ТД'";499600;0.00093057751655579;;129000000296;true;;;"'129000000002' <= '386000002835'";"'Нумератор' <= 'M98.02 Селектор для сравнения версия PL/CF'.'Максимум ЦК на сделку в ТД'";
"p NUM HR PL";"'Нумератор' <= MAX('M01.02.03 Количество строк'.'Количество строк PL HR', 'M01.02.03 Количество строк'.'Количество строк PL HR ручной ввод', 'M01.02.03 Количество строк'.'Количество строк PL HR текущее')";"{""dataType"":""BOOLEAN"",""horizontalAlign"":""CENTER"",""verticalAlign"":""CENTER""}";"'Нумератор' <= MAX('M01.02.03 Количество строк'.'Количество строк PL HR', 'M01.02.03 Количество строк'.'Количество строк PL HR ручной ввод', 'M01.02.03 Количество строк'.'Количество строк PL HR текущее')";;None;;true;"{""storageType"":""PLANAR"",""recalculateAll"":true}";"'Фильтр HR PL'";499600;0.00093057751655579;;129000000298;true;;;"'129000000002' <= MAX('310000002208', '310000004648', '310000005213')";"'Нумератор' <= MAX('M01.02.03 Количество строк'.'Количество строк PL HR', 'M01.02.03 Количество строк'.'Количество строк PL HR ручной ввод', 'M01.02.03 Количество строк'.'Количество строк PL HR текущее')";
"p NUM HR CF";"'Нумератор' <= MAX('M01.02.03 Количество строк'.'Количество строк CF HR', 'M01.02.03 Количество строк'.'Количество строк CF HR текущее')";"{""dataType"":""BOOLEAN"",""horizontalAlign"":""CENTER"",""verticalAlign"":""CENTER""}";"'Нумератор' <= MAX('M01.02.03 Количество строк'.'Количество строк CF HR', 'M01.02.03 Количество строк'.'Количество строк CF HR текущее')";;None;;true;"{""storageType"":""PLANAR"",""recalculateAll"":true}";"'Фильтр HR CF'";499600;0.00093057751655579;;129000000299;true;;;"'129000000002' <= MAX('310000002209', '310000005214')";"'Нумератор' <= MAX('M01.02.03 Количество строк'.'Количество строк CF HR', 'M01.02.03 Количество строк'.'Количество строк CF HR текущее')";
"p NUM CSP";"'Нумератор' <= MAX('M01.02.03 Количество строк'.'Количество строк CSP', 'M01.02.03 Количество строк'.'Количество строк CSP есть данные')";"{""dataType"":""BOOLEAN"",""horizontalAlign"":""CENTER"",""verticalAlign"":""CENTER""}";"'Нумератор' <= MAX('Количество строк'.'Количество строк CSP', 'Количество строк'.'Количество строк CSP есть данные')";;None;;true;"{""storageType"":""PLANAR"",""recalculateAll"":true}";"'Фильтр CSP'";499600;0.00093057751655579;;129000000345;true;;;"'129000000002' <= MAX('310000003022', '310000004720')";"'Нумератор' <= MAX('M01.02.03 Количество строк'.'Количество строк CSP', 'M01.02.03 Количество строк'.'Количество строк CSP есть данные')";
"p NUM CSP manual";"'Нумератор' <= 'M01.02.03 Количество строк'.'Количество строк CSP ручной ввод'";"{""dataType"":""BOOLEAN"",""horizontalAlign"":""CENTER"",""verticalAlign"":""CENTER""}";;;None;;true;"{""storageType"":""PLANAR"",""recalculateAll"":true}";"'Фильтр CSP manual'";499600;0.00093057751655579;;129000000347;true;;;"'129000000002' <= '310000003023'";"'Нумератор' <= 'M01.02.03 Количество строк'.'Количество строк CSP ручной ввод'";
"p NUM CSP manual ЦФО";"'Нумератор' <= 'M01.02.03 Количество строк'.'Количество строк CSP ручной ввод ЦФО'";"{""dataType"":""BOOLEAN"",""horizontalAlign"":""CENTER"",""verticalAlign"":""CENTER""}";;;None;;true;"{""storageType"":""PLANAR"",""recalculateAll"":true}";"'Фильтр CSP manual ЦФО'";499600;0.00093057751655579;;129000000647;true;;;"'129000000002' <= '310000006685'";"'Нумератор' <= 'M01.02.03 Количество строк'.'Количество строк CSP ручной ввод ЦФО'";
"p NUM capex проекты";"'Нумератор' <= 'M01.02.03 Количество строк'.'Количество строк capex проекты'";"{""dataType"":""BOOLEAN"",""horizontalAlign"":""CENTER"",""verticalAlign"":""CENTER""}";;;None;;true;"{""storageType"":""PLANAR"",""recalculateAll"":true}";"'Фильтр capex проекты'";499600;0.00093057751655579;;129000000372;true;;;"'129000000002' <= '310000003164'";"'Нумератор' <= 'M01.02.03 Количество строк'.'Количество строк capex проекты'";
"p NUM форма opex";"'Нумератор' <= MAX('M01.02.03 Количество строк'.'Количество строк opex', 'M01.02.03 Количество строк'.'Количество строк opex текущее')";"{""dataType"":""BOOLEAN"",""horizontalAlign"":""CENTER"",""verticalAlign"":""CENTER""}";;;None;;true;"{""storageType"":""PLANAR"",""recalculateAll"":true}";"'Фильтр форма opex'";499600;0.00093057751655579;;129000000488;true;;;"'129000000002' <= MAX('310000005243', '310000005244')";"'Нумератор' <= MAX('M01.02.03 Количество строк'.'Количество строк opex', 'M01.02.03 Количество строк'.'Количество строк opex текущее')";
"p NUM Аллокация HR и ТД";"'Нумератор' <= 'M01.02.03 Количество строк'.'Количество строк Аллокация HR и ТД'";"{""dataType"":""BOOLEAN"",""horizontalAlign"":""CENTER"",""verticalAlign"":""CENTER""}";;;None;;true;"{""storageType"":""PLANAR"",""recalculateAll"":true}";"'Фильтр Аллокация HR и ТД'";499600;0.00093057751655579;;129000000756;true;;;"'129000000002' <=  '310000010550'";"'Нумератор' <= 'M01.02.03 Количество строк'.'Количество строк Аллокация HR и ТД'";
"p NUM ExtraGap";"'Нумератор' <= 'M01.02.03 Количество строк'.'Количество строк ExtraGap'";"{""dataType"":""BOOLEAN"",""horizontalAlign"":""CENTER"",""verticalAlign"":""CENTER""}";;;None;;true;"{""storageType"":""PLANAR"",""recalculateAll"":true}";"'Фильтр ExtraGap'";499600;0.00093057751655579;;129000000776;true;;;"'129000000002' <= '310000011469'";"'Нумератор' <= 'M01.02.03 Количество строк'.'Количество строк ExtraGap'";
"p NUM список LAM и KeyClient";"'Нумератор' <= 'M01.02.03 Количество строк'.'Количество строк LAM и KeyClient'";"{""dataType"":""BOOLEAN"",""horizontalAlign"":""CENTER"",""verticalAlign"":""CENTER""}";;;None;;true;"{""storageType"":""PLANAR"",""recalculateAll"":true}";"'Фильтр Список LAM и KeyClient'";499600;0.00093057751655579;;129000000790;true;;;"'129000000002' <=  '310000011795'";"'Нумератор' <= 'M01.02.03 Количество строк'.'Количество строк LAM и KeyClient'";
"p.NUM IMPORT vCPU new";"'Нумератор' <= 'M01.02.03 Количество строк'.'Количество строк IMPORT vCPU new'";"{""dataType"":""BOOLEAN"",""horizontalAlign"":""CENTER"",""verticalAlign"":""CENTER""}";;;None;;true;"{""storageType"":""PLANAR"",""recalculateAll"":true}";"'Фильтр IMPORT vCPU new'";499600;0.00093057751655579;;129000000833;true;;;"'129000000002' <=  '310000016597'";"'Нумератор' <= 'M01.02.03 Количество строк'.'Количество строк IMPORT vCPU new'";
"p NUM Мультикарта";"'Нумератор' <= 'M01.02.03 Количество строк'.'Количество строк Мультикарта'";"{""dataType"":""BOOLEAN"",""horizontalAlign"":""CENTER"",""verticalAlign"":""CENTER""}";;;None;;true;"{""storageType"":""PLANAR"",""recalculateAll"":true}";"'Фильтр Мультикарта'";499600;0.00093057751655579;;129000000865;true;;;"'129000000002' <= '310000016046'";"'Нумератор' <= 'M01.02.03 Количество строк'.'Количество строк Мультикарта'";
"p NUM Тарифы";"'Нумератор' <= 6000";"{""dataType"":""BOOLEAN"",""horizontalAlign"":""CENTER"",""verticalAlign"":""CENTER""}";;;None;;true;"{""storageType"":""PLANAR"",""recalculateAll"":true}";"'Фильтр Тарифы'";499600;0.00093057751655579;;129000000866;true;;;"'129000000002' <= 6000";"'Нумератор' <= 6000";
"p NUM Мэппинг для определения БК";"'Нумератор' <= 'M01.02.03 Количество строк'.'Количество строк Мэппинг для определения БК'";"{""dataType"":""BOOLEAN"",""horizontalAlign"":""CENTER"",""verticalAlign"":""CENTER""}";;;None;;true;"{""storageType"":""PLANAR"",""recalculateAll"":true}";"'Фильтр Мэппинг для определения БК'";499600;0.00093057751655579;;129000000884;true;;;"'129000000002' <= '310000016712'";"'Нумератор' <= 'M01.02.03 Количество строк'.'Количество строк Мэппинг для определения БК'";
"p NUM Контрагенты 1С УХ";"'Нумератор' <= 'M01.02.03 Количество строк'.'Количество строк Контрагенты 1С УХ' + 5";"{""dataType"":""BOOLEAN"",""horizontalAlign"":""CENTER"",""verticalAlign"":""CENTER""}";;;None;;true;"{""storageType"":""PLANAR"",""recalculateAll"":true}";"'Фильтр Контрагенты 1С УХ'";499600;0.00093057751655579;;129000000913;true;;;"'129000000002' <= '310000017784' + 5";"'Нумератор' <= 'M01.02.03 Количество строк'.'Количество строк Контрагенты 1С УХ' + 5";
"p NUM Факт по капитализации";"'Нумератор' <= 'M01.02.03 Количество строк'.'Количество строк Факт по капитализации' + 5";"{""dataType"":""BOOLEAN"",""horizontalAlign"":""CENTER"",""verticalAlign"":""CENTER""}";;;None;;true;"{""storageType"":""PLANAR"",""recalculateAll"":true}";"'Фильтр Факт по капитализации'";499600;0.00093057751655579;;129000000940;true;;;"'129000000002' <=  '310000017818' + 5";"'Нумератор' <= 'M01.02.03 Количество строк'.'Количество строк Факт по капитализации' + 5";
"Фильтр CRM NEW";"'p NUM импорт CRM NEW' AND NOT IN_DIMENSION('s NUM импорт CRM NEW')";"{""dataType"":""BOOLEAN"",""horizontalAlign"":""CENTER"",""verticalAlign"":""CENTER""}";;;None;;true;"{""storageType"":""PLANAR"",""recalculateAll"":true}";;499600;0.00093057751655579;;129000000810;true;;;"'129000000809' AND NOT IN_DIMENSION('109000000156')";"'p NUM импорт CRM NEW' AND NOT IN_DIMENSION('s NUM импорт CRM NEW')";
"Фильтр CRM";"'p NUM импорт CRM' AND NOT IN_DIMENSION('s NUM импорт CRM')";"{""dataType"":""BOOLEAN"",""horizontalAlign"":""CENTER"",""verticalAlign"":""CENTER""}";;;None;;true;"{""storageType"":""PLANAR"",""recalculateAll"":true}";;499600;0.00093057751655579;;129000000811;true;;;"'129000000003' AND NOT IN_DIMENSION('109000000001')";"'p NUM импорт CRM' AND NOT IN_DIMENSION('s NUM импорт CRM')";
"Фильтр 1C UH";"'p NUM импорт 1C UH' AND NOT IN_DIMENSION('s NUM импорт 1C UH')";"{""dataType"":""BOOLEAN"",""horizontalAlign"":""CENTER"",""verticalAlign"":""CENTER""}";;;None;;true;"{""storageType"":""PLANAR"",""recalculateAll"":true}";;499600;0.00093057751655579;;129000000812;true;;;"'129000000808' AND NOT IN_DIMENSION('109000000180')";"'p NUM импорт 1C UH' AND NOT IN_DIMENSION('s NUM импорт 1C UH')";
"Фильтр PL Факт";"'p NUM PL Факт' AND NOT IN_DIMENSION('s NUM PL Факт')";"{""dataType"":""BOOLEAN"",""horizontalAlign"":""CENTER"",""verticalAlign"":""CENTER""}";"NOT ('p NUM PL Факт' AND IN_DIMENSION('s NUM PL Факт')) AND 'p NUM PL Факт' OR NOT (IN_DIMENSION('s NUM PL Факт') AND 'p NUM PL Факт') AND IN_DIMENSION('s NUM PL Факт')";;None;;true;"{""storageType"":""PLANAR"",""recalculateAll"":true}";;499600;0.00093057751655579;;129000000205;true;;;"'129000000204' AND NOT IN_DIMENSION('109000000054')";"'p NUM PL Факт' AND NOT IN_DIMENSION('s NUM PL Факт')";
"Фильтр CF Факт";"'p NUM CF Факт' AND NOT IN_DIMENSION('s NUM CF Факт')";"{""dataType"":""BOOLEAN"",""horizontalAlign"":""CENTER"",""verticalAlign"":""CENTER""}";"NOT ('p NUM CF Факт' AND IN_DIMENSION('s NUM CF Факт')) AND 'p NUM CF Факт' OR NOT (IN_DIMENSION('s NUM CF Факт') AND 'p NUM CF Факт') AND IN_DIMENSION('s NUM CF Факт')";;None;;true;"{""storageType"":""PLANAR"",""recalculateAll"":true}";;499600;0.00093057751655579;;129000000206;true;;;"'129000000203' AND NOT IN_DIMENSION('109000000053')";"'p NUM CF Факт' AND NOT IN_DIMENSION('s NUM CF Факт')";
"Фильтр PL Архив";"'p NUM PL Архив' AND NOT IN_DIMENSION('s NUM PL Архив')";"{""dataType"":""BOOLEAN"",""horizontalAlign"":""CENTER"",""verticalAlign"":""CENTER""}";"NOT ('p NUM PL F1' AND IN_DIMENSION('s NUM PL F1')) AND 'p NUM PL F1' OR NOT (IN_DIMENSION('s NUM PL F1') AND 'p NUM PL F1') AND IN_DIMENSION('s NUM PL F1')";;None;;true;"{""storageType"":""PLANAR"",""recalculateAll"":true}";;499600;0.00093057751655579;;129000000269;true;;;"'129000000268' AND NOT IN_DIMENSION('109000000067')";"'p NUM PL Архив' AND NOT IN_DIMENSION('s NUM PL Архив')";
"Фильтр CF Архив";"'p NUM CF Архив' AND NOT IN_DIMENSION('s NUM CF Архив')";"{""dataType"":""BOOLEAN"",""horizontalAlign"":""CENTER"",""verticalAlign"":""CENTER""}";"NOT ('p NUM CF F1' AND IN_DIMENSION('s NUM CF F1')) AND 'p NUM CF F1' OR NOT (IN_DIMENSION('s NUM CF F1') AND 'p NUM CF F1') AND IN_DIMENSION('s NUM CF F1')Детализация c версиями CF";;None;;true;"{""storageType"":""PLANAR"",""recalculateAll"":true}";;499600;0.00093057751655579;;129000000270;true;;;"'129000000271' AND NOT IN_DIMENSION('109000000068')";"'p NUM CF Архив' AND NOT IN_DIMENSION('s NUM CF Архив')";
"Фильтр PL расчет";"'p NUM PL расчет' AND NOT IN_DIMENSION('s NUM PL расчет')";"{""dataType"":""BOOLEAN"",""horizontalAlign"":""CENTER"",""verticalAlign"":""CENTER""}";"NOT ('p NUM PL расчет' AND IN_DIMENSION('s NUM PL расчет')) AND 'p NUM PL расчет' OR NOT (IN_DIMENSION('s NUM PL расчет') AND 'p NUM PL расчет') AND IN_DIMENSION('s NUM PL расчет')";;None;;true;"{""storageType"":""PLANAR"",""recalculateAll"":true}";;499600;0.00093057751655579;;129000000387;true;;;"'129000000383' AND NOT IN_DIMENSION('109000000091')";"'p NUM PL расчет' AND NOT IN_DIMENSION('s NUM PL расчет')";
"Фильтр CF расчет";"'p NUM CF расчет' AND NOT IN_DIMENSION('s NUM CF расчет')";"{""dataType"":""BOOLEAN"",""horizontalAlign"":""CENTER"",""verticalAlign"":""CENTER""}";"NOT ('p NUM CF расчет' AND IN_DIMENSION('s NUM CF расчет')) AND 'p NUM CF расчет' OR NOT (IN_DIMENSION('s NUM CF расчет') AND 'p NUM CF расчет') AND IN_DIMENSION('s NUM CF расчет')";;None;;true;"{""storageType"":""PLANAR"",""recalculateAll"":true}";;499600;0.00093057751655579;;129000000388;true;;;"'129000000384' AND NOT IN_DIMENSION('109000000092')";"'p NUM CF расчет' AND NOT IN_DIMENSION('s NUM CF расчет')";
"Фильтр Капитализация";"'p NUM Капитализация' AND NOT IN_DIMENSION('s NUM Капитализация')";"{""dataType"":""BOOLEAN"",""horizontalAlign"":""CENTER"",""verticalAlign"":""CENTER""}";"NOT ('p NUM Капитализация' AND IN_DIMENSION('s NUM Капитализация')) AND 'p NUM Капитализация' OR NOT (IN_DIMENSION('s NUM Капитализация') AND 'p NUM Капитализация') AND IN_DIMENSION('s NUM Капитализация')";;None;;true;"{""storageType"":""PLANAR"",""recalculateAll"":true}";;499600;0.00093057751655579;;129000000221;true;;;"'129000000220' AND NOT IN_DIMENSION('109000000055')";"'p NUM Капитализация' AND NOT IN_DIMENSION('s NUM Капитализация')";
"Фильтр План расходов ТД";"'p NUM План расходов ТД' AND NOT IN_DIMENSION('s NUM План расходов ТД')";"{""dataType"":""BOOLEAN"",""horizontalAlign"":""CENTER"",""verticalAlign"":""CENTER""}";"NOT ('p NUM План расходов ТД' AND IN_DIMENSION('s NUM План расходов ТД')) AND 'p NUM План расходов ТД' OR NOT (IN_DIMENSION('s NUM План расходов ТД') AND 'p NUM План расходов ТД') AND IN_DIMENSION('s NUM План расходов ТД')";;None;;true;"{""storageType"":""PLANAR"",""recalculateAll"":true}";;499600;0.00093057751655579;;129000000093;true;;;"'129000000062' AND NOT IN_DIMENSION('109000000016')";"'p NUM План расходов ТД' AND NOT IN_DIMENSION('s NUM План расходов ТД')";
"Фильтр Загрузка справочников";"'p NUM Загрузка справочников' AND NOT IN_DIMENSION('s NUM Загрузка справочников')";"{""dataType"":""BOOLEAN"",""horizontalAlign"":""CENTER"",""verticalAlign"":""CENTER""}";"NOT ('p NUM Загрузка справочников' AND IN_DIMENSION('s NUM Загрузка справочников')) AND 'p NUM Загрузка справочников' OR NOT (IN_DIMENSION('s NUM Загрузка справочников') AND 'p NUM Загрузка справочников') AND IN_DIMENSION('s NUM Загрузка справочников')";;None;;true;"{""storageType"":""PLANAR"",""recalculateAll"":true}";;499600;0.00093057751655579;;129000000276;true;;;"'129000000275' AND NOT IN_DIMENSION('109000000069')";"'p NUM Загрузка справочников' AND NOT IN_DIMENSION('s NUM Загрузка справочников')";
"Фильтр ЦК ТД";"'p NUM ЦК ТД' AND NOT IN_DIMENSION('s NUM ЦК ТД')";"{""dataType"":""BOOLEAN"",""horizontalAlign"":""CENTER"",""verticalAlign"":""CENTER""}";"NOT ('p NUM ЦК ТД' AND IN_DIMENSION('s NUM ЦК ТД')) AND 'p NUM ЦК ТД' OR NOT (IN_DIMENSION('s NUM ЦК ТД') AND 'p NUM ЦК ТД') AND IN_DIMENSION('s NUM ЦК ТД')";;None;;true;"{""storageType"":""PLANAR"",""recalculateAll"":true}";;499600;0.00093057751655579;;129000000297;true;;;"'129000000296' AND NOT IN_DIMENSION('109000000075')";"'p NUM ЦК ТД' AND NOT IN_DIMENSION('s NUM ЦК ТД')";
"Фильтр HR PL";"'p NUM HR PL' AND NOT IN_DIMENSION('s NUM HR PL')";"{""dataType"":""BOOLEAN"",""horizontalAlign"":""CENTER"",""verticalAlign"":""CENTER""}";"NOT ('p NUM HR PL' AND IN_DIMENSION('s NUM HR PL')) AND 'p NUM HR PL' OR NOT (IN_DIMENSION('s NUM HR PL') AND 'p NUM HR PL') AND IN_DIMENSION('s NUM HR PL')";;None;;true;"{""storageType"":""PLANAR"",""recalculateAll"":true}";;499600;0.00093057751655579;;129000000300;true;;;"'129000000298' AND NOT IN_DIMENSION('109000000061')";"'p NUM HR PL' AND NOT IN_DIMENSION('s NUM HR PL')";
"Фильтр HR CF";"'p NUM HR CF' AND NOT IN_DIMENSION('s NUM HR CF')";"{""dataType"":""BOOLEAN"",""horizontalAlign"":""CENTER"",""verticalAlign"":""CENTER""}";"NOT ('p NUM HR CF' AND IN_DIMENSION('s NUM HR CF')) AND 'p NUM HR CF' OR NOT (IN_DIMENSION('s NUM HR CF') AND 'p NUM HR CF') AND IN_DIMENSION('s NUM HR CF')";;None;;true;"{""storageType"":""PLANAR"",""recalculateAll"":true}";;499600;0.00093057751655579;;129000000301;true;;;"'129000000299' AND NOT IN_DIMENSION('109000000062')";"'p NUM HR CF' AND NOT IN_DIMENSION('s NUM HR CF')";
"Фильтр CSP";"'p NUM CSP' AND NOT IN_DIMENSION('s NUM CSP')";"{""dataType"":""BOOLEAN"",""horizontalAlign"":""CENTER"",""verticalAlign"":""CENTER""}";"NOT ('p NUM CSP' AND IN_DIMENSION('s NUM CSP')) AND 'p NUM CSP' OR NOT (IN_DIMENSION('s NUM CSP') AND 'p NUM CSP') AND IN_DIMENSION('s NUM CSP')";;None;;true;"{""storageType"":""PLANAR"",""recalculateAll"":true}";;499600;0.00093057751655579;;129000000346;true;;;"'129000000345' AND NOT IN_DIMENSION('109000000083')";"'p NUM CSP' AND NOT IN_DIMENSION('s NUM CSP')";
"Фильтр CSP manual";"'p NUM CSP manual' AND NOT IN_DIMENSION('s NUM CSP manual')";"{""dataType"":""BOOLEAN"",""horizontalAlign"":""CENTER"",""verticalAlign"":""CENTER""}";"NOT ('p NUM CSP manual' AND IN_DIMENSION('s NUM CSP manual')) AND 'p NUM CSP manual' OR NOT (IN_DIMENSION('s NUM CSP manual') AND 'p NUM CSP manual') AND IN_DIMENSION('s NUM CSP manual')";;None;;true;"{""storageType"":""PLANAR"",""recalculateAll"":true}";;499600;0.00093057751655579;;129000000348;true;;;"'129000000347' AND NOT IN_DIMENSION('109000000084')";"'p NUM CSP manual' AND NOT IN_DIMENSION('s NUM CSP manual')";
"Фильтр CSP manual ЦФО";"'p NUM CSP manual ЦФО' AND NOT IN_DIMENSION('s NUM CSP manual ЦФО')";"{""dataType"":""BOOLEAN"",""horizontalAlign"":""CENTER"",""verticalAlign"":""CENTER""}";"NOT ('p NUM CSP manual ЦФО' AND IN_DIMENSION('s NUM CSP manual ЦФО')) AND 'p NUM CSP manual ЦФО' OR NOT (IN_DIMENSION('s NUM CSP manual ЦФО') AND 'p NUM CSP manual ЦФО') AND IN_DIMENSION('s NUM CSP manual ЦФО')";;None;;true;"{""storageType"":""PLANAR"",""recalculateAll"":true}";;499600;0.00093057751655579;;129000000648;true;;;"'129000000647' AND NOT IN_DIMENSION('109000000137')";"'p NUM CSP manual ЦФО' AND NOT IN_DIMENSION('s NUM CSP manual ЦФО')";
"Фильтр capex проекты";"'p NUM capex проекты' AND NOT IN_DIMENSION('s NUM capex проекты')";"{""dataType"":""BOOLEAN"",""horizontalAlign"":""CENTER"",""verticalAlign"":""CENTER""}";"NOT ('p NUM capex проекты' AND IN_DIMENSION('s NUM capex проекты')) AND 'p NUM capex проекты' OR NOT (IN_DIMENSION('s NUM capex проекты') AND 'p NUM capex проекты') AND IN_DIMENSION('s NUM capex проекты')";;None;;true;"{""storageType"":""PLANAR"",""recalculateAll"":true}";;499600;0.00093057751655579;;129000000373;true;;;"'129000000372' AND NOT IN_DIMENSION('109000000086')";"'p NUM capex проекты' AND NOT IN_DIMENSION('s NUM capex проекты')";
"Фильтр форма opex";"'p NUM форма opex' AND NOT IN_DIMENSION('s NUM форма opex')";"{""dataType"":""BOOLEAN"",""horizontalAlign"":""CENTER"",""verticalAlign"":""CENTER""}";"NOT ('p NUM форма opex' AND IN_DIMENSION('s NUM форма opex')) AND 'p NUM форма opex' OR NOT (IN_DIMENSION('s NUM форма opex') AND 'p NUM форма opex') AND IN_DIMENSION('s NUM форма opex')";;None;;true;"{""storageType"":""PLANAR"",""recalculateAll"":true}";;499600;0.00093057751655579;;129000000489;true;;;"'129000000488' AND NOT IN_DIMENSION('109000000121')";"'p NUM форма opex' AND NOT IN_DIMENSION('s NUM форма opex')";
"Фильтр Аллокация HR и ТД";"'p NUM Аллокация HR и ТД' AND NOT IN_DIMENSION('s NUM Аллокация HR и ТД')";"{""dataType"":""BOOLEAN"",""horizontalAlign"":""CENTER"",""verticalAlign"":""CENTER""}";"NOT ('p NUM Аллокация HR и ТД' AND IN_DIMENSION('s NUM Аллокация HR и ТД')) AND 'p NUM Аллокация HR и ТД' OR NOT (IN_DIMENSION('s NUM Аллокация HR и ТД') AND 'p NUM Аллокация HR и ТД') AND IN_DIMENSION('s NUM Аллокация HR и ТД')";;None;;true;"{""storageType"":""PLANAR"",""recalculateAll"":true}";;499600;0.00093057751655579;;129000000757;true;;;"'129000000756' AND NOT IN_DIMENSION('109000000157')";"'p NUM Аллокация HR и ТД' AND NOT IN_DIMENSION('s NUM Аллокация HR и ТД')";
"Фильтр ExtraGap";"'p NUM ExtraGap' AND NOT IN_DIMENSION('s NUM ExtraGap')";"{""dataType"":""BOOLEAN"",""horizontalAlign"":""CENTER"",""verticalAlign"":""CENTER""}";"NOT ('p NUM ExtraGap' AND IN_DIMENSION('s NUM ExtraGap')) AND 'p NUM ExtraGap' OR NOT (IN_DIMENSION('s NUM ExtraGap') AND 'p NUM ExtraGap') AND IN_DIMENSION('s NUM ExtraGap')";;None;;true;"{""storageType"":""PLANAR"",""recalculateAll"":true}";;499600;0.00093057751655579;;129000000777;true;;;"'129000000776' AND NOT IN_DIMENSION('109000000161')";"'p NUM ExtraGap' AND NOT IN_DIMENSION('s NUM ExtraGap')";
"Фильтр Список LAM и KeyClient";"'p NUM список LAM и KeyClient' AND NOT IN_DIMENSION('s.NUM список LAM и KeyClient')";"{""dataType"":""BOOLEAN"",""horizontalAlign"":""CENTER"",""verticalAlign"":""CENTER""}";"NOT ('p NUM список LAM и KeyClient' AND IN_DIMENSION('s.NUM список LAM и KeyClient')) AND 'p NUM список LAM и KeyClient' OR NOT (IN_DIMENSION('s.NUM список LAM и KeyClient') AND 'p NUM список LAM и KeyClient') AND IN_DIMENSION('s.NUM список LAM и KeyClient')";;None;;true;"{""storageType"":""PLANAR"",""recalculateAll"":true}";;499600;0.00093057751655579;;129000000791;true;;;"'129000000790'  AND NOT IN_DIMENSION( '109000000169' )";"'p NUM список LAM и KeyClient' AND NOT IN_DIMENSION('s.NUM список LAM и KeyClient')";
"Фильтр Тарифы";"'p NUM Тарифы' AND NOT IN_DIMENSION('s NUM Тарифы')";"{""dataType"":""BOOLEAN"",""horizontalAlign"":""CENTER"",""verticalAlign"":""CENTER""}";;;None;;true;"{""storageType"":""PLANAR"",""recalculateAll"":true}";;499600;0.00093057751655579;;129000000867;true;;;"'129000000866' AND NOT IN_DIMENSION('109000000192')";"'p NUM Тарифы' AND NOT IN_DIMENSION('s NUM Тарифы')";
"Фильтр Мультикарта";"'p NUM Мультикарта' AND NOT IN_DIMENSION('s. NUM Мультикарта')";"{""dataType"":""BOOLEAN"",""horizontalAlign"":""CENTER"",""verticalAlign"":""CENTER""}";;;None;;true;"{""storageType"":""PLANAR"",""recalculateAll"":true}";;499600;0.00093057751655579;;129000000870;true;;;"'129000000865' AND NOT IN_DIMENSION('109000000191')
";"'p NUM Мультикарта' AND NOT IN_DIMENSION('s. NUM Мультикарта')";
"Фильтр IMPORT vCPU new";"'p.NUM IMPORT vCPU new' AND NOT IN_DIMENSION('s.NUM IMPORT vCPU new')";"{""dataType"":""BOOLEAN"",""horizontalAlign"":""CENTER"",""verticalAlign"":""CENTER""}";;;None;;true;"{""storageType"":""PLANAR"",""recalculateAll"":true}";;499600;0.00093057751655579;;129000000881;true;;;"'129000000833' AND NOT IN_DIMENSION( '109000000189' )";"'p.NUM IMPORT vCPU new' AND NOT IN_DIMENSION('s.NUM IMPORT vCPU new')";
"Фильтр Мэппинг для определения БК";"'p NUM Мэппинг для определения БК' AND NOT IN_DIMENSION('s NUM Мэппинг для определения БК')";"{""dataType"":""BOOLEAN"",""horizontalAlign"":""CENTER"",""verticalAlign"":""CENTER""}";;;None;;true;"{""storageType"":""PLANAR"",""recalculateAll"":true}";;499600;0.00093057751655579;;129000000885;true;;;"'129000000884'  AND NOT IN_DIMENSION( '109000000203' )";"'p NUM Мэппинг для определения БК' AND NOT IN_DIMENSION('s NUM Мэппинг для определения БК')";
"Фильтр Контрагенты 1С УХ";"'p NUM Контрагенты 1С УХ' AND NOT IN_DIMENSION('s NUM Контрагенты 1С УХ')";"{""dataType"":""BOOLEAN"",""horizontalAlign"":""CENTER"",""verticalAlign"":""CENTER""}";;;None;;true;"{""storageType"":""PLANAR"",""recalculateAll"":true}";;499600;0.00093057751655579;;129000000914;true;;;"'129000000913' AND NOT IN_DIMENSION('109000000214')";"'p NUM Контрагенты 1С УХ' AND NOT IN_DIMENSION('s NUM Контрагенты 1С УХ')";
"Фильтр Факт по капитализации";"'p NUM Факт по капитализации' AND NOT IN_DIMENSION('s NUM Факт по капитализации')";"{""dataType"":""BOOLEAN"",""horizontalAlign"":""CENTER"",""verticalAlign"":""CENTER""}";"'p NUM Факт по капитализации' AND NOT IN_DIMENSION('s NUM Факт по капитализации')";;None;;true;"{""storageType"":""PLANAR"",""recalculateAll"":true}";;499600;0.00093057751655579;;129000000941;true;;;"'129000000940' AND NOT IN_DIMENSION('109000000215')";"'p NUM Факт по капитализации' AND NOT IN_DIMENSION('s NUM Факт по капитализации')";
"NUM PL F1 in_d";"IN_DIMENSION('s NUM PL Архив')";"{""dataType"":""BOOLEAN"",""horizontalAlign"":""CENTER"",""verticalAlign"":""CENTER""}";;;None;;true;"{""storageType"":""PLANAR"",""recalculateAll"":true}";;499600;0.00093057751655579;;129000000464;true;;;IN_DIMENSION('109000000067');"IN_DIMENSION('s NUM PL Архив')";
"NUM CF F1 in_d";"IN_DIMENSION('s NUM CF Архив')";"{""dataType"":""BOOLEAN"",""horizontalAlign"":""CENTER"",""verticalAlign"":""CENTER""}";;;None;;true;"{""storageType"":""PLANAR"",""recalculateAll"":true}";;499600;0.00093057751655579;;129000000465;true;;;IN_DIMENSION('109000000068');"IN_DIMENSION('s NUM CF Архив')";
"х p NUM Воронка";;"{""dataType"":""BOOLEAN"",""horizontalAlign"":""CENTER"",""verticalAlign"":""CENTER""}";"'Нумератор' <= MAX('ML Versions'.'sum воронка') + 50";;None;;true;"{""storageType"":""PLANAR"",""recalculateAll"":true}";;499600;0.00093057751655579;;129000000089;true;;;;;
"х Фильтр Воронка";;"{""dataType"":""BOOLEAN"",""horizontalAlign"":""CENTER"",""verticalAlign"":""CENTER""}";"NOT ('p NUM Воронка' AND IN_DIMENSION('s NUM Воронка')) AND 'p NUM Воронка' OR NOT (IN_DIMENSION('s NUM Воронка') AND 'p NUM Воронка') AND IN_DIMENSION('s NUM Воронка')";;None;;true;"{""storageType"":""PLANAR"",""recalculateAll"":true}";;499600;0.00093057751655579;;129000000094;true;;;;;
"NUM разбиение данных";;;;;;;;;;20;3.7252902984619E-8;;101000000070;;;;;;
"Первый элемент";;"{""dataType"":""BOOLEAN"",""horizontalAlign"":""CENTER"",""verticalAlign"":""CENTER""}";;;None;;true;"{""storageType"":""PLANAR"",""recalculateAll"":true}";"'Импорт Расходы ЦСП (корректировки)'.'Первый элемент распределения'";10;1.862645149231E-8;;129000000412;true;;;;;
"p.Есть импорт ЦСП (кор)";"SUM('cs Импорт ЦСП (корректировки)') <> 0";"{""dataType"":""BOOLEAN"",""horizontalAlign"":""CENTER"",""verticalAlign"":""CENTER""}";;;None;;true;"{""storageType"":""PLANAR"",""recalculateAll"":true}";;10;1.862645149231E-8;;129000000986;true;;;sum('114000000038')<>0;"SUM('cs Импорт ЦСП (корректировки)') <> 0";
"NUM Распределение МВЗ";;;;;;;;;;0;0;;101000000154;;;;;;
"NUM1 Импорт";;;;;;;;;;200000;0.0014901161193848;;101000000041;;;;;;
item;"ITEM('NUM1 Импорт')";"{""dataType"":""ENTITY"",""hierarchyEntityLongId"":101000000041,""horizontalAlign"":""LEFT"",""verticalAlign"":""CENTER"",""selectiveAccessApplied"":false,""dependentApplied"":false,""dependentEntityLongId"":null,""dimensionContext"":false}";;;None;;true;"{""storageType"":""PLANAR"",""recalculateAll"":true}";number;100000;0.00074505805969238;;129000000044;true;;;ITEM('101000000041');"ITEM('NUM1 Импорт')";
number;"NUMBER(LOOKUPTEXT(TEXT('item'), 1, 10))";"{""dataType"":""NUMBER"",""minimumSignificantDigits"":-1,""decimalPlaces"":0,""decimalSeparator"":""FULL_STOP"",""groupingSeparator"":""SPACE"",""negativeNumberNotation"":""MINUS_SIGN"",""zeroFormat"":""ZERO"",""unitsType"":""NONE"",""unitsDisplayType"":""NONE"",""currencyCode"":null,""customUnits"":null,""comparisonIncrease"":""GOOD"",""nanApplied"":false,""nanDisplayValue"":""NaN""}";;;None;;true;"{""storageType"":""PLANAR"",""recalculateAll"":true}";;100000;0.00074505805969238;;129000000045;true;;;"NUMBER(LOOKUPTEXT(TEXT('129000000044'), 1, 10))";"NUMBER(LOOKUPTEXT(TEXT('item'), 1, 10))";
"NUM2 Импорт";;;;;;;;;;40000;0.0001862645149231;;101000000042;;;;;;
item;"ITEM('NUM2 Импорт')";"{""dataType"":""ENTITY"",""hierarchyEntityLongId"":101000000042,""horizontalAlign"":""LEFT"",""verticalAlign"":""CENTER"",""selectiveAccessApplied"":false,""dependentApplied"":false,""dependentEntityLongId"":null,""dimensionContext"":false}";;;None;;true;"{""storageType"":""PLANAR"",""recalculateAll"":true}";"'item num'";10000;7.4505805969238E-5;;129000000043;true;;;ITEM('101000000042');"ITEM('NUM2 Импорт')";
"item num";"NUMBER(LOOKUPTEXT(TEXT('item'), 1, 10))";"{""dataType"":""NUMBER"",""minimumSignificantDigits"":-1,""decimalPlaces"":0,""decimalSeparator"":""FULL_STOP"",""groupingSeparator"":""SPACE"",""negativeNumberNotation"":""MINUS_SIGN"",""zeroFormat"":""ZERO"",""unitsType"":""NONE"",""unitsDisplayType"":""NONE"",""currencyCode"":null,""customUnits"":null,""comparisonIncrease"":""GOOD"",""nanApplied"":false,""nanDisplayValue"":""NaN""}";;;None;;true;"{""storageType"":""PLANAR"",""recalculateAll"":true}";"'p.NUM2 Импорт Интеграция'";10000;7.4505805969238E-5;;129000000042;true;;;"NUMBER(LOOKUPTEXT(TEXT('129000000043'), 1, 10))";"NUMBER(LOOKUPTEXT(TEXT('item'), 1, 10))";
"p.NUM2 Импорт Интеграция";"'item num' <= 50";"{""dataType"":""BOOLEAN"",""horizontalAlign"":""CENTER"",""verticalAlign"":""CENTER""}";;;None;;true;"{""storageType"":""PLANAR"",""recalculateAll"":true}";;10000;1.862645149231E-5;;129000000040;true;;;"'129000000042' <= 50";"'item num' <= 50";
"p.NUM2 Импорт Консалтинг";;"{""dataType"":""BOOLEAN"",""horizontalAlign"":""CENTER"",""verticalAlign"":""CENTER""}";;;None;;true;"{""storageType"":""PLANAR"",""recalculateAll"":true}";;10000;1.862645149231E-5;;129000000041;true;;;;;
"L2 ЮЛ";;;;;;;;;;1800;4.1909515857697E-6;;101000000062;;;;;;
"GUID ЗУП";;"{""dataType"":""TEXT"",""textType"":""GENERAL"",""maxLength"":0,""lineBreak"":true,""wordWrap"":false,""ignoreTextIndent"":false,""horizontalAlign"":""LEFT"",""verticalAlign"":""TOP""}";;;None;;true;"{""storageType"":""PLANAR"",""recalculateAll"":true}";;75;0;;129000000314;true;;;;;
Наименование;;"{""dataType"":""TEXT"",""textType"":""GENERAL"",""maxLength"":0,""lineBreak"":true,""wordWrap"":false,""ignoreTextIndent"":false,""horizontalAlign"":""LEFT"",""verticalAlign"":""TOP""}";;;None;;true;"{""storageType"":""PLANAR"",""recalculateAll"":true}";;75;0;;129000000315;true;;;;;
item;"ITEM('L2 ЮЛ')";"{""dataType"":""ENTITY"",""hierarchyEntityLongId"":101000000062,""horizontalAlign"":""LEFT"",""verticalAlign"":""CENTER"",""selectiveAccessApplied"":false,""dependentApplied"":false,""dependentEntityLongId"":null,""dimensionContext"":false}";;;None;;true;"{""storageType"":""PLANAR"",""recalculateAll"":true}";"name, code, 'M99.02 FILTER L2 ЮЛ (в HR и ТД)'.item, 'Расчет налогов (ЮЛ)'.ЮЛ, 'M01.04.41 MAP ЮЛ на версиях и месяцах'.code";75;5.5879354476929E-7;;129000000341;true;;;ITEM('101000000062');"ITEM('L2 ЮЛ')";
БЕ;;"{""dataType"":""ENTITY"",""hierarchyEntityLongId"":101000000005,""horizontalAlign"":""LEFT"",""verticalAlign"":""CENTER"",""selectiveAccessApplied"":false,""dependentApplied"":false,""dependentEntityLongId"":null,""dimensionContext"":false}";PARENT('item');;None;;true;"{""storageType"":""PLANAR"",""recalculateAll"":true}";"'Код БЕ', 'Расчет налогов (ЮЛ)'.'Фильтр выгрузки налог на прибыль', 'Расчет налогов (ЮЛ)'.'Фильтр выгрузки отложенные налоги'";75;5.5879354476929E-7;;129000000316;true;;;;;
Кластер;;"{""dataType"":""ENTITY"",""hierarchyEntityLongId"":101000000059,""horizontalAlign"":""LEFT"",""verticalAlign"":""CENTER"",""selectiveAccessApplied"":false,""dependentApplied"":false,""dependentEntityLongId"":null,""dimensionContext"":false}";PARENT('БЕ');;None;;true;"{""storageType"":""PLANAR"",""recalculateAll"":true}";"'Код Кластера'";75;5.5879354476929E-7;;129000000445;true;;;;;
Группа;;"{""dataType"":""ENTITY"",""hierarchyEntityLongId"":101000000059,""horizontalAlign"":""LEFT"",""verticalAlign"":""CENTER"",""selectiveAccessApplied"":false,""dependentApplied"":false,""dependentEntityLongId"":null,""dimensionContext"":false}";PARENT('Кластер');;None;;true;"{""storageType"":""PLANAR"",""recalculateAll"":true}";'ГК?';75;5.5879354476929E-7;;129000000446;true;;;;;
name;NAME('item');"{""dataType"":""TEXT"",""textType"":""GENERAL"",""maxLength"":0,""lineBreak"":true,""wordWrap"":false,""ignoreTextIndent"":false,""horizontalAlign"":""LEFT"",""verticalAlign"":""TOP""}";;;None;;true;"{""storageType"":""PLANAR"",""recalculateAll"":true}";"'Импорт Расходы по ЦФО OPEX ручной ввод'.'организация текст', 'ML ЮЛ Т1И'.'ЮЛ текст', 'M99.02 FILTER L2 ЮЛ (в HR и ТД)'.name, 'Импорт Расходы по ЦФО OPEX ручной ввод (ЦФО)'.'организация текст', 'M01.04.41 MAP ЮЛ на версиях и месяцах'.item, 'M01.02.15 Выбор ЮЛ для загрузки'.name, 'M01.02.15 Выбор ЮЛ для загрузки'.'name ЮЛ оба домена'";75;0;;129000000362;true;;;NAME('129000000341');NAME('item');
code;CODE('item');"{""dataType"":""TEXT"",""textType"":""GENERAL"",""maxLength"":0,""lineBreak"":true,""wordWrap"":false,""ignoreTextIndent"":false,""horizontalAlign"":""LEFT"",""verticalAlign"":""TOP""}";;;None;;true;"{""storageType"":""PLANAR"",""recalculateAll"":true}";"'M05.02.08 REPORT Детализация PL с версиями'.'ЮЛ ref', 'M99.02 FILTER L2 ЮЛ (в HR и ТД)'.code, 'M01.04.41 MAP ЮЛ на версиях и месяцах'.name";75;0;;129000000435;true;;;CODE('129000000341');CODE('item');
"Код БЕ";"PROPERTY('L BE'.'code', 'БЕ')";"{""dataType"":""TEXT"",""textType"":""GENERAL"",""maxLength"":0,""lineBreak"":true,""wordWrap"":false,""ignoreTextIndent"":false,""horizontalAlign"":""LEFT"",""verticalAlign"":""TOP""}";;;None;;true;"{""storageType"":""PLANAR"",""recalculateAll"":true}";;75;0;;129000000562;true;;;"PROPERTY('129000000563', '129000000316')";"PROPERTY('L BE'.'code', 'БЕ')";
"Код Кластера";"PROPERTY('L0 Кластер'.'code', 'Кластер')";"{""dataType"":""TEXT"",""textType"":""GENERAL"",""maxLength"":0,""lineBreak"":true,""wordWrap"":false,""ignoreTextIndent"":false,""horizontalAlign"":""LEFT"",""verticalAlign"":""TOP""}";;;None;;true;"{""storageType"":""PLANAR"",""recalculateAll"":true}";;75;0;;129000000566;true;;;"PROPERTY('129000000565', '129000000445')";"PROPERTY('L0 Кластер'.'code', 'Кластер')";
"ref для ЦФО";;"{""dataType"":""TEXT"",""textType"":""GENERAL"",""maxLength"":0,""lineBreak"":true,""wordWrap"":false,""ignoreTextIndent"":false,""horizontalAlign"":""LEFT"",""verticalAlign"":""TOP""}";;;None;;true;"{""storageType"":""PLANAR"",""recalculateAll"":true}";;75;0;;129000000564;true;;;;;
"Наименование ЮЛ";;"{""dataType"":""TEXT"",""textType"":""GENERAL"",""maxLength"":0,""lineBreak"":true,""wordWrap"":false,""ignoreTextIndent"":false,""horizontalAlign"":""LEFT"",""verticalAlign"":""TOP""}";;;None;;true;"{""storageType"":""PLANAR"",""recalculateAll"":true}";"'Display name', 'M05.02.08 REPORT Детализация PL с версиями'.ЮЛ, 'M05.03.05 REPORT Детализация CF с версиями'.'Наименование ЮЛ', 'Импорт HR PL'.'Распознавание ЮЛ', 'Импорт HR CF'.'organization_text', 'Импорт HR PL (направления)'.'L2 ЮЛ text', 'M99.03 FILTER L2 ЮЛ'.name, 'M02.01.02 Импорт факта (ручной)'.'ЮЛ распознано'";75;0;;129000000317;true;;;;;
"Display name";"'Наименование ЮЛ'";"{""dataType"":""TEXT"",""textType"":""GENERAL"",""maxLength"":0,""lineBreak"":true,""wordWrap"":false,""ignoreTextIndent"":false,""horizontalAlign"":""LEFT"",""verticalAlign"":""TOP""}";;;None;;true;"{""storageType"":""PLANAR"",""recalculateAll"":true}";"'M02.02.06 IMPORT 1С:УХ ручной слой'.'ЮЛ справочно'";75;0;;129000000318;true;;;'129000000317';"'Наименование ЮЛ'";
Контрагент;;"{""dataType"":""NUMBER"",""minimumSignificantDigits"":-1,""decimalPlaces"":0,""decimalSeparator"":""FULL_STOP"",""groupingSeparator"":""SPACE"",""negativeNumberNotation"":""MINUS_SIGN"",""zeroFormat"":""ZERO"",""unitsType"":""NONE"",""unitsDisplayType"":""NONE"",""currencyCode"":null,""customUnits"":null,""comparisonIncrease"":""GOOD"",""nanApplied"":false,""nanDisplayValue"":""NaN""}";;;None;;true;"{""storageType"":""PLANAR"",""recalculateAll"":true}";;75;5.5879354476929E-7;;129000000333;true;;;;;
ГК/Ассоциат;;"{""dataType"":""TEXT"",""textType"":""GENERAL"",""maxLength"":0,""lineBreak"":true,""wordWrap"":false,""ignoreTextIndent"":false,""horizontalAlign"":""LEFT"",""verticalAlign"":""TOP""}";;;None;;true;"{""storageType"":""PLANAR"",""recalculateAll"":true}";;75;0;;129000000319;true;;;;;
ГК?;"'Группа' = 'L0 Кластер'.'ГК Т1'";"{""dataType"":""BOOLEAN"",""horizontalAlign"":""CENTER"",""verticalAlign"":""CENTER""}";;;None;;true;"{""storageType"":""PLANAR"",""recalculateAll"":true}";;75;1.3969838619232E-7;;129000000447;true;;;"'129000000446' = '101000000059'.'453000000000'";"'Группа' = 'L0 Кластер'.'ГК Т1'";
"Группа ЮЛ";"IN_DIMENSION('s L2 ЮЛ Т1И')";"{""dataType"":""BOOLEAN"",""horizontalAlign"":""CENTER"",""verticalAlign"":""CENTER""}";;;None;;true;"{""storageType"":""PLANAR"",""recalculateAll"":true}";;75;1.3969838619232E-7;;129000000441;true;;;IN_DIMENSION('109000000106');"IN_DIMENSION('s L2 ЮЛ Т1И')";
"ВГО Кластер";;"{""dataType"":""BOOLEAN"",""horizontalAlign"":""CENTER"",""verticalAlign"":""CENTER""}";;;None;;true;"{""storageType"":""PLANAR"",""recalculateAll"":true}";;75;1.3969838619232E-7;;129000000442;true;;;;;
"ВГО ГК";;"{""dataType"":""BOOLEAN"",""horizontalAlign"":""CENTER"",""verticalAlign"":""CENTER""}";;;None;;true;"{""storageType"":""PLANAR"",""recalculateAll"":true}";;75;1.3969838619232E-7;;129000000443;true;;;;;
ЮЛ?;TRUE;"{""dataType"":""BOOLEAN"",""horizontalAlign"":""CENTER"",""verticalAlign"":""CENTER""}";;;None;;true;"{""storageType"":""PLANAR"",""recalculateAll"":true}";;75;1.3969838619232E-7;;129000000594;true;;;TRUE;TRUE;
"Уровень консолидации";;"{""dataType"":""TEXT"",""textType"":""GENERAL"",""maxLength"":0,""lineBreak"":true,""wordWrap"":false,""ignoreTextIndent"":false,""horizontalAlign"":""LEFT"",""verticalAlign"":""TOP""}";;;None;;true;"{""storageType"":""PLANAR"",""recalculateAll"":true}";;75;0;;129000000320;true;;;;;
Домен;;"{""dataType"":""ENTITY"",""hierarchyEntityLongId"":101000000083,""horizontalAlign"":""LEFT"",""verticalAlign"":""CENTER"",""selectiveAccessApplied"":false,""dependentApplied"":false,""dependentEntityLongId"":null,""dimensionContext"":false}";;;None;;true;"{""storageType"":""PLANAR"",""recalculateAll"":true}";"'Домен текст'";75;5.5879354476929E-7;;129000000568;true;;;;;
"Домен текст";TEXT('Домен');"{""dataType"":""TEXT"",""textType"":""GENERAL"",""maxLength"":0,""lineBreak"":true,""wordWrap"":false,""ignoreTextIndent"":false,""horizontalAlign"":""LEFT"",""verticalAlign"":""TOP""}";;;None;;true;"{""storageType"":""PLANAR"",""recalculateAll"":true}";;75;0;;129000000730;true;;;"text( '129000000568' )";TEXT('Домен');
"p L2 ЮЛ ЦК";;"{""dataType"":""BOOLEAN"",""horizontalAlign"":""CENTER"",""verticalAlign"":""CENTER""}";;;None;;true;"{""storageType"":""PLANAR"",""recalculateAll"":true}";;75;1.3969838619232E-7;;129000000758;true;;;;;
"L TEST Налоговый режим";;;;;;;;;;4;0;;101000000090;;;;;;
Расшифровка;;"{""dataType"":""TEXT"",""textType"":""GENERAL"",""maxLength"":0,""lineBreak"":true,""wordWrap"":false,""ignoreTextIndent"":false,""horizontalAlign"":""LEFT"",""verticalAlign"":""TOP""}";;;None;;true;"{""storageType"":""PLANAR"",""recalculateAll"":true}";;4;0;;129000000656;true;;;;;
"1d PL-Направление (Monthly)";;;;;;;;;;864;3.0398368835449E-6;;101000000094;;;;;;
name;;"{""dataType"":""TEXT"",""textType"":""GENERAL"",""maxLength"":0,""lineBreak"":true,""wordWrap"":false,""ignoreTextIndent"":false,""horizontalAlign"":""LEFT"",""verticalAlign"":""TOP""}";;;None;;true;"{""storageType"":""PLANAR"",""recalculateAll"":true}";;96;0;;129000000659;true;;;;;
"Статья PL (ЕКДР)";;"{""dataType"":""ENTITY"",""hierarchyEntityLongId"":101000000034,""horizontalAlign"":""LEFT"",""verticalAlign"":""CENTER"",""selectiveAccessApplied"":false,""dependentApplied"":false,""dependentEntityLongId"":null,""dimensionContext"":false,""filterType"":""NONE""}";;;Input;;true;"{""storageType"":""PLANAR"",""recalculateAll"":true}";"'Статья PL'";96;7.1525573730469E-7;;129000000660;true;;;;;
"Статья PL";"FINDITEM('L PL конс', CODE('Статья PL (ЕКДР)'))";"{""dataType"":""ENTITY"",""hierarchyEntityLongId"":101000000052,""horizontalAlign"":""LEFT"",""verticalAlign"":""CENTER"",""selectiveAccessApplied"":false,""dependentApplied"":false,""dependentEntityLongId"":null,""dimensionContext"":false,""filterType"":""NONE""}";;;None;;true;"{""storageType"":""PLANAR"",""recalculateAll"":true}";;96;7.1525573730469E-7;;129000000700;true;;;"FINDITEM('101000000052', CODE('129000000660'))";"FINDITEM('L PL конс', CODE('Статья PL (ЕКДР)'))";
"L Направление";;"{""dataType"":""ENTITY"",""hierarchyEntityLongId"":101000000084,""horizontalAlign"":""LEFT"",""verticalAlign"":""CENTER"",""selectiveAccessApplied"":false,""dependentApplied"":false,""dependentEntityLongId"":null,""dimensionContext"":false,""filterType"":""NONE""}";;;Input;;true;"{""storageType"":""PLANAR"",""recalculateAll"":true}";;96;7.1525573730469E-7;;129000000661;true;;;;;
Проценты?;;"{""dataType"":""BOOLEAN"",""horizontalAlign"":""CENTER"",""verticalAlign"":""CENTER""}";;;Input;;true;"{""storageType"":""PLANAR"",""recalculateAll"":true}";;96;1.7881393432617E-7;;129000000664;true;;;;;
Маржинальность;;"{""dataType"":""BOOLEAN"",""horizontalAlign"":""CENTER"",""verticalAlign"":""CENTER""}";;;None;;true;"{""storageType"":""PLANAR"",""recalculateAll"":true}";;96;1.7881393432617E-7;;129000000665;true;;;;;
"По формуле";;"{""dataType"":""BOOLEAN"",""horizontalAlign"":""CENTER"",""verticalAlign"":""CENTER""}";;;Input;;true;"{""storageType"":""PLANAR"",""recalculateAll"":true}";;96;1.7881393432617E-7;;129000000666;true;;;;;
"Ручной ввод?";;"{""dataType"":""BOOLEAN"",""horizontalAlign"":""CENTER"",""verticalAlign"":""CENTER""}";;;None;;true;"{""storageType"":""PLANAR"",""recalculateAll"":true}";;96;1.7881393432617E-7;;129000000667;true;;;;;
Нормализация?;;"{""dataType"":""BOOLEAN"",""horizontalAlign"":""CENTER"",""verticalAlign"":""CENTER""}";;;None;;true;"{""storageType"":""PLANAR"",""recalculateAll"":true}";;96;1.7881393432617E-7;;129000000668;true;;;;;
"N Drill PL";;;;;;;;;;0;0;;101000000095;;;;;;
"Уровни консолидации";;;;;;;;;;0;0;;101000000096;;;;;;
"L Долговой портфель";;;;;;;;;;0;0;;101000000099;;;;;;
"L Стадия исполнения";;;;;;;;;;0;0;;101000000122;;;;;;
"L Типы проектов";;;;;;;;;;282;0;;101000000115;;;;;;
"Display name";;"{""dataType"":""TEXT"",""textType"":""GENERAL"",""maxLength"":0,""lineBreak"":true,""wordWrap"":false,""ignoreTextIndent"":false,""horizontalAlign"":""LEFT"",""verticalAlign"":""TOP""}";;;Input;;true;"{""storageType"":""PLANAR"",""recalculateAll"":true}";;94;0;;129000000770;true;;;;;
project_view_key;;"{""dataType"":""TEXT"",""textType"":""GENERAL"",""maxLength"":0,""lineBreak"":true,""wordWrap"":false,""ignoreTextIndent"":false,""horizontalAlign"":""LEFT"",""verticalAlign"":""TOP""}";;;Input;;true;"{""storageType"":""PLANAR"",""recalculateAll"":true}";;94;0;;129000000768;true;;;;;
parent_key;;"{""dataType"":""TEXT"",""textType"":""GENERAL"",""maxLength"":0,""lineBreak"":true,""wordWrap"":false,""ignoreTextIndent"":false,""horizontalAlign"":""LEFT"",""verticalAlign"":""TOP""}";;;Input;;true;"{""storageType"":""PLANAR"",""recalculateAll"":true}";;94;0;;129000000769;true;;;;;
"L Продукты";;;;;;;;;;1731;0;;101000000112;;;;;;
"Display name";;"{""dataType"":""TEXT"",""textType"":""GENERAL"",""maxLength"":0,""lineBreak"":true,""wordWrap"":false,""ignoreTextIndent"":false,""horizontalAlign"":""LEFT"",""verticalAlign"":""TOP""}";;;None;;true;"{""storageType"":""PLANAR"",""recalculateAll"":true}";"'M05.02.08 REPORT Детализация PL с версиями'.'сделка_custom', 'Импорт LAM_данные CRM по БЕ'.'ID Сделки Custom'";1731;0;;129000000761;true;;;;;
"L Продукты 1С";;;;;;;;;;0;0;;101000000113;;;;;;
"L Суперпродукты";;;;;;;;;;0;0;;101000000114;;;;;;
"L BE tech";;;;;;;;;;34;1.2665987014771E-7;;101000000117;;;;;;
"Display Name";;"{""dataType"":""TEXT"",""textType"":""GENERAL"",""maxLength"":0,""lineBreak"":true,""wordWrap"":false,""ignoreTextIndent"":false,""horizontalAlign"":""LEFT"",""verticalAlign"":""TOP""}";;;None;;true;"{""storageType"":""PLANAR"",""recalculateAll"":true}";;17;0;;129000000778;true;;;;;
"L BE";;"{""dataType"":""ENTITY"",""hierarchyEntityLongId"":101000000005,""horizontalAlign"":""LEFT"",""verticalAlign"":""CENTER"",""selectiveAccessApplied"":false,""dependentApplied"":false,""dependentEntityLongId"":null,""dimensionContext"":false,""filterType"":""NONE""}";;;None;;true;"{""storageType"":""PLANAR"",""recalculateAll"":true}";"'Импорт Расходы по ЦФО OPEX ручной ввод'.БЕ, 'Импорт Расходы по ЦФО OPEX ручной ввод'.'Неверное соответствие Домен БЕ Контрагент?', 'Ввод Capex (проекты)'.'Неверное соответствие Домен БЕ Контрагент?', 'Расходы по ЦФО OPEX CF ручной ввод'.'Группа ЮЛ?', 'M03.01.05 Ручной ввод Расходы и Доходы (расчет)'.'Группа ЮЛ?', 'Импорт Расходы по ЦФО OPEX ручной ввод (субаренда)'.'Неверное соответствие Домен БЕ Контрагент?', 'Расходы по ЦФО OPEX (выборка) PL ручной ввод (субаренда)'.'Группа ЮЛ?', 'Импорт Расходы по ЦФО OPEX ручной ввод (Проекты)'.'Неверное соответствие Домен БЕ Контрагент?', 'Расходы по ЦФО OPEX ручной ввод (Проекты)'.'Группа ЮЛ?', 'Импорт Расходы по ЦФО OPEX ручной ввод (ЦФО)'.'Неверное соответствие Домен БЕ Контрагент?', 'M03.01.06 Ручной ввод Расходы по ЦФО OPEX (расчет)'.'Группа ЮЛ?', 'Ввод Capex (проекты) расчет'.'Группа ЮЛ?', 'xx M02.02.07 IMPORT План расходов ТД CRM и EG'.'БЕ от контрагента распознано', 'M02.02.06 IMPORT 1С:УХ ручной слой'.'хх БЕ от контрагента распознано', 'M02.02.02 IMPORT CRM все направления, кроме ВГО, ручной слой'.'хх БЕ от контрагента распознано', 'M03.01.01 Свод по выручке'.'БЕ от контрагента распознано', 'M03.01.01 Свод по выручке'.'Группа ЮЛ?', 'M02.02.04 IMPORT CRM ВГО ручной слой'.'хх БЕ от контрагента распознано', 'M02.02.11 IMPORT План расходов ТД CRM и EG'.'Группа ЮЛ?', 'M02.02.11 IMPORT План расходов ТД CRM и EG'.'БЕ от контрагента распознано', 'M02.02.14 IMPORT План расходов ТД 1С:УХ'.'Группа ЮЛ?', 'M03.01.01c Свод по выручке (на месяцах)'.'Группа ЮЛ?', 'M03.01.12 Распределение выручки и себестоимости по МВЗ (на месяцах)'.'Группа ЮЛ?'";17;1.2665987014771E-7;;129000000780;true;;;;;
"L ExtraGap_LAM";;;;;;;;;;0;0;;101000000118;;;;;;
"L Источники данных tech";;;;;;;;;;0;0;;101000000119;;;;;;
"L Ресурс";;;;;;;;;;0;0;;101000000125;;;;;;
"L Платежи по закупкам";;;;;;;;;;6;4.4703483581543E-8;;101000000126;;;;;;
Процент;;"{""dataType"":""NUMBER"",""minimumSignificantDigits"":-1,""decimalPlaces"":-1,""decimalSeparator"":""FULL_STOP"",""groupingSeparator"":""SPACE"",""negativeNumberNotation"":""MINUS_SIGN"",""zeroFormat"":""ZERO"",""unitsType"":""PERCENTAGE"",""unitsDisplayType"":""PERCENTAGE_SUFFIX"",""currencyCode"":null,""customUnits"":null,""comparisonIncrease"":""GOOD"",""nanApplied"":false,""nanDisplayValue"":""NaN"",""hasRounding"":true,""maximumSignificantAllDigits"":-1,""maximumSignificantIntegerDigits"":-1,""maximumSignificantDecimalDigits"":-1,""horizontalAlign"":""RIGHT"",""verticalAlign"":""CENTER"",""inputFormatSettingApplied"":false,""sendFormatSettingApplied"":false,""insignificantIntegerRanks"":-1,""significantDecimalRanks"":0,""displayPercentagesInShares"":false,""inputPercentagesInShares"":false,""savingFormatSettingApplied"":false,""savingFormatSettings"":{""decimalPlaces"":15}}";;;Sum;;true;"{""storageType"":""PLANAR"",""recalculateAll"":true}";"'M03.01.08 График платежей по закупкам'.Процент";3;2.2351741790771E-8;;129000000822;true;;;;;
"Отсрочка, мес.";;"{""dataType"":""NUMBER"",""minimumSignificantDigits"":-1,""decimalPlaces"":-1,""decimalSeparator"":""FULL_STOP"",""groupingSeparator"":""SPACE"",""negativeNumberNotation"":""MINUS_SIGN"",""zeroFormat"":""ZERO"",""unitsType"":""NONE"",""unitsDisplayType"":""NONE"",""currencyCode"":null,""customUnits"":null,""comparisonIncrease"":""GOOD"",""nanApplied"":false,""nanDisplayValue"":""NaN"",""hasRounding"":true,""maximumSignificantAllDigits"":-1,""maximumSignificantIntegerDigits"":-1,""maximumSignificantDecimalDigits"":-1,""horizontalAlign"":""RIGHT"",""verticalAlign"":""CENTER"",""inputFormatSettingApplied"":false,""sendFormatSettingApplied"":false,""insignificantIntegerRanks"":-1,""significantDecimalRanks"":0,""savingFormatSettingApplied"":false,""savingFormatSettings"":{""decimalPlaces"":15}}";;;Sum;;true;"{""storageType"":""PLANAR"",""recalculateAll"":true}";"'M03.01.08 График платежей по закупкам'.'Отсрочка, мес.'";3;2.2351741790771E-8;;129000000823;true;;;;;
"L Услуги Мультикарты";;;АК;;;;;;;0;0;;101000000129;;;;;;
"L Пакеты";;;;;;;;;;74;3.4458935260773E-7;;101000000127;;;;;;
"pL Услуга";"IF LENGTH(SUBSTITUTE(TEXT(ITEM('L Пакеты')), ""(\D[A-ZА-Я])[:]\D*"", ""$1"")) <= 3 THEN FINDBYCODE('L Услуги Мультикарты', SUBSTITUTE(TEXT(ITEM('L Пакеты')), ""(\D[A-ZА-Я])[:]\D*"", ""$1"")) ELSE IF FINDBYNAME('L Услуги Мультикарты', TEXT(ITEM('L Пакеты'))) <> """" THEN FINDBYNAME('L Услуги Мультикарты', TEXT(ITEM('L Пакеты'))) ELSE 'L Услуги Мультикарты'.'Прочее'";"{""dataType"":""ENTITY"",""hierarchyEntityLongId"":101000000129,""horizontalAlign"":""LEFT"",""verticalAlign"":""CENTER"",""selectiveAccessApplied"":false,""dependentApplied"":false,""dependentEntityLongId"":null,""dimensionContext"":false,""filterType"":""NONE""}";;;None;;true;"{""storageType"":""PLANAR"",""recalculateAll"":true}";"'M03.02.03a Планируемый объем выручки. Аналитики'.Услуга";37;2.7567148208618E-7;;129000000826;true;;;"IF LENGTH(SUBSTITUTE(TEXT(ITEM('101000000127')), ""(\D[A-ZА-Я])[:]\D*"", ""$1"")) <= 3 THEN FINDBYCODE('101000000129', SUBSTITUTE(TEXT(ITEM('101000000127')), ""(\D[A-ZА-Я])[:]\D*"", ""$1"")) ELSE IF FINDBYNAME('101000000129', TEXT(ITEM('101000000127')))<>"""" THEN FINDBYNAME('101000000129', TEXT(ITEM('101000000127'))) ELSE '101000000129'.'1115000000007'";"IF LENGTH(SUBSTITUTE(TEXT(ITEM('L Пакеты')), ""(\D[A-ZА-Я])[:]\D*"", ""$1"")) <= 3 THEN FINDBYCODE('L Услуги Мультикарты', SUBSTITUTE(TEXT(ITEM('L Пакеты')), ""(\D[A-ZА-Я])[:]\D*"", ""$1"")) ELSE IF FINDBYNAME('L Услуги Мультикарты', TEXT(ITEM('L Пакеты'))) <> """" THEN FINDBYNAME('L Услуги Мультикарты', TEXT(ITEM('L Пакеты'))) ELSE 'L Услуги Мультикарты'.'Прочее'";
"pL ПСР";"LOOKUPTEXT(TEXT(ITEM('L Пакеты')), FINDTEXT("":"", TEXT(ITEM('L Пакеты'))) + 1, LENGTH(TEXT(ITEM('L Пакеты')))) = 'M01.02.23 Настройки для Мультикарты'.'ПСР'";"{""dataType"":""BOOLEAN"",""horizontalAlign"":""CENTER"",""verticalAlign"":""CENTER""}";"LOOKUPTEXT(TEXT(ITEM('L Пакеты')), FINDTEXT("":"", TEXT(ITEM('L Пакеты'))) + 1, LENGTH(TEXT(ITEM('L Пакеты'))))";;None;;true;"{""storageType"":""PLANAR"",""recalculateAll"":true}";"'M02.04.02 Импорт выручки из Биллинга, ручной слой'.'Не ПСР'";37;6.8917870521545E-8;;129000000895;true;;;"LOOKUPTEXT(TEXT(ITEM('101000000127')), FINDTEXT("":"", TEXT(ITEM('101000000127'))) + 1, LENGTH(TEXT(ITEM('101000000127')))) = '1158000017167'";"LOOKUPTEXT(TEXT(ITEM('L Пакеты')), FINDTEXT("":"", TEXT(ITEM('L Пакеты'))) + 1, LENGTH(TEXT(ITEM('L Пакеты')))) = 'M01.02.23 Настройки для Мультикарты'.'ПСР'";
"L Проекты Мультикарты";;;;;;;;;;11;8.1956386566162E-8;;101000000128;;;;;;
"pL Направление";;"{""dataType"":""ENTITY"",""hierarchyEntityLongId"":101000000084,""horizontalAlign"":""LEFT"",""verticalAlign"":""CENTER"",""selectiveAccessApplied"":false,""dependentApplied"":false,""dependentEntityLongId"":null,""dimensionContext"":false,""filterType"":""NONE""}";;;None;;true;"{""storageType"":""PLANAR"",""recalculateAll"":true}";"'M03.01.15 MC. Перераспределение расходов по ЦФО OPEX'.Направление, 'M03.02.04 Перераспределение HR PL Мультикарты'.Направление, 'M03.01.15 MC. Перераспределение расходов по ЦФО OPEX test'.Направление";11;8.1956386566162E-8;;129000000827;true;;;;;
"L НМА";;;;;;;;;;2140;1.5944242477417E-5;;101000000135;;;;;;
ЦК;;"{""dataType"":""ENTITY"",""hierarchyEntityLongId"":101000000061,""horizontalAlign"":""LEFT"",""verticalAlign"":""CENTER"",""selectiveAccessApplied"":false,""dependentApplied"":false,""dependentEntityLongId"":null,""dimensionContext"":false,""filterType"":""NONE""}";;;None;;true;"{""storageType"":""PLANAR"",""recalculateAll"":true}";"'Капитализация НМА'.ЦК";1070;7.9721212387085E-6;;129000000893;true;;;;;
БЕ;;"{""dataType"":""ENTITY"",""hierarchyEntityLongId"":101000000005,""horizontalAlign"":""LEFT"",""verticalAlign"":""CENTER"",""selectiveAccessApplied"":false,""dependentApplied"":false,""dependentEntityLongId"":null,""dimensionContext"":false,""filterType"":""NONE""}";;;None;;true;"{""storageType"":""PLANAR"",""recalculateAll"":true}";;1070;7.9721212387085E-6;;129000000894;true;;;;;
"L ЦОД";;;АП;;;;;;;11;8.1956386566162E-8;;101000000138;;;;;;
Договор;;"{""dataType"":""NUMBER"",""minimumSignificantDigits"":-1,""decimalPlaces"":-1,""decimalSeparator"":""FULL_STOP"",""groupingSeparator"":""SPACE"",""negativeNumberNotation"":""MINUS_SIGN"",""zeroFormat"":""ZERO"",""unitsType"":""NONE"",""unitsDisplayType"":""NONE"",""currencyCode"":null,""customUnits"":null,""comparisonIncrease"":""GOOD"",""nanApplied"":false,""nanDisplayValue"":""NaN"",""hasRounding"":true,""maximumSignificantAllDigits"":-1,""maximumSignificantIntegerDigits"":-1,""maximumSignificantDecimalDigits"":-1,""horizontalAlign"":""RIGHT"",""verticalAlign"":""CENTER"",""inputFormatSettingApplied"":false,""sendFormatSettingApplied"":false,""insignificantIntegerRanks"":-1,""significantDecimalRanks"":0,""savingFormatSettingApplied"":false,""savingFormatSettings"":{""decimalPlaces"":15}}";;;Sum;;true;"{""storageType"":""PLANAR"",""recalculateAll"":true}";;11;8.1956386566162E-8;;129000000897;true;;;;;
"L Назначения для тех. блок клауд";;;АП;;;;;;;0;0;;101000000139;;;;;;
"L Источники сделки из бд";;;;;;;;;;0;0;;101000000140;;;;;;
"L Ключ_Бизнес категория_БЕ Код";;;"МА создан для определения БК для 1С УХ, по БЕ Код";;;;;;;52;3.8743019104004E-7;;101000000141;;;;;;
"L БизКат";"FINDITEM('L БизКат', TEXTSUM('M01.04.44 Мэппинг для определения БК для проектов 1С:УХ БЕ код'.'Бизнес категория CRM_text', 'M01.04.44 Мэппинг для определения БК для проектов 1С:УХ БЕ код'.'Ключ_справочник'))";"{""dataType"":""ENTITY"",""hierarchyEntityLongId"":101000000021,""horizontalAlign"":""LEFT"",""verticalAlign"":""CENTER"",""selectiveAccessApplied"":false,""dependentApplied"":false,""dependentEntityLongId"":null,""dimensionContext"":false,""filterType"":""NONE""}";;;None;;true;"{""storageType"":""PLANAR"",""recalculateAll"":true}";"'M02.02.06 IMPORT 1С:УХ ручной слой'.'БизКат распознано'";52;3.8743019104004E-7;;129000000882;true;;;"FINDITEM( '101000000021' ,  TEXTSUM( '1182000016686' , '1182000016684' ) )";"FINDITEM('L БизКат', TEXTSUM('M01.04.44 Мэппинг для определения БК для проектов 1С:УХ БЕ код'.'Бизнес категория CRM_text', 'M01.04.44 Мэппинг для определения БК для проектов 1С:УХ БЕ код'.'Ключ_справочник'))";
"L Ключ_Бизнес категория";;;"МА создан для определения БК для 1С УХ";;;;;;;69;5.1409006118774E-7;;101000000142;;;;;;
"L Бизнес категория";"FINDITEM('L БизКат', TEXTSUM('M01.04.43 Мэппинг для определения БК для проектов 1С:УХ'.'Бизнес категория CRM_text', 'M01.04.43 Мэппинг для определения БК для проектов 1С:УХ'.'Ключ_справочник'))";"{""dataType"":""ENTITY"",""hierarchyEntityLongId"":101000000021,""horizontalAlign"":""LEFT"",""verticalAlign"":""CENTER"",""selectiveAccessApplied"":false,""dependentApplied"":false,""dependentEntityLongId"":null,""dimensionContext"":false,""filterType"":""NONE""}";;;None;;true;"{""storageType"":""PLANAR"",""recalculateAll"":true}";"'M02.02.06 IMPORT 1С:УХ ручной слой'.'БизКат распознано'";69;5.1409006118774E-7;;129000000883;true;;;"FINDITEM( '101000000021' ,  TEXTSUM(  '1187000016695'  ,  '1187000016692'  ) )";"FINDITEM('L БизКат', TEXTSUM('M01.04.43 Мэппинг для определения БК для проектов 1С:УХ'.'Бизнес категория CRM_text', 'M01.04.43 Мэппинг для определения БК для проектов 1С:УХ'.'Ключ_справочник'))";
"L действует/ не действует";;;АП;;;;;;;0;0;;101000000143;;;;;;
"L разовый/периодический";;;АП;;;;;;;0;0;;101000000144;;;;;;
"L Расчет неутиля";;;ДИ;;;;;;;68;2.2165477275848E-7;;101000000145;;;;;;
Conrol;;"{""dataType"":""BOOLEAN"",""horizontalAlign"":""CENTER"",""verticalAlign"":""CENTER""}";;;None;;true;"{""storageType"":""PLANAR"",""recalculateAll"":true}";"'Аллокация МВЗ по ЮЛ'.Данные";17;3.1664967536926E-8;;129000000889;true;;;;;
Знак;;"{""dataType"":""NUMBER"",""minimumSignificantDigits"":-1,""decimalPlaces"":-1,""decimalSeparator"":""FULL_STOP"",""groupingSeparator"":""SPACE"",""negativeNumberNotation"":""MINUS_SIGN"",""zeroFormat"":""ZERO"",""unitsType"":""NONE"",""unitsDisplayType"":""NONE"",""currencyCode"":null,""customUnits"":null,""comparisonIncrease"":""GOOD"",""nanApplied"":false,""nanDisplayValue"":""NaN"",""hasRounding"":true,""maximumSignificantAllDigits"":-1,""maximumSignificantIntegerDigits"":-1,""maximumSignificantDecimalDigits"":-1,""horizontalAlign"":""RIGHT"",""verticalAlign"":""CENTER"",""inputFormatSettingApplied"":false,""sendFormatSettingApplied"":false,""insignificantIntegerRanks"":-1,""significantDecimalRanks"":0,""savingFormatSettingApplied"":false,""savingFormatSettings"":{""decimalPlaces"":15}}";;;Sum;;true;"{""storageType"":""PLANAR"",""recalculateAll"":true}";"'Аллокация МВЗ по ЮЛ'.Данные, 'Аллокация МВЗ по ЮЛ'.'Исходные данные'";17;1.2665987014771E-7;;129000000890;true;;;;;
"Проверка сходимости с HR данными";;"{""dataType"":""BOOLEAN"",""horizontalAlign"":""CENTER"",""verticalAlign"":""CENTER""}";;;None;;true;"{""storageType"":""PLANAR"",""recalculateAll"":true}";;17;3.1664967536926E-8;;129000000891;true;;;;;
"Проверка сходимости c прочими HR";;"{""dataType"":""BOOLEAN"",""horizontalAlign"":""CENTER"",""verticalAlign"":""CENTER""}";;;None;;true;"{""storageType"":""PLANAR"",""recalculateAll"":true}";"'Аллокация МВЗ по ЮЛ. Расчет'.Данные";17;3.1664967536926E-8;;129000000892;true;;;;;
"L Период начисления начало";;;АП;;;;;;;0;0;;101000000146;;;;;;
"L Базы распределения";;;;;;;;;;4;7.4505805969238E-9;;101000000147;;;;;;
Экспертный;;"{""dataType"":""BOOLEAN"",""horizontalAlign"":""CENTER"",""verticalAlign"":""CENTER""}";;;None;;true;"{""storageType"":""PLANAR"",""recalculateAll"":true}";"'M03.03.02 База распределения'.'Доля, %'";4;7.4505805969238E-9;;129000000896;true;;;;;
"L Тип МВЗ";;;"КИМ del сам";;;;;;;0;0;;101000000151;;;;;;
"L Тип показателя";;;"КИМ del сам";;;;;;;0;0;;101000000152;;;;;;
"L Признак";;;"КИМ del сам";;;;;;;0;0;;101000000153;;;;;;
